"review_order","document_id","source_url","source_name","author_name","author_handle","title","excerpt","published_at","country","platform","theme_ids_silver","silver_source_group","silver_author_identity","silver_communication_intent","silver_publication_archetype","silver_evidence_class","silver_commercial_intent","silver_is_promotional","silver_relevance","ai_review_source_group","ai_review_author_identity","ai_review_communication_intent","ai_review_publication_archetype","ai_review_evidence_class","ai_review_commercial_intent","ai_review_is_promotional","ai_review_relevance","ai_review_disposition","ai_review_confidence","ai_review_reason","review_version","human_author_identity_gold","human_communication_intent_gold","human_publication_archetype_gold","human_evidence_class_gold","human_commercial_intent_gold","human_is_promotional_gold","human_medical_aesthetics_relevance_gold","reviewer_confidence","reviewer_id","adjudication_status","notes"
"1","""""""1768413542000_1c4O5vxu0wKz4WHIPvBwATKagA8A""""""","https://twitter.com/arinastsya/statuses/2011498304182550955","Twitter","RAN","@arinastsya","","@azmiavan: My skin booster Nucleofil treatment, retinol serum, moisturizer, sunscreen, monthly facial treatment be like: 🙂 https://t.co/NYSnk9nBBU ; @Fearman86938 @KSubktkn Minum air putih cukup, hindari gorengan, kurangi konsumsi gula. Percuma di kasih skin care makan masih ' '","2026-01-14T12:59","","social network","skin_quality_over_volume","other","unknown","unknown","social_quote","unknown","none","no","theme_supported","other","community_member","community_discussion","social_quote","community_conversation","none","no","theme_supported","proposed_correction","medium","The record is a repost, quote, or reply and should be labeled by the posting account. | The posting account must not inherit the identity of embedded content.","medical_aesthetics_ai_review_v1","","","","","","","","","","ai_reviewed_pending_human",""
"2","""""""1768828492000_HFTUAwwIsjH6wAcLmE0XyCIJu6sA""""""","https://twitter.com/uglowgirls/statuses/2013238731386339464","Twitter","yooaremyboo💫","@uglowgirls","","วัย ขวดนี้เป็นเหมือน Serum เพาะเลี้ยงผิว เติมพลังให้ผิวในอัตราส่วนที่พอเหมาะ ให้ผิวทำงานได้ดีที่สุดตามวัย ตอบโจทย์ Skin Longevity Postbiotic : Bifida Ferment Lysate + Saccharomyces Cerevisiae Extract + Sphingomonas Ferment Extract ได้ผิวแข็งแรง + กระจ่างใส ผลัดผิว, ลดรอย : HEPES,","2026-01-19T08:14","","social network","","other","unknown","unknown","social_repost","unknown","none","no","profile_supported_needs_review","other","community_member","community_discussion","social_repost","community_conversation","none","no","profile_supported_needs_review","proposed_correction","medium","The record is a repost, quote, or reply and should be labeled by the posting account. | The posting account must not inherit the identity of embedded content.","medical_aesthetics_ai_review_v1","","","","","","","","","","ai_reviewed_pending_human",""
"3","""""""1768829043000_LPZ7uDncWRQwrtipIh1ku9Wf3QkA""""""","https://twitter.com/dnflwlswndi_/statuses/2013241041273643346","Twitter","The Empress✨🏹","@dnflwlswndi_","","วัย ขวดนี้เป็นเหมือน Serum เพาะเลี้ยงผิว เติมพลังให้ผิวในอัตราส่วนที่พอเหมาะ ให้ผิวทำงานได้ดีที่สุดตามวัย ตอบโจทย์ Skin Longevity Postbiotic : Bifida Ferment Lysate + Saccharomyces Cerevisiae Extract + Sphingomonas Ferment Extract ได้ผิวแข็งแรง + กระจ่างใส ผลัดผิว, ลดรอย : HEPES,","2026-01-19T08:24","Thailand","social network","","other","unknown","unknown","social_repost","unknown","none","no","profile_supported_needs_review","other","community_member","community_discussion","social_repost","community_conversation","none","no","profile_supported_needs_review","proposed_correction","medium","The record is a repost, quote, or reply and should be labeled by the posting account. | The posting account must not inherit the identity of embedded content.","medical_aesthetics_ai_review_v1","","","","","","","","","","ai_reviewed_pending_human",""
"4","""""""1768840798000_xB8606O4YUtQeE8s-kKUXXOeE_EA""""""","https://twitter.com/ssoo666_so/statuses/2013290346000560589","Twitter","最高の時間でした。👾🤖","@ssoo666_so","","วัย ขวดนี้เป็นเหมือน Serum เพาะเลี้ยงผิว เติมพลังให้ผิวในอัตราส่วนที่พอเหมาะ ให้ผิวทำงานได้ดีที่สุดตามวัย ตอบโจทย์ Skin Longevity Postbiotic : Bifida Ferment Lysate + Saccharomyces Cerevisiae Extract + Sphingomonas Ferment Extract ได้ผิวแข็งแรง + กระจ่างใส ผลัดผิว, ลดรอย : HEPES,","2026-01-19T11:39","","social network","","other","unknown","unknown","social_repost","unknown","none","no","profile_supported_needs_review","other","community_member","community_discussion","social_repost","community_conversation","none","no","profile_supported_needs_review","proposed_correction","medium","The record is a repost, quote, or reply and should be labeled by the posting account. | The posting account must not inherit the identity of embedded content.","medical_aesthetics_ai_review_v1","","","","","","","","","","ai_reviewed_pending_human",""
"5","""""""1768845016000_wBb__0oB4kij5rLsVRuErShIDgAA""""""","https://twitter.com/AUMonium/statuses/2013308038078439743","Twitter","อ้ำอกอ้ำใจ","@aumonium","","วัย ขวดนี้เป็นเหมือน Serum เพาะเลี้ยงผิว เติมพลังให้ผิวในอัตราส่วนที่พอเหมาะ ให้ผิวทำงานได้ดีที่สุดตามวัย ตอบโจทย์ Skin Longevity Postbiotic : Bifida Ferment Lysate + Saccharomyces Cerevisiae Extract + Sphingomonas Ferment Extract ได้ผิวแข็งแรง + กระจ่างใส ผลัดผิว, ลดรอย : HEPES,","2026-01-19T12:50","Thailand","social network","","other","unknown","unknown","social_quote","unknown","none","no","profile_supported_needs_review","other","community_member","community_discussion","social_quote","community_conversation","none","no","profile_supported_needs_review","proposed_correction","medium","The record is a repost, quote, or reply and should be labeled by the posting account. | The posting account must not inherit the identity of embedded content.","medical_aesthetics_ai_review_v1","","","","","","","","","","ai_reviewed_pending_human",""
"6","""""""1768871934000_vAaT-NdXBv-qg4qbM4q6kLCtqk4A""""""","https://twitter.com/haveawnderful4/statuses/2013420939254300771","Twitter","Have a wonderfulday","@haveawnderful4","","วัย ขวดนี้เป็นเหมือน Serum เพาะเลี้ยงผิว เติมพลังให้ผิวในอัตราส่วนที่พอเหมาะ ให้ผิวทำงานได้ดีที่สุดตามวัย ตอบโจทย์ Skin Longevity Postbiotic : Bifida Ferment Lysate + Saccharomyces Cerevisiae Extract + Sphingomonas Ferment Extract ได้ผิวแข็งแรง + กระจ่างใส ผลัดผิว, ลดรอย : HEPES,","2026-01-19T20:18","","social network","","other","unknown","unknown","social_repost","unknown","none","no","profile_supported_needs_review","other","community_member","community_discussion","social_repost","community_conversation","none","no","profile_supported_needs_review","proposed_correction","medium","The record is a repost, quote, or reply and should be labeled by the posting account. | The posting account must not inherit the identity of embedded content.","medical_aesthetics_ai_review_v1","","","","","","","","","","ai_reviewed_pending_human",""
"7","""""""1769316694000_0AIDiSAX7B4u-lJ98jCY0b3rErYA""""""","https://twitter.com/krishworlds/statuses/2015286401525510282","Twitter","B G KRISHNA","@krishworlds","","RT @CNNnews18: Skin Boosters Vs Facials: Which One Gives Long-Lasting Results? #Skincare #Lifestyle https://t.co/IX20hOo7da","2026-01-24T23:51","","social network","skin_quality_over_volume","other","unknown","unknown","social_repost","unknown","none","no","theme_supported","other","community_member","community_discussion","social_repost","community_conversation","none","no","theme_supported","proposed_correction","medium","The record is a repost, quote, or reply and should be labeled by the posting account. | The posting account must not inherit the identity of embedded content.","medical_aesthetics_ai_review_v1","","","","","","","","","","ai_reviewed_pending_human",""
"8","""""""1771567499000_SILhgi2mir-PVkOg_VKc-2OZP0MA""""""","https://twitter.com/grok/statuses/2024726958370660808","Twitter","Grok","@grok","","These facial injections (human collagen, salmon sperm polynucleotides, stem cells) may boost collagen production, improve hydration, elasticity, and texture, reduce wrinkles, and aid skin regeneration. Results vary; potential risks include redness, swelling, or rare allergies.","2026-02-20T01:04","","social network","skin_quality_over_volume|collagen_biostimulation|regenerative_biology","other","unknown","unknown","social_reply","unknown","none","no","theme_supported","other","community_member","community_discussion","social_reply","community_conversation","none","no","theme_supported","proposed_correction","medium","The record is a repost, quote, or reply and should be labeled by the posting account. | The posting account must not inherit the identity of embedded content.","medical_aesthetics_ai_review_v1","","","","","","","","","","ai_reviewed_pending_human",""
"9","""""""1771817565000_F3gAYuaTgAsh3Fl3N_lJYNRK2QwA""""""","https://twitter.com/JSuranya/statuses/2025775812042170758","Twitter","Süränyä_ J","@jsuranya","","#SKINTIFICTH #SKTTH #SKINTIFICPDRN #มอยส์ผิวเบบี้ #SKINTIFICXFOURT #Fourthnattawat #โฟร์ทณัฐวรรธน์ 💖 SKINTIFIC PDRN — The Most Innovative Moisturizer with Clinical Results 🔬✨ SKINTIFIC PDRN Bright & Smooth Moisture Gel ที่สุดของมอยเจอร์ไรเซอร์จาก SKINTIFIC ที่ผ่านการทดสอบแล้ว","2026-02-22T22:32","","social network","regenerative_biology","provider_hcp","provider","unknown","social_repost","provider_conversation","none","no","theme_supported","other","community_member","community_discussion","social_repost","community_conversation","none","no","theme_supported","proposed_correction","medium","The record is a repost, quote, or reply and should be labeled by the posting account. | The posting account must not inherit the identity of embedded content.","medical_aesthetics_ai_review_v1","","","","","","","","","","ai_reviewed_pending_human",""
"10","""""""1771820752000_MFz10ppfxsKPBURI9wGifg9q55wA""""""","https://twitter.com/Freyamummyfot/statuses/2025789181130326109","Twitter","Freya","@freyamummyfot","","#SKINTIFICTH #SKTTH #SKINTIFICPDRN #มอยส์ผิวเบบี้ #SKINTIFICXFOURT #Fourthnattawat #โฟร์ทณัฐวรรธน์ 💖 SKINTIFIC PDRN — The Most Innovative Moisturizer with Clinical Results 🔬✨ SKINTIFIC PDRN Bright & Smooth Moisture Gel ที่สุดของมอยเจอร์ไรเซอร์จาก SKINTIFIC ที่ผ่านการทดสอบแล้ว","2026-02-22T23:25","","social network","regenerative_biology","provider_hcp","provider","unknown","social_repost","provider_conversation","none","no","theme_supported","other","community_member","community_discussion","social_repost","community_conversation","none","no","theme_supported","proposed_correction","medium","The record is a repost, quote, or reply and should be labeled by the posting account. | The posting account must not inherit the identity of embedded content.","medical_aesthetics_ai_review_v1","","","","","","","","","","ai_reviewed_pending_human",""
"11","""""""1771821460000_0JPsKrVoF50ZBlmoaH7nn0zoo3QA""""""","https://twitter.com/supforfot/statuses/2025792148743061756","Twitter","ต้นไม้เป็นพืช","@supforfot","","#SKINTIFICTH #SKTTH #SKINTIFICPDRN #มอยส์ผิวเบบี้ #SKINTIFICXFOURT #Fourthnattawat #โฟร์ทณัฐวรรธน์ 💖 SKINTIFIC PDRN — The Most Innovative Moisturizer with Clinical Results 🔬✨ SKINTIFIC PDRN Bright & Smooth Moisture Gel ที่สุดของมอยเจอร์ไรเซอร์จาก SKINTIFIC ที่ผ่านการทดสอบแล้ว","2026-02-22T23:37","Thailand","social network","regenerative_biology","provider_hcp","provider","unknown","social_repost","provider_conversation","none","no","theme_supported","other","community_member","community_discussion","social_repost","community_conversation","none","no","theme_supported","proposed_correction","medium","The record is a repost, quote, or reply and should be labeled by the posting account. | The posting account must not inherit the identity of embedded content.","medical_aesthetics_ai_review_v1","","","","","","","","","","ai_reviewed_pending_human",""
"12","""""""1771836275000_rEyuGsjy7pIcGBYss2gZhoOeAXYA""""""","https://twitter.com/KoOKKikkk___/statuses/2025854289261043823","Twitter","Nattawat2people​ 🍑🌻","@kookkikkk___","","#SKINTIFICTH #SKTTH #SKINTIFICPDRN #มอยส์ผิวเบบี้ #SKINTIFICXFOURT #Fourthnattawat #โฟร์ทณัฐวรรธน์ 💖 SKINTIFIC PDRN — The Most Innovative Moisturizer with Clinical Results 🔬✨ SKINTIFIC PDRN Bright & Smooth Moisture Gel ที่สุดของมอยเจอร์ไรเซอร์จาก SKINTIFIC ที่ผ่านการทดสอบแล้ว","2026-02-23T03:44","","social network","regenerative_biology","provider_hcp","provider","unknown","social_repost","provider_conversation","none","no","theme_supported","other","community_member","community_discussion","social_repost","community_conversation","none","no","theme_supported","proposed_correction","medium","The record is a repost, quote, or reply and should be labeled by the posting account. | The posting account must not inherit the identity of embedded content.","medical_aesthetics_ai_review_v1","","","","","","","","","","ai_reviewed_pending_human",""
"13","""""""1771843040000_T4jxZztiNZGsXXtCihaKti_BNkYA""""""","https://twitter.com/SaeMaryam78061/statuses/2025882662251176301","Twitter","Maryam Sae","@saemaryam78061","","#SKTTH #SKINTIFICPDRN #มอยส์ผิวเบบี้ #SKINTIFICXFOURT #Fourthnattawat #โฟร์ทณัฐวรรธน์ @tawattannn 💖 SKINTIFIC PDRN — The Most Innovative Moisturizer with Clinical Results 🔬✨ SKINTIFIC PDRN Bright & Smooth Moisture Gel ที่สุดของมอยเจอร์ไรเซอร์จาก SKINTIFIC ที่ผ่านการทดสอบแล้วว่า","2026-02-23T05:37","","social network","regenerative_biology","provider_hcp","provider","unknown","social_repost","provider_conversation","none","no","theme_supported","other","community_member","community_discussion","social_repost","community_conversation","none","no","theme_supported","proposed_correction","medium","The record is a repost, quote, or reply and should be labeled by the posting account. | The posting account must not inherit the identity of embedded content.","medical_aesthetics_ai_review_v1","","","","","","","","","","ai_reviewed_pending_human",""
"14","""""""1771843920000_5C5qv5xTzaCfzFxNr_3CDYIk98wA""""""","https://twitter.com/m_a_t__27/statuses/2025886354215964899","Twitter","sunshine97☀️","@m_a_t__27","","#SKTTH #SKINTIFICPDRN #มอยส์ผิวเบบี้ #SKINTIFICXFOURT #Fourthnattawat #โฟร์ทณัฐวรรธน์ @tawattannn 💖 SKINTIFIC PDRN — The Most Innovative Moisturizer with Clinical Results 🔬✨ SKINTIFIC PDRN Bright & Smooth Moisture Gel ที่สุดของมอยเจอร์ไรเซอร์จาก SKINTIFIC ที่ผ่านการทดสอบแล้วว่า","2026-02-23T05:52","","social network","regenerative_biology","provider_hcp","provider","unknown","social_repost","provider_conversation","none","no","theme_supported","other","community_member","community_discussion","social_repost","community_conversation","none","no","theme_supported","proposed_correction","medium","The record is a repost, quote, or reply and should be labeled by the posting account. | The posting account must not inherit the identity of embedded content.","medical_aesthetics_ai_review_v1","","","","","","","","","","ai_reviewed_pending_human",""
"15","""""""1771845181000_tpx66Fvt0ks6CGdNdhQ830qY3PQA""""""","https://twitter.com/sapoctber1/statuses/2025891640720982246","Twitter","oct","@sapoctber1","","#SKINTIFICTH #SKTTH #SKINTIFICPDRN #มอยส์ผิวเบบี้ #SKINTIFICXFOURT #Fourthnattawat #โฟร์ทณัฐวรรธน์ 💖 SKINTIFIC PDRN — The Most Innovative Moisturizer with Clinical Results 🔬✨ SKINTIFIC PDRN Bright & Smooth Moisture Gel ที่สุดของมอยเจอร์ไรเซอร์จาก SKINTIFIC ที่ผ่านการทดสอบแล้ว","2026-02-23T06:13","","social network","regenerative_biology","provider_hcp","provider","unknown","social_repost","provider_conversation","none","no","theme_supported","other","community_member","community_discussion","social_repost","community_conversation","none","no","theme_supported","proposed_correction","medium","The record is a repost, quote, or reply and should be labeled by the posting account. | The posting account must not inherit the identity of embedded content.","medical_aesthetics_ai_review_v1","","","","","","","","","","ai_reviewed_pending_human",""
"16","""""""1771848667000_gdNC__o_Ojo69KJ30EhdAvbfrNUA""""""","https://twitter.com/SabaaXll46390/statuses/2025906262932619767","Twitter","Fot fot 4️⃣❤","@sabaaxll46390","","#SKINTIFICTH #SKTTH #SKINTIFICPDRN #มอยส์ผิวเบบี้ #SKINTIFICXFOURT #Fourthnattawat #โฟร์ทณัฐวรรธน์ 💖 SKINTIFIC PDRN — The Most Innovative Moisturizer with Clinical Results 🔬✨ SKINTIFIC PDRN Bright & Smooth Moisture Gel ที่สุดของมอยเจอร์ไรเซอร์จาก SKINTIFIC ที่ผ่านการทดสอบแล้ว","2026-02-23T07:11","","social network","regenerative_biology","provider_hcp","provider","unknown","social_repost","provider_conversation","none","no","theme_supported","other","community_member","community_discussion","social_repost","community_conversation","none","no","theme_supported","proposed_correction","medium","The record is a repost, quote, or reply and should be labeled by the posting account. | The posting account must not inherit the identity of embedded content.","medical_aesthetics_ai_review_v1","","","","","","","","","","ai_reviewed_pending_human",""
"17","""""""1771869919000_zangTfEgKNiIYqB92O_UUgBmc5MA""""""","https://twitter.com/cxivmini/statuses/2025995400088576437","Twitter",". 𝐣𝐩𝐠","@cxivmini","","#SKINTIFICTH #SKTTH #SKINTIFICPDRN #มอยส์ผิวเบบี้ #SKINTIFICXFOURT #Fourthnattawat #โฟร์ทณัฐวรรธน์ 💖 SKINTIFIC PDRN — The Most Innovative Moisturizer with Clinical Results 🔬✨ SKINTIFIC PDRN Bright & Smooth Moisture Gel ที่สุดของมอยเจอร์ไรเซอร์จาก SKINTIFIC ที่ผ่านการทดสอบแล้ว","2026-02-23T13:05","","social network","regenerative_biology","provider_hcp","provider","unknown","social_repost","provider_conversation","none","no","theme_supported","other","community_member","community_discussion","social_repost","community_conversation","none","no","theme_supported","proposed_correction","medium","The record is a repost, quote, or reply and should be labeled by the posting account. | The posting account must not inherit the identity of embedded content.","medical_aesthetics_ai_review_v1","","","","","","","","","","ai_reviewed_pending_human",""
"18","""""""1771974423000_GK3uhQWPv0C-JyxInLEzCgcr3wIA""""""","https://twitter.com/pythagorashel/statuses/2026433721721827523","Twitter","hael ⋆˚☆˖°","@pythagorashel","","RT @lovefdks: facial DNA Salmon ini udah include deep cleansing, gentle exfoliation, sampe serum PDRN + serum DNA Salmon abis itu kulit langsung kerasa halus, bersih, ada instant glow yg keliatan banget. and the best part??? hampir ga ada downtime, jadi bisa lanjut aktivitas.","2026-02-24T18:07","Indonesia","social network","regenerative_biology","provider_hcp","provider","unknown","social_repost","provider_conversation","none","no","theme_supported","other","community_member","community_discussion","social_repost","community_conversation","none","no","theme_supported","proposed_correction","medium","The record is a repost, quote, or reply and should be labeled by the posting account. | The posting account must not inherit the identity of embedded content.","medical_aesthetics_ai_review_v1","","","","","","","","","","ai_reviewed_pending_human",""
"19","""""""1772751474000_rbXU3boY0ATnt4C1zg7S10q4iqoA""""""","https://twitter.com/natethe_gr8/statuses/2029692910480851356","Twitter","Nathaniel G.","@natethe_gr8","","collagen + elastin • RCTs show improvement in acne scars and wrinkles 2. Botox • Reduces dynamic wrinkles • Indirect anti-aging effect over time • Prevents repetitive mechanical skin folding • Doesn’t improve skin quality but improves appearance C. SUPPLEMENTS (human trials only)","2026-03-05T17:57","United States","social network","skin_quality_over_volume|collagen_biostimulation","provider_hcp","provider","unknown","social_repost","provider_conversation","none","no","theme_supported","other","community_member","community_discussion","social_repost","community_conversation","none","no","theme_supported","proposed_correction","medium","The record is a repost, quote, or reply and should be labeled by the posting account. | The posting account must not inherit the identity of embedded content.","medical_aesthetics_ai_review_v1","","","","","","","","","","ai_reviewed_pending_human",""
"20","""""""1773139639000_XIaeoQ8qmDphZOBA-QO44-9BxJcA""""""","https://twitter.com/Yurifufoo/statuses/2031320994544255440","Twitter","Mommy ปูเป้🏡","@yurifufoo","","to the celebration. Beyond the performance, BamBam introduced the innovation behind Srichand’s latest skincare line, the SRICHAND IN-SKIN Phyto Camellia PDRN Series. The collection features Vegan PDRN, a DNA extract derived from 100% natural camellia flowers. Developed using","2026-03-10T06:47","","social network","regenerative_biology","provider_hcp","provider","unknown","social_repost","provider_conversation","none","no","theme_supported","other","community_member","community_discussion","social_repost","community_conversation","none","no","theme_supported","proposed_correction","medium","The record is a repost, quote, or reply and should be labeled by the posting account. | The posting account must not inherit the identity of embedded content.","medical_aesthetics_ai_review_v1","","","","","","","","","","ai_reviewed_pending_human",""
"21","""""""1773139675000_XwMykatulmv6p8I8erFDw7U8_mcA""""""","https://twitter.com/LuxxLuxx11/statuses/2031321145790837129","Twitter","Luxx Luxx","@luxxluxx11","","to the celebration. Beyond the performance, BamBam introduced the innovation behind Srichand’s latest skincare line, the SRICHAND IN-SKIN Phyto Camellia PDRN Series. The collection features Vegan PDRN, a DNA extract derived from 100% natural camellia flowers. Developed using","2026-03-10T06:47","","social network","regenerative_biology","provider_hcp","provider","unknown","social_repost","provider_conversation","none","no","theme_supported","other","community_member","community_discussion","social_repost","community_conversation","none","no","theme_supported","proposed_correction","medium","The record is a repost, quote, or reply and should be labeled by the posting account. | The posting account must not inherit the identity of embedded content.","medical_aesthetics_ai_review_v1","","","","","","","","","","ai_reviewed_pending_human",""
"22","""""""1773139886000_B7GxxEZrQOtEudivhZg16s5JlmgA""""""","https://twitter.com/sriparesingham1/statuses/2031322030201778351","Twitter","Got7 BB4","@sriparesingham1","","to the celebration. Beyond the performance, BamBam introduced the innovation behind Srichand’s latest skincare line, the SRICHAND IN-SKIN Phyto Camellia PDRN Series. The collection features Vegan PDRN, a DNA extract derived from 100% natural camellia flowers. Developed using","2026-03-10T06:51","","social network","regenerative_biology","provider_hcp","provider","unknown","social_repost","provider_conversation","none","no","theme_supported","other","community_member","community_discussion","social_repost","community_conversation","none","no","theme_supported","proposed_correction","medium","The record is a repost, quote, or reply and should be labeled by the posting account. | The posting account must not inherit the identity of embedded content.","medical_aesthetics_ai_review_v1","","","","","","","","","","ai_reviewed_pending_human",""
"23","""""""1774225887000_y2Wr1312umAndKswRW60vqG5FcgA""""""","https://twitter.com/wujaszekLoyo/statuses/2035877046480425155","Twitter","dziad borowy, manure artisan","@wujaszekloyo","","of control: women are massively injecting “salmon sperm” into their faces in hopes of rejuvenation Cosmetologists promise quick results and wrinkle reduction, but in reality many end up with severe swelling that lasts for months. Demand for “salmon sperm” has surged several times","2026-03-22T20:31","Mexico","social network","","other","unknown","unknown","social_quote","unknown","none","no","profile_supported_needs_review","other","community_member","community_discussion","social_quote","community_conversation","none","no","profile_supported_needs_review","proposed_correction","medium","The record is a repost, quote, or reply and should be labeled by the posting account. | The posting account must not inherit the identity of embedded content.","medical_aesthetics_ai_review_v1","","","","","","","","","","ai_reviewed_pending_human",""
"24","""""""1774226178000_TkEemEGTcMR8BYLaJXkAw-0Wf6YA""""""","https://twitter.com/johngar45721/statuses/2035878268231172452","Twitter","Winston Smith","@johngar45721","","of control: women are massively injecting “salmon sperm” into their faces in hopes of rejuvenation Cosmetologists promise quick results and wrinkle reduction, but in reality many end up with severe swelling that lasts for months. Demand for “salmon sperm” has surged several times","2026-03-22T20:36","Australia","social network","","other","unknown","unknown","social_quote","unknown","none","no","profile_supported_needs_review","other","community_member","community_discussion","social_quote","community_conversation","none","no","profile_supported_needs_review","proposed_correction","medium","The record is a repost, quote, or reply and should be labeled by the posting account. | The posting account must not inherit the identity of embedded content.","medical_aesthetics_ai_review_v1","","","","","","","","","","ai_reviewed_pending_human",""
"25","""""""1774449328000_2K3fc_syIEXeNO6d2xBRXeNSGpcA""""""","https://twitter.com/untitled0529/statuses/2036814227412045918","Twitter","TTC•พ่อน้องsoft","@untitled0529","","RT @doranslawyer: doran looking extra round today since hes swollen from skin procedures 🥺 chat are all saying rejuRAN haha 🐿️ my face is swollen everyone~ i went to the skin clinic.. my face has been stung by a bee, its red now isnt it? https://t.co/2vl6DEIyXO","2026-03-25T10:35","Saint Helena","social network","","patient","patient","unknown","social_repost","unknown","none","no","profile_supported_needs_review","other","community_member","community_discussion","social_repost","community_conversation","none","no","profile_supported_needs_review","proposed_correction","medium","The record is a repost, quote, or reply and should be labeled by the posting account. | The posting account must not inherit the identity of embedded content.","medical_aesthetics_ai_review_v1","","","","","","","","","","ai_reviewed_pending_human",""
"26","""""""1774547064000_Y1fLpIyJdWMmswg-B-Ylohn5vocA""""""","https://x.com/_uacl_/status/2037224161777680575","Twitter","cHoD","@_uacl_","","""RT @skinwitherror: (SR from @fyneofficial ) . ช่วงปีที่ผ่านมา เชื่อว่าหลายคนคงสังเกต การโฆษณาคำว่า """"anti-aging"""" ดรอปลงกว่าก่อนแต่คำว่า """"slow ageing"""" และล่าสุด """"skin longevity"""" เริ่มเพิ่มขึ้นเยอะมาก ๆ . ซึ่งถ้าฟังผ่าน ๆ แนวคิดนี้ก็น่าสนใจ แต่ก็อดสังสัยว่า อันนี้คือการ rebrand""","2026-03-26T13:44","","social network","","other","unknown","unknown","social_repost","unknown","none","no","profile_supported_needs_review","other","community_member","community_discussion","social_repost","community_conversation","none","no","profile_supported_needs_review","proposed_correction","medium","The record is a repost, quote, or reply and should be labeled by the posting account. | The posting account must not inherit the identity of embedded content.","medical_aesthetics_ai_review_v1","","","","","","","","","","ai_reviewed_pending_human",""
"27","""""""1775738062000_HKfI-jRco7ggUxMmsLSWu4qnEloA""""""","https://x.com/Dadaw08/status/2042219567892594883","Twitter","Andy Almendarez","@dadaw08","","thanks to weightloss, I lost a little bit of volume there. I got Botox in my chin and Frown between my eyes. And I also got a skin booster (not a filler) called Polynucleotides near my tear trough. (eyes). I did a very minimum amount, people who don't know, will not notice I had","2026-04-09T08:34","United States","social network","skin_quality_over_volume|regenerative_biology","patient","patient","unknown","social_repost","unknown","none","no","theme_supported","other","community_member","community_discussion","social_repost","community_conversation","none","no","theme_supported","proposed_correction","medium","The record is a repost, quote, or reply and should be labeled by the posting account. | The posting account must not inherit the identity of embedded content.","medical_aesthetics_ai_review_v1","","","","","","","","","","ai_reviewed_pending_human",""
"28","""""""1777831197000_8xZ3EDHtuC6Nb9V9875gCHYKhsMA""""""","https://x.com/aykutuz/status/2050998814060802388","Twitter","Aykut Uz","@aykutuz","","; afai understand , in that 4 month n=15 study; your team applied (blood?) extracted stem cells’ secreted exosomes via IV; which resulted in 2 years of rejuvenation in dna methylation profiles. (and/or other proxies) . Congratulations. It would be really interesting to see if the","2026-05-03T13:59","","social network","regenerative_biology","other","unknown","unknown","social_reply","unknown","none","no","theme_supported","other","community_member","community_discussion","social_reply","community_conversation","none","no","theme_supported","proposed_correction","medium","The record is a repost, quote, or reply and should be labeled by the posting account. | The posting account must not inherit the identity of embedded content.","medical_aesthetics_ai_review_v1","","","","","","","","","","ai_reviewed_pending_human",""
"29","""""""1778440457000_FKwvF6WPY5v9xTd4cp56Mn_nzdwA""""""","https://x.com/quantnems/status/2053554234839175415","Twitter","Pheni","@quantnems","","catastrophic for an industry built on selling you a 9 step routine forever. so instead they turn skincare into quantum physics. acids. toners. ampoules. peptide stacks. SALMON SPERM meanwhile tretinoin just sits there looking autistic and curing the problem for the price of a","2026-05-10T15:14","","social network","","other","unknown","unknown","social_repost","unknown","none","no","profile_supported_needs_review","other","community_member","community_discussion","social_repost","community_conversation","none","no","profile_supported_needs_review","proposed_correction","medium","The record is a repost, quote, or reply and should be labeled by the posting account. | The posting account must not inherit the identity of embedded content.","medical_aesthetics_ai_review_v1","","","","","","","","","","ai_reviewed_pending_human",""
"30","""""""1780331458000_uyeeFsA4xZS9BrJn4a6geqvkfvQA""""""","https://x.com/WelloraHealth/status/2061485668921176376","Twitter","Wellora Health","@wellorahealth","","QT @DrsansariOrd: The most likely diagnosis is Pityriasis Rubra Pilaris (PRP). Why PRP? Clinical features: Orange-red (salmon-colored) scaly plaques Generalized rough, dry skin with erythroderma Palmoplantar hyperkeratosis (thick yellow-orange keratoderma of palms and soles)","2026-06-01T12:30","","social network","regenerative_biology","other","unknown","unknown","social_quote","unknown","none","no","theme_supported","other","unknown","unknown","social_quote","unknown","none","no","not_relevant","proposed_correction","high","The matched term is a clear Medical Aesthetics false positive.","medical_aesthetics_ai_review_v1","","","","","","","","","","ai_reviewed_pending_human",""
"31","""""""1781190383000_j6Q29FXmCuob0M88AOSbPxCk7EEA""""""","https://x.com/PrannoyRoy7749/status/2065088258854518830","Twitter","Prannoy Roy","@prannoyroy7749","","RT @DeKoderAI: What do GLP-1 medications, skin longevity, sunscreen, and modern wellness trends have in common? In an upcoming episode of DeKoder Conversations, Dr. Kiran Sethi, a Skin Longevity and Lifestyle Medicine physician based in New York and now practicing in Delhi, joins","2026-06-11T11:06","","social network","provider_led_trust","provider_hcp","provider","unknown","social_repost","provider_conversation","none","no","theme_supported","other","community_member","community_discussion","social_repost","community_conversation","none","no","theme_supported","proposed_correction","medium","The record is a repost, quote, or reply and should be labeled by the posting account. | The posting account must not inherit the identity of embedded content.","medical_aesthetics_ai_review_v1","","","","","","","","","","ai_reviewed_pending_human",""
"32","""""""4M0FkPZcyCW2jduy1oA3o6OJQyE""""""","https://skinblissmedspa.wordpress.com/2026/04/09/biorepeel-benefits-the-no-downtime-secret-to-radiant-youthful-skin/","wordpress.com","Skin Bliss Med Spa","skin bliss med spa","BioRePeel Benefits: The No-Downtime Secret to Radiant, Youthful Skin","Introduction In today’s fast-paced world, skincare treatments that deliver visible results without downtime are in high demand. One such breakthrough is BioRePeel—a next-generation chemical peel designed to rejuvenate the skin from within. Known for its ability to improve","2026-04-09T05:58","","blog","","company","clinic","unknown","blog_post","clinic_marketing","none","yes","profile_supported_needs_review","company","clinic","clinic_promotion","clinic_social_post","clinic_marketing","high","yes","profile_supported_needs_review","proposed_correction","medium","The source is classified as a clinic and the content promotes a treatment.","medical_aesthetics_ai_review_v1","","","","","","","","","","ai_reviewed_pending_human",""
"33","""""""77HWYxS-Kge1QS1yNOieoAljEK4""""""","proquest:publicid-3340408410","London Daily Mirror (Print Edition)","","","Trend Report","TEOXANE SKINCARE, FROM £25 Teoxane's topical range brings clinic-backed expertise into everyday skincare. At the heart of the formulas is ...","2026-05-12T00:00","United Kingdom","print","","other","unknown","unknown","unknown","unknown","none","no","profile_supported_needs_review","media","journalist","news_reporting","news_article","consumer_news","none","no","profile_supported_needs_review","proposed_correction","medium","The source identifies itself as an editorial or news publication.","medical_aesthetics_ai_review_v1","","","","","","","","","","ai_reviewed_pending_human",""
"34","""""""A9ZgljkNqBwqCAHVEOLfJrZOsLA""""""","https://ie.pinterest.com/pin/551268810660181167/","Pinterest","Ellemes Medical Spa","ellemes_atl","How Long Does Sculptra Last? A Realistic Results Timeline The standard claim is that Sculptra results last two years or more, and that is broadly accurate — clinical studies support a duration of 24 to 36 months for most patients. But “two-plus years” is a wide range, and the number alone does not tell you […] The post How Long Does Sculptra Last? Realistic Timeline appeared first on ELLEMES Medical Spa.","How Long Does Sculptra Last? A Realistic Results Timeline The standard claim is that Sculptra results last two years or more, and that is broadly accurate — clinical studies support a duration of 24 to 36 months for most patients. But “two-plus years” is a wide range, and the","2026-03-18T07:11","","social network","collagen_biostimulation","company","clinic","unknown","social_post","clinic_marketing","none","yes","theme_supported","company","clinic","clinic_promotion","clinic_social_post","clinic_marketing","high","yes","theme_supported","proposed_correction","medium","The source is classified as a clinic and the content promotes a treatment.","medical_aesthetics_ai_review_v1","","","","","","","","","","ai_reviewed_pending_human",""
"35","""""""EhA53NCpsv0lglgDv7INJtF4XR8""""""","https://ayushmanskin.wordpress.com/2026/03/19/best-skin-clinic-for-skin-treatment-in-delhi-ayushman-skin-cosmetology-centre/","wordpress.com","Ayushman Skin & Cosmetology","ayushman skin & cosmetology","Best Skin Clinic for Skin Treatment in Delhi – Ayushman Skin & Cosmetology Centre","common. Choosing the right skin clinic is essential for safe, effective, and long-lasting results. If you are searching for the best skin clinic for skin treatment in Delhi, Ayushman Skin & Cosmetology Centre is a trusted destination known for advanced dermatology care,","2026-03-19T07:06","","blog","","company","clinic","unknown","blog_post","clinic_marketing","none","yes","profile_supported_needs_review","company","clinic","clinic_promotion","clinic_social_post","clinic_marketing","high","yes","profile_supported_needs_review","proposed_correction","medium","The source is classified as a clinic and the content promotes a treatment.","medical_aesthetics_ai_review_v1","","","","","","","","","","ai_reviewed_pending_human",""
"36","""""""kJvqPD68A8Y-FCs0vUBVJIn_Yug""""""","https://ie.pinterest.com/pin/514958538667595420/","Pinterest","Daniyal Iqbal","syeddaniyaliqba","In your 40s and beyond, the focus shifts to rejuvenation and restoring lost volume for a youthful, refreshed appearance. Combining medical-grade skincare with facials, chemical peels, and Botox helps to smooth and refine the skin. Advanced treatments like IPL, Morpheus8, Sculptra, and fillers can address volume loss and give you natural-looking, long-lasting results. Now’s the time to invest in treatments that rejuvenate and restore your skin’s vitality. Want to explore the best options for your skin? Book a consultation and let us guide you toward a radiant future!",", the focus shifts to rejuvenation and restoring lost volume for a youthful, refreshed appearance. Combining medical-grade skincare with facials, chemical peels, and Botox helps to smooth and refine the skin. Advanced treatments like IPL, Morpheus8, Sculptra, and fillers can","2026-03-18T14:54","","social network","natural_results|collagen_biostimulation","other","unknown","unknown","social_post","unknown","none","no","theme_supported","company","brand","product_promotion","brand_social_post","retail_or_product","high","yes","theme_supported","proposed_correction","high","The content contains an explicit commercial call to action.","medical_aesthetics_ai_review_v1","","","","","","","","","","ai_reviewed_pending_human",""
"37","""""""OqUc9LNmZ738AfK639K_qJ0xTzc""""""","https://ie.pinterest.com/pin/410601691049628561/","Pinterest","Dr. Raluca Rosenberg | Aesthetic Medicine & Longevity","drralucarosenberg","Most anti-aging strategies focus only on the skin. But emerging science shows that skin longevity is deeply connected to metabolic health and the gut microbiome. The Metabolic Skin Longevity Framework explains how three biological systems interact: • Gut health and microbiome balance • Metabolic regulation and insulin sensitivity • Skin regeneration and collagen production Understanding this connection can transform the way we approach aging, skin health, and longevity. Discover the full explanation and science behind this framework. → Read the article on the website.","Most anti-aging strategies focus only on the skin. But emerging science shows that skin longevity is deeply connected to metabolic health and the gut microbiome. The Metabolic Skin Longevity Framework explains how three biological systems interact: • Gut health and microbiome","2026-03-10T13:17","","social network","skin_quality_over_volume|collagen_biostimulation","other","unknown","unknown","social_post","unknown","none","no","theme_supported","provider_hcp","provider","provider_education","provider_social_post","provider_conversation","none","no","theme_supported","proposed_correction","high","Provider identity is supported by explicit professional credentials in source metadata.","medical_aesthetics_ai_review_v1","","","","","","","","","","ai_reviewed_pending_human",""
"38","""""""Sk4E7YREfuPQ9BDtR20E2Yo9kVA""""""","https://ie.pinterest.com/pin/747738344427241309/","Pinterest","ing Ss","rnrmfrnflek","Discover the **PZLASER Fractional Master®**, engineered for ultimate precision and performance. ✨ Multiple scanning shapes for customized treatments 💎 Maximize results while minimizing tissue damage 🌟 Ideal for scar removal, skin resurfacing, and collagen regeneration Empower your clinic with advanced fractional CO₂ laser technology that delivers visible transformation and long-lasting rejuvenation. #PZLASER #FractionalLaser #CO2Laser #SkinResurfacing #LaserTechnology #AestheticDevice #ScarRemoval #WrinkleReduction #SkinRejuvenation #MedicalSpa #DermatologyDevice #BeautyEquipment #LaserTreatment","skin resurfacing, and collagen regeneration Empower your clinic with advanced fractional CO₂ laser technology that delivers visible transformation and long-lasting rejuvenation. #PZLASER #FractionalLaser #CO2Laser #SkinResurfacing #LaserTechnology #AestheticDevice #ScarRemoval #","2026-02-09T19:37","","social network","collagen_biostimulation","provider_hcp","provider","unknown","provider_social_post","provider_conversation","none","no","theme_supported","company","clinic","clinic_promotion","clinic_social_post","clinic_marketing","high","yes","theme_supported","proposed_correction","high","The content contains an explicit commercial call to action.","medical_aesthetics_ai_review_v1","","","","","","","","","","ai_reviewed_pending_human",""
"39","""""""WM7kv7go4mpF8RaoSVpCgmg5KIE""""""","http://beautyandlace.net/2026/03/how-to-soften-smile-lines-nasolabial-folds-what-works/","Beauty and Lace Online Magazine","lace","","How to Soften Smile Lines (Nasolabial Folds): What Works","from person to person. Treatments That Can Reduce Smile Lines When lifestyle and skincare alone aren’t enough, in-clinic procedures often give the most noticeable results: Dermal Fillers Injectable hyaluronic acid fillers are widely used to soften smile lines by restoring lost","2026-03-05T05:52","United States","blog","","other","unknown","unknown","blog_post","personal_blog","none","no","profile_supported_needs_review","media","journalist","news_reporting","blog_post","consumer_news","none","no","profile_supported_needs_review","proposed_correction","medium","The source identifies itself as an editorial or news publication.","medical_aesthetics_ai_review_v1","","","","","","","","","","ai_reviewed_pending_human",""
"40","""""""xl8Hi-05RYc6-o0KsfrwKm5oFAk""""""","https://ie.pinterest.com/pin/336714509704494919/","Pinterest","Your Skin Expert Advanced Aesthetic Clinic","corkskinexpert","A close-up moment during Plasma Fusion treatment on male skin. This technology works with controlled plasma energy to support skin regeneration, texture refinement, and overall skin quality. Precise. Targeted. Non-invasive. If you have questions about this treatment, just text me.","A close-up moment during Plasma Fusion treatment on male skin. This technology works with controlled plasma energy to support skin regeneration, texture refinement, and overall skin quality. Precise. Targeted. Non-invasive. If you have questions about this treatment, just text me","2026-01-28T11:15","","social network","skin_quality_over_volume","company","clinic","unknown","social_post","clinic_marketing","none","yes","theme_supported","company","clinic","clinic_promotion","clinic_social_post","clinic_marketing","high","yes","theme_supported","proposed_correction","medium","The source is classified as a clinic and the content promotes a treatment.","medical_aesthetics_ai_review_v1","","","","","","","","","","ai_reviewed_pending_human",""
"41","""""""yK190MQPqvnCX8SQeFhZyIIrSqo""""""","proquest:publicid-3330512945","Birmingham Mail (Print Edition)","","","Up-Scale Skincare","... Salmon DNA has become one of the buzziest ingredients in aesthetic clinics, often used in injectable treatments designed to plump skin. Now ...","2026-04-17T00:00","United Kingdom","print","","company","clinic","unknown","unknown","clinic_marketing","none","yes","profile_supported_needs_review","company","clinic","clinic_promotion","clinic_social_post","clinic_marketing","high","yes","profile_supported_needs_review","proposed_correction","medium","The source is classified as a clinic and the content promotes a treatment.","medical_aesthetics_ai_review_v1","","","","","","","","","","ai_reviewed_pending_human",""
"42","""""""yt--hvI8KH8UpE""""""","https://www.youtube.com/watch?v=-hvI8KH8UpE","Youtube","Nutrition Shorts Tamil","","HN Skin Booster Benefits | Herbalife Collagen Drink for Glowing Skin 💥👍CALL +91 9789405499#Herbalife","#skincarecommunity #skingoals Herbalife HN Skin Booster Herbalife Skin Booster HN Skin Booster benefits Herbalife collagen drink Skin glow drink Herbalife Herbalife beauty drink glowing skin tips collagen for skin clear skin routine skin care supplements beauty from within","2026-04-22T02:00","","social network","skin_quality_over_volume|collagen_biostimulation","other","unknown","unknown","educational_video","unknown","none","no","theme_supported","company","brand","product_promotion","brand_social_post","retail_or_product","high","yes","theme_supported","proposed_correction","high","The content contains an explicit commercial call to action.","medical_aesthetics_ai_review_v1","","","","","","","","","","ai_reviewed_pending_human",""
"43","""""""yt-4-nTvfXzB4s""""""","https://www.youtube.com/watch?v=4-nTvfXzB4s","Youtube","Michelle- Travel & Lifestyle over 40","","GRWM- Age Gap + Skincare routine #over50 #over40 #glassskin #kbeauty #gifted","Korea’s viral wrinkle-care combo. It has PDRN + collagen, which helps skin look firmer, smoother, and more refreshed… and I finally understand the hype 🙌🏼✨ I’ve been using @anua_global PDRN Collagen Glow Facial Serum Spray + Collagen Melting Cheek & Neck Patches, and this is","2026-02-04T11:32","","social network","natural_results|collagen_biostimulation|regenerative_biology","other","unknown","unknown","educational_video","unknown","none","no","theme_supported","company","brand","product_promotion","brand_social_post","retail_or_product","high","yes","theme_supported","proposed_correction","high","The content contains an explicit commercial call to action.","medical_aesthetics_ai_review_v1","","","","","","","","","","ai_reviewed_pending_human",""
"44","""""""yt-abBmA4lQ_og""""""","https://www.youtube.com/watch?v=abBmA4lQ_og","Youtube","Dr. Tracy Timberlake","","New PDRN Lip Oil Alert: K-Beauty's Latest Trendy Release #DealsForYouDays","the magic of K-Beauty once more with the revolutionary PDRN Lip Oil! 💋✨ Finally, a lip care product that nourishes, enhances, and rejuvenates your pout like never before. This luxurious lip oil combines the power of PDRN, an ingredient celebrated in the beauty world for its","2026-06-10T17:22","United States","social network","regenerative_biology","other","unknown","unknown","educational_video","unknown","none","no","theme_supported","provider_hcp","provider","provider_education","provider_social_post","provider_conversation","none","no","theme_supported","proposed_correction","high","Provider identity is supported by explicit professional credentials in source metadata.","medical_aesthetics_ai_review_v1","","","","","","","","","","ai_reviewed_pending_human",""
"45","""""""yt-ENykrAjKmL8""""""","https://www.youtube.com/watch?v=ENykrAjKmL8","Youtube","Dr. Akanksha Agarwal","","SKINVIVE™ by JUVÉDERM® in Gurgaon ✨ Skin Hydration Treatment @cfagurgaon","by Juvederm Gurgaon, Skinvive treatment Gurgaon, injectable skin hydration Gurgaon, skin booster Gurgaon, skin quality treatment Gurgaon, hyaluronic acid injectable Gurgaon, radiant skin treatment Gurgaon, smoother skin treatment Gurgaon, Centre for Aesthetics Gurgaon, Gurugram","2026-06-09T23:34","India","social network","skin_quality_over_volume","other","unknown","unknown","educational_video","unknown","none","no","theme_supported","provider_hcp","provider","provider_education","provider_social_post","provider_conversation","none","no","theme_supported","proposed_correction","high","Provider identity is supported by explicit professional credentials in source metadata.","medical_aesthetics_ai_review_v1","","","","","","","","","","ai_reviewed_pending_human",""
"46","""""""yt-kAq9wQKswVc""""""","https://www.youtube.com/watch?v=kAq9wQKswVc","Youtube","Skin Intelligence By Dr Lazuk","","The Exosome Obsession - Skin Intelligence - Dr. Lazuk","skincare 5:40 – What exosomes actually are (and aren't) 8:30 – Post-procedure vs. topical application 11:00 – How to spot quality exosome products 13:45 – The future of aesthetic treatments Tags: #Exosomes #RegenerativeSkincare #Aesthetics #Microneedling #SkinScience #AntiAging","2026-05-26T20:21","","social network","regenerative_biology","provider_hcp","provider","unknown","educational_video","provider_conversation","none","no","theme_supported","provider_hcp","provider","provider_education","provider_social_post","provider_conversation","none","no","theme_supported","proposed_correction","high","Provider identity is supported by explicit professional credentials in source metadata.","medical_aesthetics_ai_review_v1","","","","","","","","","","ai_reviewed_pending_human",""
"47","""""""yt-P8_opLd77ew""""""","https://www.youtube.com/watch?v=P8_opLd77ew","Youtube","SANENDI","","SANENDI PDRN","Recently added PDRN skincare into my routine.Skin feels more hydrated and smoother already.And yes, it’s directly from the factory,which makes it even more worth it.","2026-03-11T03:08","","social network","regenerative_biology","other","unknown","testimonial","testimonial_video","youtube_review","none","no","theme_supported","company","brand","product_promotion","brand_social_post","retail_or_product","high","yes","theme_supported","proposed_correction","high","The content contains an explicit commercial call to action.","medical_aesthetics_ai_review_v1","","","","","","","","","","ai_reviewed_pending_human",""
"48","""""""yt-pO1DiQ4bPDI""""""","https://www.youtube.com/watch?v=pO1DiQ4bPDI","Youtube","Mahad","","Fursan by Momin longevity test","test, how to make perfume last longer, perfumes that last all day, loud fragrances Pakistan, skin chemistry vs perfume, clothes vs skin longevity, extrait de parfum performance, nuclear sillage, fragrance maceration, winter beast mode, summer longevity hacks, most durable scents,","2026-04-19T13:44","","social network","","other","unknown","unknown","educational_video","unknown","none","no","profile_supported_needs_review","other","unknown","unknown","educational_video","unknown","none","no","not_relevant","proposed_correction","high","The matched term is a clear Medical Aesthetics false positive.","medical_aesthetics_ai_review_v1","","","","","","","","","","ai_reviewed_pending_human",""
"49","""""""yt-quO5lzThXgw""""""","https://www.youtube.com/watch?v=quO5lzThXgw","Youtube","Nicole Smolich","","New Service Alert ‼️🚨",". . Jet Plasma 🚨🚨‼️ . . Jet Plasma brightens and tightens skin, shrink pores and promotes high levels of collagen regeneration. The jet plasma device was designed with jet plasma and cold plasma for best results using a strong low atmospheric plasma temperature on the surface","2026-05-12T15:00","","social network","collagen_biostimulation","other","unknown","unknown","educational_video","unknown","low","no","theme_supported","company","brand","product_promotion","brand_social_post","retail_or_product","high","yes","theme_supported","proposed_correction","high","The content contains an explicit commercial call to action.","medical_aesthetics_ai_review_v1","","","","","","","","","","ai_reviewed_pending_human",""
"50","""""""yt-UgyIODnbp27SIktBYnR4AaABAg""""""","https://www.youtube.com/watch?v=SN5VxyOtbo8&lc=UgyIODnbp27SIktBYnR4AaABAg","Youtube","Comment on lilyis_","","","Hi Lily hope you feel better soon! i have normal/combo skin and would love skincare products that are trending among korean locals - pdrn, EGF, and other actives would be great! Also products that are known to sit well under makeup like the ongredients calming lotion:) thank you!","2026-03-15T18:32","","social network","regenerative_biology","other","unknown","unknown","educational_video","unknown","none","no","theme_supported","other","community_member","community_discussion","social_comment","community_conversation","none","no","theme_supported","proposed_correction","high","The record is explicitly a comment on another creator's content. | The commenter must not inherit the identity of the quoted creator.","medical_aesthetics_ai_review_v1","","","","","","","","","","ai_reviewed_pending_human",""
"51","""""""yt-UgyUlz9Ih7GHXpdM16Z4AaABAg""""""","https://www.youtube.com/watch?v=s-JPiVs3xqU&lc=UgyUlz9Ih7GHXpdM16Z4AaABAg","Youtube","Comment on Shallon Lester","","","I’ve gotten Radiesse to add a jawline and chin on my face in 2021. It’s been years and my face still looks snatched. I’ve also added facial gua sha everyday to help enhance it since.","2026-05-16T13:41","United States","social network","collagen_biostimulation","patient","patient","unknown","educational_video","unknown","none","no","theme_supported","other","community_member","community_discussion","social_comment","community_conversation","none","no","theme_supported","proposed_correction","high","The record is explicitly a comment on another creator's content. | The commenter must not inherit the identity of the quoted creator.","medical_aesthetics_ai_review_v1","","","","","","","","","","ai_reviewed_pending_human",""
"52","""""""yt-Ugyvvzf752v1CWtPKtZ4AaABAg""""""","https://www.youtube.com/watch?v=jvwg3J5_CrQ&lc=Ugyvvzf752v1CWtPKtZ4AaABAg","Youtube","Comment on Dadu Medical Centre","","","Great insights on PDRN! 🧬 Will PDRN-impregnated spicules become the next big trend for Indian skin? If the PDRN is 99% pure with ultra-low molecular weight, will it be safe for our barrier or trigger PIH? Iske baare mein aapka personal experience aur suggestion kya kehta hai?","2026-04-04T02:53","India","social network","regenerative_biology","other","unknown","unknown","educational_video","unknown","none","no","theme_supported","other","community_member","community_discussion","social_comment","community_conversation","none","no","theme_supported","proposed_correction","high","The record is explicitly a comment on another creator's content. | The commenter must not inherit the identity of the quoted creator.","medical_aesthetics_ai_review_v1","","","","","","","","","","ai_reviewed_pending_human",""
"53","""""""yt-vj4Dti4PQLA""""""","https://www.youtube.com/watch?v=vj4Dti4PQLA","Youtube","Brian Khou","","Why Some People Skip Separate Serums","✅ Best price I found for PRIMERA PRMR Retinol Vitamin C Serum for Face | Youth Radiance Vitatinol Serum Skin Booster, Korean Skincare for Anti-aging & Glowing, Moisturizing, Reduces Dark Spots, 0.7 oz (21 g, Pack of 1): 👉 https://urlvue.com/r/B0DBGTMFGS-yt-5fw8m This video","2026-05-18T22:32","","social network","skin_quality_over_volume","other","unknown","unknown","educational_video","unknown","none","no","theme_supported","company","brand","product_promotion","brand_social_post","retail_or_product","high","yes","theme_supported","proposed_correction","high","The content contains an explicit commercial call to action.","medical_aesthetics_ai_review_v1","","","","","","","","","","ai_reviewed_pending_human",""
"54","""""""yt-XFI5Ta2aYEQ""""""","https://www.youtube.com/watch?v=XFI5Ta2aYEQ","Youtube","MikiCarrBeauty","","I LOVE KOREAN SKINCARE! Game changer for my skin & saving money! Visiting two K-Beauty stores!","FAM, Korean skincare has been 100 percent a game changer for me. My skin has never been healthier AND I'm saving money! I review and demo my skincare routine using exclusively KOREAN SKINCARE! I also had a chance to visit two skincare & beauty stores that sell Korean skincare and","2026-05-15T08:00","","social network","","other","unknown","testimonial","testimonial_video","youtube_review","none","no","profile_supported_needs_review","patient","patient","personal_experience","testimonial_video","patient_conversation","none","no","profile_supported_needs_review","proposed_correction","high","The author uses explicit first-person treatment or skincare experience language.","medical_aesthetics_ai_review_v1","","","","","","","","","","ai_reviewed_pending_human",""
"55","""""""yt-xXZKOsv5DYI""""""","https://www.youtube.com/watch?v=xXZKOsv5DYI","Youtube","Rod J. Rohrich, M.D. Plastic Surgeon","","Do Fillers/Biostimulators Ruin Facelifts Results!?","Proper plane, product, and injector experience and expertise matter more than the product itself • When biostimulators and fillers are placed anatomically correctly, facelift surgery is not automatically compromised as long as it deep layers of the face are preserved or","2026-01-15T10:02","","social network","collagen_biostimulation|provider_led_trust","provider_hcp","provider","unknown","provider_social_post","provider_conversation","none","no","theme_supported","provider_hcp","provider","provider_education","provider_social_post","provider_conversation","none","no","theme_supported","proposed_correction","high","Provider identity is supported by explicit professional credentials in source metadata.","medical_aesthetics_ai_review_v1","","","","","","","","","","ai_reviewed_pending_human",""
"56","""""""yt-YFPrYTQWwKs""""""","https://www.youtube.com/watch?v=YFPrYTQWwKs","Youtube","Dr. Ayesha Skin Lounge","","Sculptra (PLLA) combined with Hyaluronic Acid (HA) At Dr. Ayesha’s Skin Lounge","✨ Ready to lift sagging skin and soften wrinkles from within? At Dr. Ayesha’s Skin Lounge, we rejuvenate your face with the power of Sculptra (PLLA) combined with Hyaluronic Acid (HA) — for medical-grade, natural-looking results. 🌟 Our Advanced Treatment: Sculptra (PLLA) + HA:","2026-02-19T15:12","","social network","natural_results|collagen_biostimulation","other","unknown","unknown","educational_video","unknown","none","no","theme_supported","provider_hcp","provider","provider_education","provider_social_post","provider_conversation","none","no","theme_supported","proposed_correction","high","Provider identity is supported by explicit professional credentials in source metadata.","medical_aesthetics_ai_review_v1","","","","","","","","","","ai_reviewed_pending_human",""
"57","""""""_98evgiSRfla8hn3Yw4IwqLVBco""""""","https://ie.pinterest.com/pin/716846465731950803/","Pinterest","Khizh Yana","khizhyana","Korean Anti-Aging Creams ✨ from barrier repair to real skin regeneration K-beauty anti-aging is not just about wrinkles — it’s about improving overall skin quality, resilience, and long-term health. Here are some standout creams, from gentle support to more advanced formulas: 👉🏻 Centellian24 Madeca Cream Time Reverse One of the most “derma-style” formulas in K-beauty. TECA + madecassoside help repair skin and support collagen → great balance of calming + firming. Retinol here doesn’t feel ...","Korean Anti-Aging Creams ✨ from barrier repair to real skin regeneration K-beauty anti-aging is not just about wrinkles — it’s about improving overall skin quality, resilience, and long-term health. Here are some standout creams, from gentle support to more advanced formulas:","2026-05-02T05:38","","social network","skin_quality_over_volume|collagen_biostimulation","provider_hcp","provider","unknown","social_post","provider_conversation","none","no","theme_supported","provider_hcp","provider","unknown","social_post","provider_conversation","none","no","theme_supported","unresolved","low","No conservative second-pass rule resolved the ambiguity.","medical_aesthetics_ai_review_v1","","","","","","","","","","ai_reviewed_pending_human",""
"58","""""""1776792897000_oPQs-d6F4lUONUc0jfxVbFXPNx8A""""""","https://x.com/DaveScolte/status/2046643867521331381","Twitter","Dave Scolte","@davescolte","","Might make a master-post on all the cosmetic injectables on the market so we have something online that isn’t just “OMG SALMON SPERM” They all have unique and interesting mechanisms of action, and a large part comes from the Italian medical development market which is fun.","2026-04-21T13:34","United States","social network","","other","unknown","unknown","social_post","unknown","none","no","profile_supported_needs_review","other","unknown","unknown","social_post","unknown","none","no","profile_supported_needs_review","unresolved","low","No conservative second-pass rule resolved the ambiguity.","medical_aesthetics_ai_review_v1","","","","","","","","","","ai_reviewed_pending_human",""
"59","""""""1779228009000_9ICfZZP-sdBdsjID4XZTpkLawxEA""""""","https://x.com/GetStyleMag/status/2056857468634820981","Twitter","Style Magazine","@getstylemag","","aesthetics, one grounded in education, trust and helping people feel good in their own skin. A Medical Aesthetician for about a year, Soni embraces a natural approach to beauty, encouraging clients to care for and embrace their natural skin rather than cover it up. From facials","2026-05-19T18:00","United States","social network","","other","unknown","unknown","social_post","unknown","none","no","profile_supported_needs_review","other","unknown","unknown","social_post","unknown","none","no","profile_supported_needs_review","unresolved","low","No conservative second-pass rule resolved the ambiguity.","medical_aesthetics_ai_review_v1","","","","","","","","","","ai_reviewed_pending_human",""
"60","""""""1RERdzD21eLs7TLtSrhYJH-s9Fs""""""","https://ie.pinterest.com/pin/474989091973048618/","Pinterest","Christine Steyn-Stevens","caralienka","What is Sculptra? ✨ Sculptra is a revolutionary, FDA-approved injectable biostimulator that works by encouraging your skin’s natural collagen production, leading to gradual and long-lasting results. Unlike traditional fillers that inject hyaluronic acid to temporarily plump the skin, Sculptra acts as a biostimulator, meaning it stimulates your body’s own collagen production for more natural, subtle, and enduring enhancements. 🔬 Scientific-Backed Benefits of Sculptra: Collagen Stimulation: ...","What is Sculptra? ✨ Sculptra is a revolutionary, FDA-approved injectable biostimulator that works by encouraging your skin’s natural collagen production, leading to gradual and long-lasting results. Unlike traditional fillers that inject hyaluronic acid to temporarily plump the","2026-03-26T01:43","","social network","collagen_biostimulation","other","unknown","unknown","social_post","unknown","none","no","theme_supported","other","unknown","unknown","social_post","unknown","none","no","theme_supported","unresolved","low","No conservative second-pass rule resolved the ambiguity.","medical_aesthetics_ai_review_v1","","","","","","","","","","ai_reviewed_pending_human",""
"61","""""""6jEszEKdEItbJdKEU40E8g2zHjk""""""","https://ie.pinterest.com/pin/759489924704095987/","Pinterest","선여심","yeoshimsun76","Guide to use ✨Mary&May NEW Vegan Collagen Hydrogel Masks✨ For skin that’s hydrated, soothed and glowing! 💫How to use: 1. Cleanse your face and prep with toner or essence 2. Apply the mask (both sides usable!) 3. Leave on for 20-30 minutes 4. Remove and gently pat in the remaining essence 5. Follow with the moisturizer to seal in all the nutrients! 💫Pro Tip! Use 2 – 3 times a week for best results💡 Skincare made simple and super satisfying.🥰💝 🖤 Charcoal PDRN |❤️ Red Ginseng | 💚 Aloe Which m...","20-30 minutes 4. Remove and gently pat in the remaining essence 5. Follow with the moisturizer to seal in all the nutrients! 💫Pro Tip! Use 2 – 3 times a week for best results💡 Skincare made simple and super satisfying.🥰💝 🖤 Charcoal PDRN |❤️ Red Ginseng | 💚 Aloe Which m...","2026-06-11T08:56","","social network","collagen_biostimulation|regenerative_biology","provider_hcp","provider","unknown","social_post","provider_conversation","none","no","theme_supported","provider_hcp","provider","unknown","social_post","provider_conversation","none","no","theme_supported","unresolved","low","No conservative second-pass rule resolved the ambiguity.","medical_aesthetics_ai_review_v1","","","","","","","","","","ai_reviewed_pending_human",""
"62","""""""6nbYMpyM8OPk0o3FYPPu397Vyvg""""""","https://ie.pinterest.com/pin/301389400087807972/","Pinterest","Ehsan Rahimi","ehsanrahimi7921","Sculptra 🎀 Sculptra is NOT a filler, it’s a liquid that is placed superficially under the skin to stimulate your collagen. It’s placed in specific areas of your face to sculpt and enhance your natural beauty ✨ Because it’s not a filer and you don’t get that immediate gratification of a plump. You need to give it time and multiple treatments to see results. 🫶🏼 How Starr MedSpa uses this amazing product: ⭐️ 1. Treatments can be done on their own (1-2 vials) 2. Add on to your next treatmen...","Sculptra 🎀 Sculptra is NOT a filler, it’s a liquid that is placed superficially under the skin to stimulate your collagen. It’s placed in specific areas of your face to sculpt and enhance your natural beauty ✨ Because it’s not a filer and you don’t get that immediate","2026-05-29T03:56","","social network","collagen_biostimulation","provider_hcp","provider","unknown","social_post","provider_conversation","none","no","theme_supported","provider_hcp","provider","unknown","social_post","provider_conversation","none","no","theme_supported","unresolved","low","No conservative second-pass rule resolved the ambiguity.","medical_aesthetics_ai_review_v1","","","","","","","","","","ai_reviewed_pending_human",""
"63","""""""8pLLtT2Ze3xdCogkEMm9QIkD9sQ""""""","https://ie.pinterest.com/pin/66568900739690576/","Pinterest","Nicole Guzman","nicolemguzman","Struggling to turn followers into paying clients? These three powerful med spa marketing videos are exactly what your practice needs to build trust and get booked. Whether you're new to content or stuck on what to film, this guide breaks it all down. Includes bonus SEO tips and trending treatments like medical tape for wrinkles and salmon sperm facials. Tap to read the full blog post now.","med spa marketing videos are exactly what your practice needs to build trust and get booked. Whether you're new to content or stuck on what to film, this guide breaks it all down. Includes bonus SEO tips and trending treatments like medical tape for wrinkles and salmon sperm","2026-02-23T08:24","","social network","","provider_hcp","provider","unknown","social_post","provider_conversation","none","no","profile_supported_needs_review","provider_hcp","provider","unknown","social_post","provider_conversation","none","no","profile_supported_needs_review","unresolved","low","No conservative second-pass rule resolved the ambiguity.","medical_aesthetics_ai_review_v1","","","","","","","","","","ai_reviewed_pending_human",""
"64","""""""8TyQ3AEMrK8q1m6eSh8ud8Hv2p4""""""","https://ie.pinterest.com/pin/418412621661325794/","Pinterest","Sparkle.spectrumm","karolfriasll","From brightening ✨ to plumping 💧 and pore-refining 💜 — these 3 serums are my skincare must-haves! 🍋 Vitamin Illuminating → glow & even tone 🌿 Bakuchiol Plumping → smooth & bouncy skin 💜 Purple PDRN → refined pores & glass skin vibes","From brightening ✨ to plumping 💧 and pore-refining 💜 — these 3 serums are my skincare must-haves! 🍋 Vitamin Illuminating → glow & even tone 🌿 Bakuchiol Plumping → smooth & bouncy skin 💜 Purple PDRN → refined pores & glass skin vibes","2026-06-08T04:25","","social network","regenerative_biology","other","community_member","testimonial","community_review","unknown","none","no","theme_supported","other","community_member","testimonial","community_review","unknown","none","no","theme_supported","unresolved","low","No conservative second-pass rule resolved the ambiguity.","medical_aesthetics_ai_review_v1","","","","","","","","","","ai_reviewed_pending_human",""
"65","""""""9dRwlHy6LP41BHO0EwvZP5zwKv4""""""","https://ie.pinterest.com/pin/489555422021250331/","Pinterest","Mini Li","kkmomolhq","[CLINICAL EXPERIMENTS PROOF] With 222 participants, after 30m, skin moisture increased and was maintained by 186.885%, and skin glow increased and was maintained by 126.211%. Individual results may vary. [NON IRRITATING] 0 cases of irritation 24h after use. SPATULA INCLUDED FOR HYGIENIC PURPOSE [SALMON DNA] Powered by PDRN, the same ingredient in skin revitalization treatments, to strengthen hydration for a healthy-looking skin [HIGH-POTENCY COLLAGEN] Immerse your skin in a powerful collagen fac","126.211%. Individual results may vary. [NON IRRITATING] 0 cases of irritation 24h after use. SPATULA INCLUDED FOR HYGIENIC PURPOSE [SALMON DNA] Powered by PDRN, the same ingredient in skin revitalization treatments, to strengthen hydration for a healthy-looking skin [HIGH-POTENCY","2026-01-25T03:55","","social network","collagen_biostimulation|regenerative_biology","provider_hcp","provider","unknown","social_post","provider_conversation","none","no","theme_supported","provider_hcp","provider","unknown","social_post","provider_conversation","none","no","theme_supported","unresolved","low","No conservative second-pass rule resolved the ambiguity.","medical_aesthetics_ai_review_v1","","","","","","","","","","ai_reviewed_pending_human",""
"66","""""""A7fbZP55iCzP-4sYqz4uK2vQ6Gs""""""","https://cafe.naver.com/fmpia88/3336","Forums","","","고우리 6탄.액상 PCL은 눈가 잔주름에도 사용할 수 있을까요? crow’s feet 논문으로 보는 임상적 의미",", patient/evaluator-blinded, split-face study to compare the efficacy and safety of polycaprolactone and polynucleotide fillers in the correction of crow’s feet 입니다. 이 논문은 액상형 PCL 계열의 DLMR01과 polynucleotide filler를 같은 환자의 좌우 눈가에 나누어 주입한 뒤, 효과와 안전성을 비교한 split-face study라는 점에서 의미가","2026-05-18T18:26","South Korea","forum","","other","unknown","unknown","forum_post","forum","none","no","profile_supported_needs_review","other","unknown","unknown","forum_post","forum","none","no","profile_supported_needs_review","unresolved","low","No conservative second-pass rule resolved the ambiguity.","medical_aesthetics_ai_review_v1","","","","","","","","","","ai_reviewed_pending_human",""
"67","""""""BwT2gh2DCKVHe5Tr1h4byTGq6To""""""","https://ie.pinterest.com/pin/86905467803688439/","Pinterest","Bruidsgids & Wedding Guide","bruidsgids","Diamond PRP Platelet-Rich Plasma (PRP) is an advanced regenerative treatment that uses components from your own blood to stimulate healing, repair tissue and rejuvenate the skin. PRP contains a high concentration of platelets that release growth factors responsible for tissue regeneration, collagen production and cellular repair. These natural growth factors mimic the body’s own healing process. When PRP is injected into targeted areas, it stimulates the production of collagen, elastin and new blood vessels, helping to restore healthier tissue and improve overall skin quality. #weddings #weddingdecor #decor #wedding #engaged #verloof #decoration #photography #events #weddingseason #weddingvenue #eventdesign #engagement #weddingreception #bridal #weddingceremony #weddingorganizer","Diamond PRP Platelet-Rich Plasma (PRP) is an advanced regenerative treatment that uses components from your own blood to stimulate healing, repair tissue and rejuvenate the skin. PRP contains a high concentration of platelets that release growth factors responsible for tissue","2026-04-07T04:55","","social network","skin_quality_over_volume|collagen_biostimulation|regenerative_biology","other","unknown","unknown","social_post","unknown","none","no","theme_supported","other","unknown","unknown","social_post","unknown","none","no","theme_supported","unresolved","low","No conservative second-pass rule resolved the ambiguity.","medical_aesthetics_ai_review_v1","","","","","","","","","","ai_reviewed_pending_human",""
"68","""""""Cj0EBa5PbztBJli6k4XSSjvWxfY""""""","https://ie.pinterest.com/pin/152840981100420134/","Pinterest","Sarah Rachelle","sdeault24","Japan’s beauty market is six months ahead of everywhere else. And right now, it’s signalling something that most European beauty founders haven’t clocked yet. I’ve been looking at keyword data from the top 50 exosome skincare products on Qoo10, and what it reveals isn’t really about exosomes at all. It’s about a fundamental shift in how premium consumers are making purchase decisions. The research happens one way. The buy happens another. And the gap between those two things is where a lo...","European beauty founders haven’t clocked yet. I’ve been looking at keyword data from the top 50 exosome skincare products on Qoo10, and what it reveals isn’t really about exosomes at all. It’s about a fundamental shift in how premium consumers are making purchase decisions. The","2026-05-31T21:05","","social network","regenerative_biology","other","unknown","unknown","social_post","unknown","none","no","theme_supported","other","unknown","unknown","social_post","unknown","none","no","theme_supported","unresolved","low","No conservative second-pass rule resolved the ambiguity.","medical_aesthetics_ai_review_v1","","","","","","","","","","ai_reviewed_pending_human",""
"69","""""""cRqoUMzPXNXZkoWYTPUbmpTUGRs""""""","https://www.trendymomreviews.com/2026/03/best-affordable-k-beauty-products-that.html","Dallas Mom Blog and Fort Worth Mom Blogger: Trendy Mom Reviews","noreply@blogger.com (Unknown)","","Best Affordable K-Beauty Products That Actually Work: My Top Rael Beauty Picks for Sensitive, Tretinoin-Damaged Skin in 2026","Is the Rael Beauty Collagen + PDRN Hydrogel Mask the best affordable K-Beauty mask for Tretinoin users? Yes—hands down! This is my go-to hydrogel mask, and it's packed with an entire bottle's worth of serum in every single sheet. The collagen + PDRN combo deeply hydrates, plumps,","2026-03-23T16:23","United States","blog","collagen_biostimulation|regenerative_biology","provider_hcp","provider","unknown","blog_post","provider_conversation","none","no","theme_supported","provider_hcp","provider","unknown","blog_post","provider_conversation","none","no","theme_supported","unresolved","low","No conservative second-pass rule resolved the ambiguity.","medical_aesthetics_ai_review_v1","","","","","","","","","","ai_reviewed_pending_human",""
"70","""""""cYVYkem3EG4cAD6tpgQClN37LiA""""""","https://ie.pinterest.com/pin/736268239121548284/","Pinterest","Lily Sykora","lsykora65","Anti-age is not about looking different — it’s about looking like yourself, only fresher Modern aesthetic treatments don’t aim to “change” the face. Their goal is to restore what time has gradually taken away: volume, elasticity, clear contours, skin glow. Botulinotherapy smooths expression lines. Fillers bring back natural volume and balance. Skin boosters and collagen stimulators improve skin quality from within. Peels and PRP renew texture and tone. Step by step, these treatments create...","elasticity, clear contours, skin glow. Botulinotherapy smooths expression lines. Fillers bring back natural volume and balance. Skin boosters and collagen stimulators improve skin quality from within. Peels and PRP renew texture and tone. Step by step, these treatments create...","2026-01-12T11:58","","social network","skin_quality_over_volume|collagen_biostimulation|regenerative_biology","provider_hcp","provider","unknown","social_post","provider_conversation","none","no","theme_supported","provider_hcp","provider","unknown","social_post","provider_conversation","none","no","theme_supported","unresolved","low","No conservative second-pass rule resolved the ambiguity.","medical_aesthetics_ai_review_v1","","","","","","","","","","ai_reviewed_pending_human",""
"71","""""""DWbAzjVlJRNcBOYH7MSClF2i7C8""""""","https://ie.pinterest.com/pin/161214861661104160/","Pinterest","Beauty Blue Skincare","tararickettsstarfall","Let your skin drink slowly. ✨ Real transformation isn’t rushed—it’s nurtured, day by day. Consistency with pure, nutrient-rich oils restores what time has taken, strengthening your barrier, softening fine lines, and bringing your natural glow back to life. This isn’t quick-fix skincare… this is skin longevity. 🌿 https://beautyblueskincare.etsy.com #BeautyBlue #MatureSkinCare #SkinBarrierRepair #NaturalGlow #FaceOilBenefits","has taken, strengthening your barrier, softening fine lines, and bringing your natural glow back to life. This isn’t quick-fix skincare… this is skin longevity. 🌿 https://beautyblueskincare.etsy.com #BeautyBlue #MatureSkinCare #SkinBarrierRepair #NaturalGlow #FaceOilBenefits","2026-03-23T15:40","","social network","","other","unknown","unknown","social_post","unknown","none","no","profile_supported_needs_review","other","unknown","unknown","social_post","unknown","none","no","profile_supported_needs_review","unresolved","low","No conservative second-pass rule resolved the ambiguity.","medical_aesthetics_ai_review_v1","","","","","","","","","","ai_reviewed_pending_human",""
"72","""""""ehhRmvwb50y1m5K0LHHad7-9LxU""""""","https://ie.pinterest.com/pin/492370171782938501/","Pinterest","Sydney Meade","sydneymmeade","Curious about PRP, PRF, or EZGEL PRF for natural collagen boosting or as a filler alternative? Let me show you why EZGEL PRF is the ultimate game-changer. 💉✨ #EZGELPRF #CollagenBoost #NaturalBeautyTrends #SkinRejuvenation #NonSurgicalGlow #AestheticMedicine #GlowUpJourney #LosAngelesAesthetics","Curious about PRP, PRF, or EZGEL PRF for natural collagen boosting or as a filler alternative? Let me show you why EZGEL PRF is the ultimate game-changer. 💉✨ #EZGELPRF #CollagenBoost #NaturalBeautyTrends #SkinRejuvenation #NonSurgicalGlow #AestheticMedicine #GlowUpJourney #","2026-05-16T15:32","","social network","collagen_biostimulation|regenerative_biology","other","unknown","unknown","social_post","unknown","none","no","theme_supported","other","unknown","unknown","social_post","unknown","none","no","theme_supported","unresolved","low","No conservative second-pass rule resolved the ambiguity.","medical_aesthetics_ai_review_v1","","","","","","","","","","ai_reviewed_pending_human",""
"73","""""""frh_OQSA8aa0aFVVuZqH8R36eMY""""""","https://ie.pinterest.com/pin/661536632808828938/","Pinterest","Султаналиева Шербет","sherbetsultanalieva","Sculptra 🎀 Sculptra is NOT a filler, it’s a liquid that is placed superficially under the skin to stimulate your collagen. It’s placed in specific areas of your face to sculpt and enhance your natural beauty ✨ Because it’s not a filer and you don’t get that immediate gratification of a plump. You need to give it time and multiple treatments to see results. 🫶🏼 How Starr MedSpa uses this amazing product: ⭐️ 1. Treatments can be done on their own (1-2 vials) 2. Add on to your next treatmen...","Sculptra 🎀 Sculptra is NOT a filler, it’s a liquid that is placed superficially under the skin to stimulate your collagen. It’s placed in specific areas of your face to sculpt and enhance your natural beauty ✨ Because it’s not a filer and you don’t get that immediate","2026-02-04T08:44","","social network","collagen_biostimulation","provider_hcp","provider","unknown","social_post","provider_conversation","none","no","theme_supported","provider_hcp","provider","unknown","social_post","provider_conversation","none","no","theme_supported","unresolved","low","No conservative second-pass rule resolved the ambiguity.","medical_aesthetics_ai_review_v1","","","","","","","","","","ai_reviewed_pending_human",""
"74","""""""FTl82LAeV8TifTajfNFqYoK4Q1Y""""""","https://ie.pinterest.com/pin/369506344450040370/","Pinterest","Gabriela B","cooklovesbooks","This luxury healing trio — helichrysum, frankincense, and myrrh — is widely used in clean beauty skincare to support skin regeneration, scar repair, and barrier restoration. Learn how to properly blend these potent oils with gentle carrier oils like jojoba, rosehip, plum oil, and evening primrose to create a balanced, skin-safe formulation. Save this guide for luxury skincare education and natural skin healing.","This luxury healing trio — helichrysum, frankincense, and myrrh — is widely used in clean beauty skincare to support skin regeneration, scar repair, and barrier restoration. Learn how to properly blend these potent oils with gentle carrier oils like jojoba, rosehip, plum oil, and","2026-04-15T13:35","","social network","","other","unknown","unknown","social_post","unknown","none","no","profile_supported_needs_review","other","unknown","unknown","social_post","unknown","none","no","profile_supported_needs_review","unresolved","low","No conservative second-pass rule resolved the ambiguity.","medical_aesthetics_ai_review_v1","","","","","","","","","","ai_reviewed_pending_human",""
"75","""""""gqW6sGMOxpvNNP2eKRrR4f_jgYI""""""","https://ie.pinterest.com/pin/870672540481562098/","Pinterest","🪼˚⊱Yuki⊰˚🪼","assagra13","1.9K views · 278 reactions | Dr.Reju-All’s viral PDRN cream! With its optimal concentration and visible results, it’s been truly loved this year 💙 As a Korean pharmacy-based skincare brand, we’ll keep working to deliver what we call the Right Answer because your skin deserves it. #pdrncream #kpharmacyskincare #kbeautybrand #drrejuall #fyp | Dr.Reju-All | Facebook","1.9K views · 278 reactions | Dr.Reju-All’s viral PDRN cream! With its optimal concentration and visible results, it’s been truly loved this year 💙 As a Korean pharmacy-based skincare brand, we’ll keep working to deliver what we call the Right Answer because your skin deserves it","2026-03-12T12:59","","social network","regenerative_biology","provider_hcp","provider","unknown","social_post","provider_conversation","none","no","theme_supported","provider_hcp","provider","unknown","social_post","provider_conversation","none","no","theme_supported","unresolved","low","No conservative second-pass rule resolved the ambiguity.","medical_aesthetics_ai_review_v1","","","","","","","","","","ai_reviewed_pending_human",""
"76","""""""GsFlx7mJmzbshwHzh-rGNkv5x64""""""","https://ie.pinterest.com/pin/536139530664808606/","Pinterest","Regina Paulk","regina51392","PDRN skincare became incredibly popular in Korea, but different formulas can feel completely different depending on your skin type and barrier condition. In this guide, I compared hydrating, barrier-focused, lightweight, and calming Korean PDRN products so you can choose something that actually matches your skin needs instead of following trends blindly. Explore more Korean skincare recommendations, ingredient analysis, and practical skincare education at www.koreanskincarecoach.com","PDRN skincare became incredibly popular in Korea, but different formulas can feel completely different depending on your skin type and barrier condition. In this guide, I compared hydrating, barrier-focused, lightweight, and calming Korean PDRN products so you can choose","2026-06-13T23:53","","social network","regenerative_biology","other","unknown","unknown","social_post","unknown","none","no","theme_supported","other","unknown","unknown","social_post","unknown","none","no","theme_supported","unresolved","low","No conservative second-pass rule resolved the ambiguity.","medical_aesthetics_ai_review_v1","","","","","","","","","","ai_reviewed_pending_human",""
"77","""""""haUbgvQelBiAbNNnCN4xy3HeG4k""""""","https://ie.pinterest.com/pin/307933693295605027/","Pinterest","Poonam Bhatnagar","poonam2566bhtngr","Looking to improve the appearance of scars naturally? These carrier oils and resins are known for supporting skin regeneration, barrier repair, and improved texture. Learn why rosehip, tamanu, frankincense, and myrrh are trusted in clean beauty routines for scar care and skin renewal. Save this guide for natural skincare education.","These carrier oils and resins are known for supporting skin regeneration, barrier repair, and improved texture. Learn why rosehip, tamanu, frankincense, and myrrh are trusted in clean beauty routines for scar care and skin renewal. Save this guide for natural skincare education.","2026-01-30T22:15","","social network","skin_quality_over_volume","other","unknown","unknown","social_post","unknown","none","no","theme_supported","other","unknown","unknown","social_post","unknown","none","no","theme_supported","unresolved","low","No conservative second-pass rule resolved the ambiguity.","medical_aesthetics_ai_review_v1","","","","","","","","","","ai_reviewed_pending_human",""
"78","""""""i8J9T-1F6HB2NJjWIyIWoHSgfus""""""","https://amazingnewface.wordpress.com/2026/02/05/botox-or-prp-which-one-is-better-for-aging-skin/","wordpress.com","Alireza Hashemnejad","alireza hashemnejad","Botox or PRP: Which One is Better for Aging Skin?","no downtime. However, Botox does not address skin quality or structure itself—its main job is controlling muscle movement to reduce the formation of wrinkles caused by facial expressions. What is PRP (Platelet-Rich Plasma)? PRP therapy is a natural treatment that","2026-02-05T12:32","","blog","skin_quality_over_volume|regenerative_biology","other","unknown","unknown","blog_post","personal_blog","none","no","theme_supported","other","unknown","unknown","blog_post","personal_blog","none","no","theme_supported","unresolved","low","No conservative second-pass rule resolved the ambiguity.","medical_aesthetics_ai_review_v1","","","","","","","","","","ai_reviewed_pending_human",""
"79","""""""j-k0Zg6ORYsbMy0Z7Xrku7UmIqY""""""","https://ie.pinterest.com/pin/365847169749781566/","Pinterest","Rank & Style","rankandstyle","Exosomes are tiny messengers that allow skin cells to communicate — helping repair damage, boost collagen, calm inflammation, and strengthen the skin barrier. We break down what exosomes are, how they work, and the best exosome products worth adding to your skincare routine. #exosomeskincare #skincareeducation #beautyeditorial #skincaretrends #antiagingskincare #rankandstyle","Exosomes are tiny messengers that allow skin cells to communicate — helping repair damage, boost collagen, calm inflammation, and strengthen the skin barrier. We break down what exosomes are, how they work, and the best exosome products worth adding to your skincare routine. #","2026-01-28T20:45","","social network","collagen_biostimulation|regenerative_biology","other","unknown","unknown","social_post","unknown","none","no","theme_supported","other","unknown","unknown","social_post","unknown","none","no","theme_supported","unresolved","low","No conservative second-pass rule resolved the ambiguity.","medical_aesthetics_ai_review_v1","","","","","","","","","","ai_reviewed_pending_human",""
"80","""""""KlYcTdaINfRc9nzHkfU6sXfcRLs""""""","https://ie.pinterest.com/pin/329959110221673269/","Pinterest","Оля Васильчук","kydrywka11","✨Proof that skin goals aren’t one-size-fits-all.✨ This glowy transformation is the result of a customized combo approach: 🔹 Morpheus8 for skin tightening and collagen stimulation 🔹 PRF for undereye rejuvenation and long-term volume support 🔹 Subtle filler for balance, structure, and softness No filters—just a carefully curated plan and one month of healing between visits. Her skin is visibly tighter, brighter, and smoother… and we’re obsessed. 😍 Because true results come from working wi...","-size-fits-all.✨ This glowy transformation is the result of a customized combo approach: 🔹 Morpheus8 for skin tightening and collagen stimulation 🔹 PRF for undereye rejuvenation and long-term volume support 🔹 Subtle filler for balance, structure, and softness No filters—just a","2026-01-07T09:45","","social network","collagen_biostimulation|regenerative_biology","other","unknown","unknown","social_post","unknown","none","no","theme_supported","other","unknown","unknown","social_post","unknown","none","no","theme_supported","unresolved","low","No conservative second-pass rule resolved the ambiguity.","medical_aesthetics_ai_review_v1","","","","","","","","","","ai_reviewed_pending_human",""
"81","""""""LPBbcsg2Qj8I5fE2cM9TSMAo1Ug""""""","https://ie.pinterest.com/pin/508203139224327282/","Pinterest","KRISSY JAY","babbitw33dy","Looking to improve the appearance of scars naturally? These carrier oils and resins are known for supporting skin regeneration, barrier repair, and improved texture. Learn why rosehip, tamanu, frankincense, and myrrh are trusted in clean beauty routines for scar care and skin renewal. Save this guide for natural skincare education.","These carrier oils and resins are known for supporting skin regeneration, barrier repair, and improved texture. Learn why rosehip, tamanu, frankincense, and myrrh are trusted in clean beauty routines for scar care and skin renewal. Save this guide for natural skincare education.","2026-01-29T16:54","","social network","skin_quality_over_volume","other","unknown","unknown","social_post","unknown","none","no","theme_supported","other","unknown","unknown","social_post","unknown","none","no","theme_supported","unresolved","low","No conservative second-pass rule resolved the ambiguity.","medical_aesthetics_ai_review_v1","","","","","","","","","","ai_reviewed_pending_human",""
"82","""""""mNI9ZT3O9fjiBzMio4HFl1xzzGk""""""","https://ie.pinterest.com/pin/697917273549512704/","Pinterest","Вера","verysechkab","PRF Microneedling, utilizing your body’s Platelet-Rich Fibrin, enhances the traditional microneedling process by combining it with natural growth factors. This advanced technique creates controlled micro-injuries on the skin’s surface, triggering the body’s natural healing response. The addition of PRF significantly boosts collagen and elastin production, leading to enhanced skin rejuvenation and structural improvement. Clinical studies support the efficacy of microneedling in improving the appearance of facial acne scars in individuals aged 22 and older and addressing neck wrinkles, with PRF further amplifying these results.","healing response. The addition of PRF significantly boosts collagen and elastin production, leading to enhanced skin rejuvenation and structural improvement. Clinical studies support the efficacy of microneedling in improving the appearance of facial acne scars in individuals","2026-05-28T10:48","","social network","collagen_biostimulation|regenerative_biology","other","unknown","unknown","social_post","unknown","none","no","theme_supported","other","unknown","unknown","social_post","unknown","none","no","theme_supported","unresolved","low","No conservative second-pass rule resolved the ambiguity.","medical_aesthetics_ai_review_v1","","","","","","","","","","ai_reviewed_pending_human",""
"83","""""""n4y9FFO3BqAp-SDvQ2bN6ce8K3M""""""","https://ie.pinterest.com/pin/2885187258545453/","Pinterest","Image & Intrigue","dorriesiobhan","A modern breakdown of two cult treatments: PRF vs PRP. Learn the difference, benefits, and what to expect for under-eye rejuvenation that feels as refined as it looks. Aesthetic education, decoded by ARCHIVV Insider+. #archivvinsider #modernbeauty #skincareeducation #aestheticwellness","breakdown of two cult treatments: PRF vs PRP. Learn the difference, benefits, and what to expect for under-eye rejuvenation that feels as refined as it looks. Aesthetic education, decoded by ARCHIVV Insider+. #archivvinsider #modernbeauty #skincareeducation #aestheticwellness","2026-06-08T16:32","","social network","regenerative_biology","provider_hcp","provider","unknown","provider_social_post","provider_conversation","none","no","theme_supported","provider_hcp","provider","unknown","provider_social_post","provider_conversation","none","no","theme_supported","unresolved","low","No conservative second-pass rule resolved the ambiguity.","medical_aesthetics_ai_review_v1","","","","","","","","","","ai_reviewed_pending_human",""
"84","""""""nErGZU-Sd0nAcHvA0UxnrNPl-4g""""""","https://ameblo.jp/malikun01/entry-12961437233.html","瑠璃の壺","","","""""""at face value""""""","が面白い。 ◎ 引用した英文の出典 (BBC, 2026-04-30 JST) Salmon sperm to bird droppings: The science behind bizarre skincare trends → https://www.bbc.com/future/article/20260327-the-bizarre-skincare-rituals-that-might-actually-work 記事のタイトルに Salmon sperm to bird droppings（ 鮭の精子から鳥の糞まで）とあるのも、読","2026-03-30T10:23","Japan","blog","","other","unknown","unknown","blog_post","personal_blog","none","no","profile_supported_needs_review","other","unknown","unknown","blog_post","personal_blog","none","no","profile_supported_needs_review","unresolved","low","No conservative second-pass rule resolved the ambiguity.","medical_aesthetics_ai_review_v1","","","","","","","","","","ai_reviewed_pending_human",""
"85","""""""NZIyEvwCBuVAwOWVWI5V-liEll4""""""","https://ie.pinterest.com/pin/518969557082791100/","Pinterest","Antonia","sweetpassions07","If I lost my entire skincare collection tomorrow, these are the products I would repurchase first 🤍✨ As someone with combination, acne-prone skin that has struggled with cystic acne, post-acne marks, dehydration, and a damaged skin barrier, I'm very careful about what earns a permanent spot in my routine. These Korean skincare favorites have consistently worked for my skin: ✨ VT PDRN R5 Firming Ampoule ✨ Anua Heartleaf Quercetinol Pore Deep Cleansing Foam ✨ Anua Niacinamide 10% + TXA 4% Se...","a damaged skin barrier, I'm very careful about what earns a permanent spot in my routine. These Korean skincare favorites have consistently worked for my skin: ✨ VT PDRN R5 Firming Ampoule ✨ Anua Heartleaf Quercetinol Pore Deep Cleansing Foam ✨ Anua Niacinamide 10% + TXA 4% Se...","2026-06-04T12:22","","social network","regenerative_biology","provider_hcp","provider","unknown","social_post","provider_conversation","none","no","theme_supported","provider_hcp","provider","unknown","social_post","provider_conversation","none","no","theme_supported","unresolved","low","No conservative second-pass rule resolved the ambiguity.","medical_aesthetics_ai_review_v1","","","","","","","","","","ai_reviewed_pending_human",""
"86","""""""obsoQVR1FKuUeGHtIUMq8zwCHRU""""""","https://ie.pinterest.com/pin/812336851587130711/","Pinterest","Wong Eddie","ew13911119591","Our powerful triple-action serum creates an instant matrix for skin regeneration and glow. A lightweight, non-greasy skin perfecting liquid that gives you skin that feels brand new, ready for any close up. Sophora and Licorice unify and even skin tone while natural fruit acids (5%) resurface skin, leaving it healthier, clearer and visibly more perfect, Provides clarity and radiance, even skin tone, increased hydration and rejuvenation. Results Skin left instantly refreshed, reducing the appearance of pigmented cells, dark spots and uneven skin tone for natural clarity and radiance. Formulated with a triple-action instant matrix impact on skin health and appearance. Sophora and Licorice roots leave skin looking instantly noticeably brighter and more uniform. Natural fruits acids (5%) refres","Our powerful triple-action serum creates an instant matrix for skin regeneration and glow. A lightweight, non-greasy skin perfecting liquid that gives you skin that feels brand new, ready for any close up. Sophora and Licorice unify and even skin tone while natural fruit acids (5","2026-01-21T03:35","","social network","natural_results|skin_quality_over_volume","other","unknown","unknown","social_post","unknown","none","no","theme_supported","other","unknown","unknown","social_post","unknown","none","no","theme_supported","unresolved","low","No conservative second-pass rule resolved the ambiguity.","medical_aesthetics_ai_review_v1","","","","","","","","","","ai_reviewed_pending_human",""
"87","""""""P_usDTMjizFuptOMeGlf7bUhtk0""""""","https://ie.pinterest.com/pin/118149190220684610/","Pinterest","Symone Jackson","symonej19","Exosomes are the future of skin rejuvenation. They trigger repair, boost collagen, calm redness, and speed recovery after treatments like microneedling. At The Luxe Room, exosomes are the go-to for clients who want firmer, glowing skin that stays balanced long-term.","Exosomes are the future of skin rejuvenation. They trigger repair, boost collagen, calm redness, and speed recovery after treatments like microneedling. At The Luxe Room, exosomes are the go-to for clients who want firmer, glowing skin that stays balanced long-term.","2026-04-24T16:07","","social network","collagen_biostimulation|regenerative_biology","other","unknown","unknown","social_post","unknown","none","no","theme_supported","other","unknown","unknown","social_post","unknown","none","no","theme_supported","unresolved","low","No conservative second-pass rule resolved the ambiguity.","medical_aesthetics_ai_review_v1","","","","","","","","","","ai_reviewed_pending_human",""
"88","""""""PVuNH41BV5pb0cOazH0dxknt2M4""""""","https://linevoom.line.me/post/1177191694185733735","LINE Voom","Omyai.derlain","omyai.derlain","","✨ Program Profhilo ฟื้นฟูงานผิวระดับโครงสร้าง ให้ดูอ่อนเยาว์อย่างเป็นธรรมชาติ ไม่ใช่แค่การเติมน้ำให้ผิว แต่คือการรีเซ็ตผิวให้ดูเด็กลงจากภายใน ด้วยโปรแกรม Profhilo นวัตกรรมดูแลผิวที่เน้นการปรับปรุงคุณภาพผิว (Skin Quality) โดยตรง 🔍 ทำความรู้จัก Profhilo ให้มากขึ้น 📍Hyaluronic","2026-02-24T02:09","","social network","skin_quality_over_volume","other","unknown","unknown","social_post","unknown","none","no","theme_supported","other","unknown","unknown","social_post","unknown","none","no","theme_supported","unresolved","low","No conservative second-pass rule resolved the ambiguity.","medical_aesthetics_ai_review_v1","","","","","","","","","","ai_reviewed_pending_human",""
"89","""""""r-AzFZeIGENhMKmyJl27nNZUtmI""""""","https://www.tiktok.com/@shopwith_less/video/7646246707709119758?utm_campaign=tt4d_open_api&utm_source=mapi","Tiktok","shopwith_less","shopwith_less","","daily the milky toner is wow, medicube pdrn pink serum is game changer for my skin makes skin super smooth and glowy, rantinal is my favorite everyday night time skin care, la Roche Posay must have mosturizer. #skincare@rhode skin @LaRochePosayUS @Murad Skincare @medicube global","2026-05-31T22:22","","social network","regenerative_biology","other","unknown","unknown","social_post","unknown","none","no","theme_supported","other","unknown","unknown","social_post","unknown","none","no","theme_supported","unresolved","low","No conservative second-pass rule resolved the ambiguity.","medical_aesthetics_ai_review_v1","","","","","","","","","","ai_reviewed_pending_human",""
"90","""""""sY8fcf4h3sop3hMbIQM-501yZr4""""""","https://ie.pinterest.com/pin/336995984640784890/","Pinterest","Amanda Ratych","aratych","Looking to improve the appearance of scars naturally? These luxury carrier oils and resins are known for supporting skin regeneration, barrier repair, and improved texture. Learn why rosehip, tamanu, frankincense, myrrh, and helichrysum are trusted in high-end clean beauty routines for scar care and skin healing. Save this guide for luxury skincare education.","resins are known for supporting skin regeneration, barrier repair, and improved texture. Learn why rosehip, tamanu, frankincense, myrrh, and helichrysum are trusted in high-end clean beauty routines for scar care and skin healing. Save this guide for luxury skincare education.","2026-06-11T06:25","Canada","social network","skin_quality_over_volume","other","unknown","unknown","social_post","unknown","none","no","theme_supported","other","unknown","unknown","social_post","unknown","none","no","theme_supported","unresolved","low","No conservative second-pass rule resolved the ambiguity.","medical_aesthetics_ai_review_v1","","","","","","","","","","ai_reviewed_pending_human",""
"91","""""""T1CnBU70VweGRp6MLAGYB_tL5ho""""""","https://ie.pinterest.com/pin/344666177754373543/","Pinterest","Fer G.","ferzz","Before salmon sperm facials took over BeautyTok, we launched The BARRIER Bioactive Treatment, which already featured PDRN (Sodium DNA). Get to know the buzzy ingredient powering our bestselling barrier mask.","Before salmon sperm facials took over BeautyTok, we launched The BARRIER Bioactive Treatment, which already featured PDRN (Sodium DNA). Get to know the buzzy ingredient powering our bestselling barrier mask.","2026-04-28T18:52","","social network","regenerative_biology","other","unknown","unknown","social_post","unknown","none","no","theme_supported","other","unknown","unknown","social_post","unknown","none","no","theme_supported","unresolved","low","No conservative second-pass rule resolved the ambiguity.","medical_aesthetics_ai_review_v1","","","","","","","","","","ai_reviewed_pending_human",""
"92","""""""tiktok_7594350174160358687""""""","https://www.tiktok.com/@jennifer_may833/video/7594350174160358687?utm_campaign=tt4d_open_api&utm_source=mapi","Tiktok","jennifer_may833","jennifer_may833","","My skincare for tonight! My cosrx 6 peptide skin booster serum is almost empty! @Bubble Skincare @Thayers @Good Molecules @COSRX US @SHISEIDO","2026-01-12T00:57","","social network","skin_quality_over_volume","provider_hcp","provider","unknown","social_post","provider_conversation","none","no","theme_supported","provider_hcp","provider","unknown","social_post","provider_conversation","none","no","theme_supported","unresolved","low","No conservative second-pass rule resolved the ambiguity.","medical_aesthetics_ai_review_v1","","","","","","","","","","ai_reviewed_pending_human",""
"93","""""""TjKwX96KYRxmogv_p5I071weTKQ""""""","https://ie.pinterest.com/pin/494059021649098245/","Pinterest","Laura Blancafort","laurablancafort","WHO NEEDS SCULPTRA? Sculptra isn’t a filler — it’s a collagen stimulator. It doesn’t just “fill” lines — it helps your skin rebuild itself from within. It’s perfect if you notice: • loss of firmness or facial volume • sagging cheeks or jawline • dull, tired skin with less elasticity • hollow areas (temples, under cheeks) • you want slow, natural results without changing your face shape Sculptra works gradually — over several weeks your skin becomes denser, smoother, and lifted as new colla...","WHO NEEDS SCULPTRA? Sculptra isn’t a filler — it’s a collagen stimulator. It doesn’t just “fill” lines — it helps your skin rebuild itself from within. It’s perfect if you notice: • loss of firmness or facial volume • sagging cheeks or jawline • dull, tired skin with less","2026-04-02T05:23","","social network","natural_results|skin_quality_over_volume|collagen_biostimulation","provider_hcp","provider","unknown","social_post","provider_conversation","none","no","theme_supported","provider_hcp","provider","unknown","social_post","provider_conversation","none","no","theme_supported","unresolved","low","No conservative second-pass rule resolved the ambiguity.","medical_aesthetics_ai_review_v1","","","","","","","","","","ai_reviewed_pending_human",""
"94","""""""V9Xhduw4Zjnzgvfzc0Emw2JhoFs""""""","https://histyle.ie/spring-skin-reset-with-corinna-tolan-why-skin-longevity-and-inflammation-control-matter-more-than-ever/","Hi Style.ie","himag","","Spring Skin, Reset With Corinna Tolan: Why Skin Longevity And Inflammation Control Matter More Than Ever","Spring Skin, Reset With Corinna Tolan: Why Skin Longevity and Inflammation Control Matter More Than Ever As we transition to slightly higher temperatures, winter becomes one of the most inflammatory periods for the skin, with its effects often surfacing during the seasonal change","2026-02-10T08:15","Ireland","blog","","other","unknown","unknown","blog_post","personal_blog","none","no","profile_supported_needs_review","other","unknown","unknown","blog_post","personal_blog","none","no","profile_supported_needs_review","unresolved","low","No conservative second-pass rule resolved the ambiguity.","medical_aesthetics_ai_review_v1","","","","","","","","","","ai_reviewed_pending_human",""
"95","""""""wEdcacwNiCppMMf6lR7SQQZS7uI""""""","https://ie.pinterest.com/pin/696721004898855383/","Pinterest","Sayda Sanchez","saydasanchez196","Sculptra 🎀 Sculptra is NOT a filler, it’s a liquid that is placed superficially under the skin to stimulate your collagen. It’s placed in specific areas of your face to sculpt and enhance your natural beauty ✨ Because it’s not a filer and you don’t get that immediate gratification of a plump. You need to give it time and multiple treatments to see results. 🫶🏼 How Starr MedSpa uses this amazing product: ⭐️ 1. Treatments can be done on their own (1-2 vials) 2. Add on to your next treatmen...","Sculptra 🎀 Sculptra is NOT a filler, it’s a liquid that is placed superficially under the skin to stimulate your collagen. It’s placed in specific areas of your face to sculpt and enhance your natural beauty ✨ Because it’s not a filer and you don’t get that immediate","2026-02-10T11:58","","social network","collagen_biostimulation","provider_hcp","provider","unknown","social_post","provider_conversation","none","no","theme_supported","provider_hcp","provider","unknown","social_post","provider_conversation","none","no","theme_supported","unresolved","low","No conservative second-pass rule resolved the ambiguity.","medical_aesthetics_ai_review_v1","","","","","","","","","","ai_reviewed_pending_human",""
"96","""""""wFOAB7DzuDe2vQxlhakGx84W_x4""""""","https://ie.pinterest.com/pin/999588079810627662/","Pinterest","18814107596","0b9d0agcrc303syaqp0pxxm11uikw7","Your skin follows a rhythm that existed long before any skincare routine. Around 11 PM, your body naturally slows down and enters its repair state. During deep sleep, skin regeneration becomes more active, and melatonin helps reduce the stress your skin accumulates during the day. This is the time when collagen is supported and skin recovery happens on its own. The skin barrier slightly adjusts to allow these natural processes. This isn’t a trend or a skincare tip. It’s simply how the body works. Take care of your skin during the day. Let it restore itself at night. And don’t interrupt a process that already knows what to do.","Your skin follows a rhythm that existed long before any skincare routine. Around 11 PM, your body naturally slows down and enters its repair state. During deep sleep, skin regeneration becomes more active, and melatonin helps reduce the stress your skin accumulates during the day","2026-05-28T04:10","","social network","collagen_biostimulation","provider_hcp","provider","unknown","social_post","provider_conversation","none","no","theme_supported","provider_hcp","provider","unknown","social_post","provider_conversation","none","no","theme_supported","unresolved","low","No conservative second-pass rule resolved the ambiguity.","medical_aesthetics_ai_review_v1","","","","","","","","","","ai_reviewed_pending_human",""
"97","""""""Xm8CdIqu1tOOPhKdf0JC341KV74""""""","https://fabelish.com/craith-lab-serious-science-serious-skin/","Fabelish","Amanda","","Craith Lab: Serious Science. Serious Skin.","Skincare that leans on epigenetics, collagen regeneration, and skin-barrier intelligence doesn’t need hype—it needs results. Craith Lab plays in that space with high-performance formulas designed to strengthen, protect, and visibly improve the skin, day and night. Think fast-","2026-02-02T12:25","","blog","collagen_biostimulation","other","unknown","unknown","blog_post","personal_blog","none","no","theme_supported","other","unknown","unknown","blog_post","personal_blog","none","no","theme_supported","unresolved","low","No conservative second-pass rule resolved the ambiguity.","medical_aesthetics_ai_review_v1","","","","","","","","","","ai_reviewed_pending_human",""
"98","""""""YmAS8GFVBkTGErENEh-dNErZ3sg""""""","https://ie.pinterest.com/pin/127437864452057286/","Pinterest","🌴🦩🍹","eodoid123","Discover how combining microneedling with exosomes creates powerful regenerative results. This treatment boosts collagen production up to 400% and addresses multiple skin concerns simultaneously. ✅ Perfect for: acne scars, fine lines, skin texture, sun damage & aging skin ✅ What to expect: treatment process, recovery timeline & realistic results ✅ Essential aftercare protocols to maximize your investment ✅ Safety considerations & how to choose qualified providers Learn about exosome sources, treatment protocols, cost breakdown & real patient results in this comprehensive evidence-based guide. Read the full article → myexosthetics.com","Discover how combining microneedling with exosomes creates powerful regenerative results. This treatment boosts collagen production up to 400% and addresses multiple skin concerns simultaneously. ✅ Perfect for: acne scars, fine lines, skin texture, sun damage & aging skin ✅ What","2026-01-13T08:50","","social network","skin_quality_over_volume|collagen_biostimulation|regenerative_biology","provider_hcp","provider","unknown","provider_social_post","provider_conversation","none","no","theme_supported","provider_hcp","provider","unknown","provider_social_post","provider_conversation","none","no","theme_supported","unresolved","low","No conservative second-pass rule resolved the ambiguity.","medical_aesthetics_ai_review_v1","","","","","","","","","","ai_reviewed_pending_human",""
"99","""""""yt--ZQArwwSxOg""""""","https://www.youtube.com/watch?v=-ZQArwwSxOg","Youtube","Skincare_Factory_BeautySalon","","Korean-style PDRN skincare #factory #koreanskincare #b2bbeauty","Modern Korean beauty products are blending skincare with complexion care 👀 Tone-up lotions are becoming popular for lightweight daily routines and natural skin-finish positioning. Texture, shade tone, fragrance, and packaging can all be customized for different markets and","2026-05-21T21:52","","social network","skin_quality_over_volume|regenerative_biology","other","unknown","unknown","educational_video","unknown","none","no","theme_supported","other","unknown","unknown","educational_video","unknown","none","no","theme_supported","unresolved","low","No conservative second-pass rule resolved the ambiguity.","medical_aesthetics_ai_review_v1","","","","","","","","","","ai_reviewed_pending_human",""
"100","""""""yt-5nFgqgoub9w""""""","https://www.youtube.com/watch?v=5nFgqgoub9w","Youtube","DrLiv","","Dermatologist recommends: 5 Foods & Supplements for clear Skin","too 🥬🫘⁠ ⁠ If you’re dealing with breakouts, try supporting your skin from within:⁠ ❕ Zinc⁠ ❕ Vitamin D⁠ ❕ Boswellia Extract⁠ ❕ Omega-3⁠ ❕ Probiotics⁠ ⁠ Read more about skin & diet in my book 'Skin Longevity' 🥰⁠ ⁠ #clearskin #skinlongevity #guthealth #skingutaxis #dermatologist","2026-04-27T05:35","Switzerland","social network","provider_led_trust","provider_hcp","provider","unknown","educational_video","provider_conversation","none","no","theme_supported","provider_hcp","provider","unknown","educational_video","provider_conversation","none","no","theme_supported","unresolved","low","No conservative second-pass rule resolved the ambiguity.","medical_aesthetics_ai_review_v1","","","","","","","","","","ai_reviewed_pending_human",""
"101","""""""yt-7T5kg0NTz5U""""""","https://www.youtube.com/watch?v=7T5kg0NTz5U","Youtube","BubuBeauty","","BEST FACE MASKS of 2025 🔥 #bestskincare #bestof2025 #sheetmasks #favoritemask #kbeauty","mask, skincare favorites, best of 2025, end of the year skincare rating, skincare recommendations, beauty reviews, kbeauty, Korean skincare, skincare tips, beauty hacks, combo skin, sensitive skin, rosacea, glass skin, glowy skin, healthy skin, trending skincare, viral skincare,","2026-01-19T04:11","","social network","skin_quality_over_volume|regenerative_biology","provider_hcp","provider","unknown","educational_video","provider_conversation","none","no","theme_supported","provider_hcp","provider","unknown","educational_video","provider_conversation","none","no","theme_supported","unresolved","low","No conservative second-pass rule resolved the ambiguity.","medical_aesthetics_ai_review_v1","","","","","","","","","","ai_reviewed_pending_human",""
"102","""""""yt-8Occ2O9QlA4""""""","https://www.youtube.com/watch?v=8Occ2O9QlA4","Youtube","Connecther to Healing","","Preserve your skin longevity with Connecther’s Organic Ingredients.","you achieve your desired skin appearance and preserve your skin longevity. 📌 Connecther Formulation Philosophy and Nigeria’s Policy to Strengthen Cosmetics Safety. 📌 Customers Feedback. Connecther cosmetics strengthens the cosmetic value chain in Nigeria with our ingredients","2026-04-25T09:00","Nigeria","social network","","other","unknown","product_promotion","promotional_video","retail_or_product","none","yes","profile_supported_needs_review","other","unknown","product_promotion","promotional_video","retail_or_product","none","yes","profile_supported_needs_review","unresolved","low","No conservative second-pass rule resolved the ambiguity.","medical_aesthetics_ai_review_v1","","","","","","","","","","ai_reviewed_pending_human",""
"103","""""""yt-9i38hTnOunE""""""","https://www.youtube.com/watch?v=9i38hTnOunE","Youtube","Healthly Bite","","Eat This Fish for Younger Skin #salmonfish #skincare #healthawareness","slowdown at cellular level ⚠️ Watch till the end — the skin regeneration scene is shocking. salmon fish anti aging, salmon benefits, omega 3 for skin, anti aging foods, salmon for wrinkles, salmon inside body, healthy aging foods eat salmon daily, salmon skin benefits, omega 3","2026-01-24T03:00","","social network","","other","unknown","unknown","educational_video","unknown","none","no","profile_supported_needs_review","other","unknown","unknown","educational_video","unknown","none","no","profile_supported_needs_review","unresolved","low","No conservative second-pass rule resolved the ambiguity.","medical_aesthetics_ai_review_v1","","","","","","","","","","ai_reviewed_pending_human",""
"104","""""""yt-bcojZe0-mAE""""""","https://www.youtube.com/watch?v=bcojZe0-mAE","Youtube","SANENDI","","W-PDRN | Skin Regeneration, Redefined","🌿W-PDRN | Skin Regeneration, Redefined Powered by high-purity PDRN, W-PDRN works at the cellular level to activate skin repair and regeneration. It helps restore the skin barrier, calm sensitivity, and improve overall skin quality. Enhances skin resilience and radiance W-PDRN —","2026-01-11T22:29","","social network","skin_quality_over_volume|regenerative_biology","provider_hcp","provider","unknown","educational_video","provider_conversation","none","no","theme_supported","provider_hcp","provider","unknown","educational_video","provider_conversation","none","no","theme_supported","unresolved","low","No conservative second-pass rule resolved the ambiguity.","medical_aesthetics_ai_review_v1","","","","","","","","","","ai_reviewed_pending_human",""
"105","""""""yt-F82BYHz218Y""""""","https://www.youtube.com/watch?v=F82BYHz218Y","Youtube","yasmeenhalbouni","","Korean Skin Treatments in LA… My Face is GLOWING! ✨🇰🇷#short","glow-boosting treatments — the results are insane. Glass skin is REAL! ✨🇰🇷 Watch till the end to see the transformation. #koreanskincare #glassskin #skintreatment #losangeles #glowingskin #beautyshorts #facialtreatment #skincare #viralshorts #beforeandafter #koreanbeauty","2026-03-24T12:45","","social network","","patient","patient","unknown","educational_video","unknown","none","no","profile_supported_needs_review","patient","patient","unknown","educational_video","unknown","none","no","profile_supported_needs_review","unresolved","low","No conservative second-pass rule resolved the ambiguity.","medical_aesthetics_ai_review_v1","","","","","","","","","","ai_reviewed_pending_human",""
"106","""""""yt-fibkw3pufwo""""""","https://www.youtube.com/watch?v=fibkw3pufwo","Youtube","BeautyByTiffanyRose","","The PDRN Pink Whipped Cleanser gets my face so clean! Still my fav! #facialcleanser #facialtool","The PDRN Pink Whipped Cleanser gets my face so clean! Still my fav! #facialcleanser #facialtool","2026-04-22T10:59","United States","social network","regenerative_biology","patient","patient","unknown","educational_video","unknown","none","no","theme_supported","patient","patient","unknown","educational_video","unknown","none","no","theme_supported","unresolved","low","No conservative second-pass rule resolved the ambiguity.","medical_aesthetics_ai_review_v1","","","","","","","","","","ai_reviewed_pending_human",""
"107","""""""yt-HDHCtfDilwA""""""","https://www.youtube.com/watch?v=HDHCtfDilwA","Youtube","Hanzade Kocatürk","","Cildinizi içeriden uyandırın: Biyostimülan etkisi!✨ #shorts #biyostimülan #kolajen #lifting #estetik","over time and lose their effectiveness. This results in loss of elasticity, wrinkles, and sagging. One of the most frequently mentioned methods in recent years against aging is biostimulatory fillers, also known as liquid facelift treatments. These products regulate collagen and","2026-03-01T07:33","","social network","skin_quality_over_volume|collagen_biostimulation","other","unknown","unknown","educational_video","unknown","none","no","theme_supported","other","unknown","unknown","educational_video","unknown","none","no","theme_supported","unresolved","low","No conservative second-pass rule resolved the ambiguity.","medical_aesthetics_ai_review_v1","","","","","","","","","","ai_reviewed_pending_human",""
"108","""""""yt-JL5-afb5t9o""""""","https://www.youtube.com/watch?v=JL5-afb5t9o","Youtube","Dana Ripperton","","The ULTIMATE Mineral Sunscreen? ☀️ Ilia Sun Serum SPF 50 Wear Test","for all things beauty, style, and lifestyle. I’m here to share honest reviews, everyday routines, and trusted tips across makeup, skincare, sunscreens, fashion, travel, and home products. From testing trending beauty brands to breaking down what actually works, you’ll find real","2026-04-28T15:00","","social network","","provider_hcp","provider","unknown","educational_video","provider_conversation","none","no","profile_supported_needs_review","provider_hcp","provider","unknown","educational_video","provider_conversation","none","no","profile_supported_needs_review","unresolved","low","No conservative second-pass rule resolved the ambiguity.","medical_aesthetics_ai_review_v1","","","","","","","","","","ai_reviewed_pending_human",""
"109","""""""yt-jMnMbJtsLdE""""""","https://www.youtube.com/watch?v=jMnMbJtsLdE","Youtube","Laboratoires Botanique Avancée","","LBA : exceptional skincare for skin longevity","LBA : exceptional skincare for skin longevity","2026-05-26T05:59","","social network","","other","unknown","unknown","educational_video","unknown","none","no","profile_supported_needs_review","other","unknown","unknown","educational_video","unknown","none","no","profile_supported_needs_review","unresolved","low","No conservative second-pass rule resolved the ambiguity.","medical_aesthetics_ai_review_v1","","","","","","","","","","ai_reviewed_pending_human",""
"110","""""""yt-m3ONtBggOv8""""""","https://www.youtube.com/watch?v=m3ONtBggOv8","Youtube","Daniellefalola","","Anua wasn’t lying","'s what actually happened 👇 the glow — real ✅ the texture improvement — real ✅ the dark spot fading — real but slow ✅ the PDRN marketing — mostly hype ❌ the niacinamide and hyaluronic acid are doing the actual work here. and for dark skin specifically that combination matters.","2026-06-05T00:16","","social network","skin_quality_over_volume|regenerative_biology","provider_hcp","provider","unknown","educational_video","provider_conversation","none","no","theme_supported","provider_hcp","provider","unknown","educational_video","provider_conversation","none","no","theme_supported","unresolved","low","No conservative second-pass rule resolved the ambiguity.","medical_aesthetics_ai_review_v1","","","","","","","","","","ai_reviewed_pending_human",""
"111","""""""yt-MZH-ataYSao""""""","https://www.youtube.com/watch?v=MZH-ataYSao","Youtube","VBoutique Aesthetics & Wellness","","VBoutique - Dr V - Before & After Sculptra and Dysport 3 Years","natural and uniquely HER 🌸✨ Sculptra is not a traditional filler 💫 It’s a collagen biostimulator made from PLLA that works gradually over time by stimulating your own natural collagen production 🧬✨ This makes it an ideal treatment for patients experiencing facial volume loss,","2026-05-11T12:09","United States","social network","collagen_biostimulation","other","unknown","unknown","educational_video","unknown","none","no","theme_supported","other","unknown","unknown","educational_video","unknown","none","no","theme_supported","unresolved","low","No conservative second-pass rule resolved the ambiguity.","medical_aesthetics_ai_review_v1","","","","","","","","","","ai_reviewed_pending_human",""
"112","""""""yt-MzWSFKpUOpY""""""","https://www.youtube.com/watch?v=MzWSFKpUOpY","Youtube","The Erie Wellness Podcast","","Why Regenerative Aesthetics Are Changing Skincare",", Tori Cohen shares why regenerative aesthetics are becoming so popular and how treatments focused on collagen, skin health, and natural-looking results are changing the conversation around skincare. 🎧 Listen on Apple, Spotify, and YouTube Featuring Bare Radiance Aesthetics (","2026-05-20T23:07","","social network","natural_results|skin_quality_over_volume|collagen_biostimulation|regenerative_biology","other","unknown","unknown","educational_video","unknown","none","no","theme_supported","other","unknown","unknown","educational_video","unknown","none","no","theme_supported","unresolved","low","No conservative second-pass rule resolved the ambiguity.","medical_aesthetics_ai_review_v1","","","","","","","","","","ai_reviewed_pending_human",""
"113","""""""yt-PcuVpE1s21k""""""","https://www.youtube.com/watch?v=PcuVpE1s21k","Youtube","James Edward","","Korea's Best Barber Gave Me This Haircut","bold new style that combines the latest K pop trends with timeless men's grooming techniques, including a Rejuran skin treatment and some male makeup tips. If you're interested in K beauty, Korean skin care, or just want to see what it's like to get a haircut from a famous barber","2026-05-10T11:00","","social network","","other","unknown","unknown","educational_video","unknown","none","no","profile_supported_needs_review","other","unknown","unknown","educational_video","unknown","none","no","profile_supported_needs_review","unresolved","low","No conservative second-pass rule resolved the ambiguity.","medical_aesthetics_ai_review_v1","","","","","","","","","","ai_reviewed_pending_human",""
"114","""""""yt-puROL-Fiuq4""""""","https://www.youtube.com/watch?v=puROL-Fiuq4","Youtube","Hautprofi Anna - für strahlende und gesunde Haut","","Warum Sculptra länger hält als normale Filler #hautpflege #sculptra #trending","In diesem Video spreche ich darüber, wie Sculptra als ein **collagen biostimulator** das Gewebe zur Selbstregeneration anregt und so die Neubildung von körpereigenem Kollagen fördert. Dies führt zu mehr Hautdichte und Festigkeit, was eine effektive **hautstraffung** bewirkt. Es","2026-02-26T05:06","","social network","collagen_biostimulation","other","unknown","unknown","educational_video","unknown","none","no","theme_supported","other","unknown","unknown","educational_video","unknown","none","no","theme_supported","unresolved","low","No conservative second-pass rule resolved the ambiguity.","medical_aesthetics_ai_review_v1","","","","","","","","","","ai_reviewed_pending_human",""
"115","""""""yt-QBKTCpoKntA""""""","https://www.youtube.com/watch?v=QBKTCpoKntA","Youtube","More Maria","","TJ Maxx & Marshalls NEW FINDS 😱 Chantecaille, Fenty, NARS + Designer Bags & CLEARANCE HAUL!","from brands like Chantecaille, NARS, Too Faced, MAC, and Fenty Beauty 🤯 plus so much BareMinerals! There’s also so much new Korean skincare, trendy handbags from brands like Fendi-inspired styles and Kate Spade, plus cute footwear, clothing, and AMAZING clearance deals!! And","2026-04-03T17:10","","social network","","other","unknown","unknown","educational_video","unknown","none","no","profile_supported_needs_review","other","unknown","unknown","educational_video","unknown","none","no","profile_supported_needs_review","unresolved","low","No conservative second-pass rule resolved the ambiguity.","medical_aesthetics_ai_review_v1","","","","","","","","","","ai_reviewed_pending_human",""
"116","""""""yt-QI6Zp2vs0UA""""""","https://www.youtube.com/watch?v=QI6Zp2vs0UA","Youtube","K-미국간호사 K-US Nurse","","New trend alert: post holiday season skin reset hack with K-pharmacy products","K-pharmacy is leveling up! 😳 The newest viral skincare ingredient is PDRN, known for supporting skin repair and barrier recovery. There are many brand for PDRN, HOWEVER, Not every high dosage and flashy ingredient claim delivers results. ‘Dr. Reju-All’ made it with scientific","2026-01-11T23:35","","social network","regenerative_biology","provider_hcp","provider","unknown","provider_social_post","provider_conversation","none","no","theme_supported","provider_hcp","provider","unknown","provider_social_post","provider_conversation","none","no","theme_supported","unresolved","low","No conservative second-pass rule resolved the ambiguity.","medical_aesthetics_ai_review_v1","","","","","","","","","","ai_reviewed_pending_human",""
"117","""""""yt-QsBCO3nFF04""""""","https://www.youtube.com/watch?v=QsBCO3nFF04","Youtube","AndImShelby","","I put salmon sperm cells on my face 😅#skincare #pdrn #medicube","PDRN Pink Collagen Capsule Cream. It’s a moisturizer geared to tackle uneven skin tone, dark spots, texture and acne scars. It’s intended to hydrate and give a glass glow effect. Fun Fact: PDRN is basically salmon sperm cells. Will update in a week or so. #medicube #pdrn #","2026-06-08T16:27","United States","social network","skin_quality_over_volume|collagen_biostimulation|regenerative_biology","patient","patient","unknown","educational_video","unknown","none","no","theme_supported","patient","patient","unknown","educational_video","unknown","none","no","theme_supported","unresolved","low","No conservative second-pass rule resolved the ambiguity.","medical_aesthetics_ai_review_v1","","","","","","","","","","ai_reviewed_pending_human",""
"118","""""""yt-t4JIJrW9KVA""""""","https://www.youtube.com/watch?v=t4JIJrW9KVA","Youtube","LYEV Beverly Hills Aesthetics Bangladesh","","PRP vs Exosome Therapy Q&A 💉 | Dr. Anik Explains Skin & Hair Treatments at LYEV Dhaka","#DrAnikLYEV #SkinAndHairTreatmentBD Confused between PRP and Exosome Therapy? Dr. Anik breaks it down. In this expert-led Q&A, Dr. Anik from LYEV Beverly Hills Aesthetics explains the key differences between Platelet-Rich Plasma (PRP) and Exosome Therapy — including how they","2026-02-06T01:00","","social network","regenerative_biology","other","unknown","unknown","educational_video","unknown","none","no","theme_supported","other","unknown","unknown","educational_video","unknown","none","no","theme_supported","unresolved","low","No conservative second-pass rule resolved the ambiguity.","medical_aesthetics_ai_review_v1","","","","","","","","","","ai_reviewed_pending_human",""
"119","""""""yt-t6yC6K7y1lQ""""""","https://www.youtube.com/watch?v=t6yC6K7y1lQ","Youtube","AMRITVAM","","Are We Purifying the Life Out of Our Water Part-1","Fix the base first, and watch everything else improve automatically. foundation of health, skin longevity, gut health and hydration, daily hydration tips, metabolic health, cell health, water vs skincare, body hydration percentage, science based wellness, back to basics health,","2026-05-26T07:54","","social network","","other","unknown","unknown","educational_video","unknown","none","no","profile_supported_needs_review","other","unknown","unknown","educational_video","unknown","none","no","profile_supported_needs_review","unresolved","low","No conservative second-pass rule resolved the ambiguity.","medical_aesthetics_ai_review_v1","","","","","","","","","","ai_reviewed_pending_human",""
"120","""""""yt-TOWGj4X-uEs""""""","https://www.youtube.com/watch?v=TOWGj4X-uEs","Youtube","Aesthetics of Fayetteville","","Soft Refresh, Real Results | PRP Skin Rejuvenation✨","✨ Natural, subtle rejuvenation ✨ Today’s treatment focused on under-eyes and smile lines using PRP — harnessing your body’s own healing power to refresh and restore from within, without traditional filler. Why choose PRP? * Gradual improvement that still looks like you * A","2026-03-19T14:00","","social network","regenerative_biology","other","unknown","unknown","educational_video","unknown","none","no","theme_supported","other","unknown","unknown","educational_video","unknown","none","no","theme_supported","unresolved","low","No conservative second-pass rule resolved the ambiguity.","medical_aesthetics_ai_review_v1","","","","","","","","","","ai_reviewed_pending_human",""
"121","""""""yt-vKggO1jfCL8""""""","https://www.youtube.com/watch?v=vKggO1jfCL8","Youtube","Estetik International","","BOTOX & FILLER Q&A Part 3 Dr. Yuşa ASLANDAĞ","on cloudy days and the blue light from our screens while exploring collagen-stimulating alternatives like Mesotherapy, PRP, and Exosomes for those seeking a filler-free approach. True skin quality is not just about protection; it is about activating your skin's own natural repair","2026-03-25T07:02","","social network","skin_quality_over_volume|collagen_biostimulation|regenerative_biology","provider_hcp","provider","unknown","provider_social_post","provider_conversation","none","no","theme_supported","provider_hcp","provider","unknown","provider_social_post","provider_conversation","none","no","theme_supported","unresolved","low","No conservative second-pass rule resolved the ambiguity.","medical_aesthetics_ai_review_v1","","","","","","","","","","ai_reviewed_pending_human",""
"122","""""""yt-vXCTZNfIX4o""""""","https://www.youtube.com/watch?v=vXCTZNfIX4o","Youtube","Kayraorganics","","Foods for Glowing Skin | Natural Glow Starts From Inside #viral #skincare #bollywood #beautiful","plump skin ✔ Protein for skin regeneration This is not a trend — it’s biology. Feed your skin the right nutrients and let the glow follow ✨ 👉 Like & share if you believe in natural beauty 👉 Subscribe for weekly skin & hair science videos #glowingskin #skincare #skinnutrition #","2026-01-08T12:10","","social network","","provider_hcp","provider","unknown","educational_video","provider_conversation","none","no","profile_supported_needs_review","provider_hcp","provider","unknown","educational_video","provider_conversation","none","no","profile_supported_needs_review","unresolved","low","No conservative second-pass rule resolved the ambiguity.","medical_aesthetics_ai_review_v1","","","","","","","","","","ai_reviewed_pending_human",""
"123","""""""yt-xqMQ2317Z_k""""""","https://www.youtube.com/watch?v=xqMQ2317Z_k","Youtube","•*☆𝕾𝖕𝖗𝖐𝖑𝖎𝖓𝖌 𝕸𝖔𝖔𝖓☆*•","","Heal keloids/ Hypertrophic scars subliminal",", and fade naturally. My body restores my skin to a healthy, even appearance. My skin regeneration is calm, balanced, and perfect for me. Scar tissue dissolves gently and safely. My skin texture becomes smoother and clearer with ease. I am free of inflammation I no longer","2026-05-18T01:32","","social network","skin_quality_over_volume","other","unknown","unknown","educational_video","unknown","none","no","theme_supported","other","unknown","unknown","educational_video","unknown","none","no","theme_supported","unresolved","low","No conservative second-pass rule resolved the ambiguity.","medical_aesthetics_ai_review_v1","","","","","","","","","","ai_reviewed_pending_human",""
"124","""""""yt-ZLyvWkLMfZ0""""""","https://www.youtube.com/watch?v=ZLyvWkLMfZ0","Youtube","Insights with Vince Nigro","","Botox & Fillers: Your Questions Answered! #BotoxFillerFacts #YouthfulSkinTips","! She breaks down the difference between Botox (muscle relaxer for wrinkles) and fillers (volume boosters). Learn about exciting trends like PRP for natural skin rejuvenation! Thinking about trying injectables? Yara emphasizes choosing qualified pros and understanding realistic","2026-01-19T12:01","","social network","regenerative_biology","provider_hcp","provider","unknown","educational_video","provider_conversation","none","no","theme_supported","provider_hcp","provider","unknown","educational_video","provider_conversation","none","no","theme_supported","unresolved","low","No conservative second-pass rule resolved the ambiguity.","medical_aesthetics_ai_review_v1","","","","","","","","","","ai_reviewed_pending_human",""
