"document_id","source_url","source_name","author_name","author_handle","author_bio","title","excerpt","published_at","country","platform","source_group_silver","author_identity_silver","communication_intent_silver","publication_archetype_silver","evidence_class_silver","authority_level_silver","evidence_role_silver","commercial_intent_silver","is_promotional_silver","is_secondary_voice_silver","medical_aesthetics_relevance_silver","theme_ids_silver","classification_confidence","ontology_confidence","evidence_quality_score","evidence_quality_band","review_priority","label_version","label_rationale","human_author_identity_gold","human_communication_intent_gold","human_publication_archetype_gold","human_evidence_class_gold","human_commercial_intent_gold","human_is_promotional_gold","human_medical_aesthetics_relevance_gold","reviewer_confidence","reviewer_id","adjudication_status","notes"
"""""""pvP4QwwIOCmSUlYRspsAi6nztuY""""""","https://www.appliedtechnologynews.com/article/908765319-reno-plastic-surgeons-outline-non-surgical-aesthetic-treatments-to-preserve-facelift-results","Applied Technology News","","","","Reno Plastic Surgeons Outline Non-Surgical Aesthetic Treatments to Preserve Facelift Results","em>Injectable treatments also remain a cornerstone of non-surgical facial rejuvenation. Dermal fillers restore volume lost due to aging, ...","2026-04-29T14:37","United States","online news","media","journalist","news_reporting","news_article","consumer_news","editorial","market_context","none","no","no","profile_supported_needs_review","","0.67","0.75","44","low","medium","medical_aesthetics_silver_v1","No meaningful commercial-intent signals detected | Contains treatment or outcome discussion | News or reporting publication structure | No validated research indicators | Publication classified as news article | Intent selected by precedence","","","","","","","","","","unreviewed_machine_prelabel",""
"""""""cZoS08Xv9BTudFodJrPprdBh2Yg""""""","https://antenna.jp/articles/30878742","Antenna","","","","日本美容外科学会誌（JSAS）にTCBの研究論文４編が掲載。掲載論文の3分の2をTCBによる研究が占めました。","Trends in Cosmetic Surgery: ...","2026-01-26T02:00","Japan","online news","media","journalist","news_reporting","news_article","consumer_news","editorial","market_context","none","no","no","profile_supported_needs_review","","0.67","0.76","44","low","medium","medical_aesthetics_silver_v1","No meaningful commercial-intent signals detected | News or reporting publication structure | No validated research indicators | Publication classified as news article | Intent selected by precedence | Mapped from publication type: news_article","","","","","","","","","","unreviewed_machine_prelabel",""
"""""""rhU_CVPjpyiEgFBINvq-19ZwYoo""""""","https://firstnews.co.in/businesswireindia/?for=N&Value=EJ6F6fWdOhVp9%2BCh8H5koQh1kKIg%2F5Uaegj9GK8u0we9Cgg%2F1JYDzyANHgM%3D","First News","","","","AMWC 2026: Galderma Showcases Category‑leading Innovation With a Comprehensive Portfolio and Holistic, Future‑focused Aesthetic Strategies","... and services that span the full spectrum of the fast-growing dermatology market through Injectable Aesthetics, Dermatological Skincare ...","2026-03-17T02:41","India","online news","company","brand","brand_announcement","press_release","corporate_pr","commercial","commercial_signal","none","yes","no","profile_supported_needs_review","","0.72","0.83","4","very_low","medium","medical_aesthetics_silver_v1","No meaningful commercial-intent signals detected | Contains treatment or outcome discussion | Publication is classified as a press release | No validated research indicators | Press release establishes announcement intent | Intent selected by semantic_override","","","","","","","","","","unreviewed_machine_prelabel",""
"""""""zYQBVGacgeu1QZt0ELAFBzhuYqs""""""","https://aeworld.com/beauty/the-skin-reset-the-latest-products-for-clean-refreshed-skin/","Adam&Eve (a&e) Magazine","","","","The Skin Reset: The latest products for clean, refreshed skin","L’Extrait Huile Lèvres is both a skincare innovation and an object of desire. It embodies the quintessence of Chanel: where science, ...","2026-02-16T05:11","United Arab Emirates","online news","media","journalist","news_reporting","news_article","consumer_news","editorial","market_context","none","no","no","theme_supported","natural_results","0.68","0.78","44","low","medium","medical_aesthetics_silver_v1","No meaningful commercial-intent signals detected | News or reporting publication structure | No validated research indicators | Publication classified as news article | Intent selected by precedence | Mapped from publication type: news_article","","","","","","","","","","unreviewed_machine_prelabel",""
"""""""8TyQ3AEMrK8q1m6eSh8ud8Hv2p4""""""","https://ie.pinterest.com/pin/418412621661325794/","Pinterest","Sparkle.spectrumm","karolfriasll","","From brightening ✨ to plumping 💧 and pore-refining 💜 — these 3 serums are my skincare must-haves! 🍋 Vitamin Illuminating → glow & even tone 🌿 Bakuchiol Plumping → smooth & bouncy skin 💜 Purple PDRN → refined pores & glass skin vibes","From brightening ✨ to plumping 💧 and pore-refining 💜 — these 3 serums are my skincare must-haves! 🍋 Vitamin Illuminating → glow & even tone 🌿 Bakuchiol Plumping → smooth & bouncy skin 💜 Purple PDRN → refined pores & glass skin vibes","2026-06-08T04:25","","social network","other","community_member","testimonial","community_review","unknown","community","noise_or_low_trust","none","no","no","theme_supported","regenerative_biology","0.53","0.56","27","very_low","high","medical_aesthetics_silver_v1","No meaningful commercial-intent signals detected | Publication type supports social or community conversation | Contains first-person language | Author metadata exists, but it does not establish a reliable voice category | No validated research indicators | Pinterest consumer recommendation","","","","","","","","","","unreviewed_machine_prelabel",""
"""""""yt-igOoZk0RV9o""""""","https://www.youtube.com/watch?v=igOoZk0RV9o","Youtube","My Injection Training","","","Why Everyone Is Switching to Microneedling for Anti-Aging","patients moving away from invasive cosmetic procedures? At Regen Summit 2025, medical aesthetics expert Jenna Jeffries breaks down the future of anti-aging treatments, collagen stimulation, microneedling, skin rejuvenation, and minimally invasive aesthetics. This session also","2026-06-10T18:45","","social network","provider_hcp","provider","provider_education","educational_video","provider_conversation","professional","professional_interpretation","none","no","no","theme_supported","collagen_biostimulation|provider_led_trust","0.74","0.80","97","very_high","medium","medical_aesthetics_silver_v1","Domain rule: youtube.com | No meaningful commercial-intent signals detected | Publication type supports social or community conversation | Contains treatment or outcome discussion | Author metadata exists, but it does not establish a reliable voice category | No validated research indicators","","","","","","","","","","unreviewed_machine_prelabel",""
"""""""yt-q0JtPp4seCM""""""","https://www.youtube.com/watch?v=q0JtPp4seCM","Youtube","Renūd MedSpa","","","Best Way To Preserve Your Skin & Look Younger #radiesse #naturalresults #injectables","Best Way To Preserve Your Skin & Look Younger #radiesse #naturalresults #injectables","2026-06-12T13:09","","social network","company","clinic","clinic_promotion","promotional_video","clinic_marketing","commercial","commercial_signal","none","yes","no","theme_supported","collagen_biostimulation","0.71","0.75","15","very_low","medium","medical_aesthetics_silver_v1","Domain rule: youtube.com | No meaningful commercial-intent signals detected | Publication type supports social or community conversation | Contains treatment or outcome discussion | Author metadata exists, but it does not establish a reliable voice category | No validated research indicators","","","","","","","","","","unreviewed_machine_prelabel",""
"""""""li_gmw-PcnR7T4zs_XkxWV0751TFeI""""""","https://www.linkedin.com/feed/update/urn%3Ali%3Aactivity%3A7458551428949696512","LinkedIn","","","","","with our Ethos Experts. Last week, five members of our Ethos Aesthetics + Wellness clinical team attended the Revision Skincare® Longevity Lounge, Revision’s first ever New York City event dedicated to the future of skin longevity, patient outcomes, and practice growth. Ethos was","2026-05-08T12:20","","social network","other","event_organizer","event_promotion","brand_social_post","event_or_conference","commercial","commercial_signal","none","yes","no","profile_supported_needs_review","","0.66","0.64","50","low","medium","medical_aesthetics_silver_v1","Domain rule: linkedin.com | No meaningful commercial-intent signals detected | Publication type supports social or community conversation | Contains first-person language | Contains treatment or outcome discussion | Contains clinical discussion language","","","","","","","","","","unreviewed_machine_prelabel",""
"""""""kj2Xy4MXZNzbQ83G2Ks7R8gRYVg""""""","https://www.virginiastemnews.com/article/910507145-sofwave-medical-reports-first-quarter-fiscal-2026-financial-results-and-business-highlights","Virginia STEM News","","","","Sofwave Medical Reports First Quarter Fiscal 2026 Financial Results and Business Highlights","... demand for effective, non-invasive regenerative aesthetic solutions,” Mr. Scafuri concluded. Dr. Shimon Eckhouse, Chairman of the Board, ...","2026-05-05T08:39","United States","online news","media","journalist","news_reporting","news_article","consumer_news","editorial","market_context","none","no","no","profile_supported_needs_review","","0.67","0.76","44","low","medium","medical_aesthetics_silver_v1","No meaningful commercial-intent signals detected | Contains treatment or outcome discussion | News or reporting publication structure | No validated research indicators | Publication classified as news article | Intent selected by precedence","","","","","","","","","","unreviewed_machine_prelabel",""
"""""""1771820752000_MFz10ppfxsKPBURI9wGifg9q55wA""""""","https://twitter.com/Freyamummyfot/statuses/2025789181130326109","Twitter","Freya","@freyamummyfot","","","#SKINTIFICTH #SKTTH #SKINTIFICPDRN #มอยส์ผิวเบบี้ #SKINTIFICXFOURT #Fourthnattawat #โฟร์ทณัฐวรรธน์ 💖 SKINTIFIC PDRN — The Most Innovative Moisturizer with Clinical Results 🔬✨ SKINTIFIC PDRN Bright & Smooth Moisture Gel ที่สุดของมอยเจอร์ไรเซอร์จาก SKINTIFIC ที่ผ่านการทดสอบแล้ว","2026-02-22T23:25","","social network","provider_hcp","provider","unknown","social_repost","provider_conversation","professional","noise_or_low_trust","none","no","yes","theme_supported","regenerative_biology","0.61","0.57","97","very_high","high","medical_aesthetics_silver_v1","Domain rule: twitter.com | No meaningful commercial-intent signals detected | Publication type supports social or community conversation | Contains treatment or outcome discussion | Author metadata exists, but it does not establish a reliable voice category | No validated research indicators","","","","","","","","","","unreviewed_machine_prelabel",""
"""""""obsoQVR1FKuUeGHtIUMq8zwCHRU""""""","https://ie.pinterest.com/pin/812336851587130711/","Pinterest","Wong Eddie","ew13911119591","","Our powerful triple-action serum creates an instant matrix for skin regeneration and glow. A lightweight, non-greasy skin perfecting liquid that gives you skin that feels brand new, ready for any close up. Sophora and Licorice unify and even skin tone while natural fruit acids (5%) resurface skin, leaving it healthier, clearer and visibly more perfect, Provides clarity and radiance, even skin tone, increased hydration and rejuvenation. Results Skin left instantly refreshed, reducing the appearance of pigmented cells, dark spots and uneven skin tone for natural clarity and radiance. Formulated with a triple-action instant matrix impact on skin health and appearance. Sophora and Licorice roots leave skin looking instantly noticeably brighter and more uniform. Natural fruits acids (5%) refres","Our powerful triple-action serum creates an instant matrix for skin regeneration and glow. A lightweight, non-greasy skin perfecting liquid that gives you skin that feels brand new, ready for any close up. Sophora and Licorice unify and even skin tone while natural fruit acids (5","2026-01-21T03:35","","social network","other","unknown","unknown","social_post","unknown","unknown","noise_or_low_trust","none","no","no","theme_supported","natural_results|skin_quality_over_volume","0.36","0.24","27","very_low","high","medical_aesthetics_silver_v1","No meaningful commercial-intent signals detected | Publication type supports social or community conversation | Contains first-person language | Contains treatment or outcome discussion | Author metadata exists, but it does not establish a reliable voice category | No validated research indicators","","","","","","","","","","unreviewed_machine_prelabel",""
"""""""jX_VSoEyISR43Mt6OPK1O7-9SAo""""""","https://lifestyle.all80sz1063.com/story/187584/new-markets-new-treatments-skinspirit-and-nordstrom-expand-their-growing-partnership/","ALL 80'S Z 106.3 (KZLK-FM)","","","","New Markets, New Treatments: SkinSpirit and Nordstrom Expand Their Growing Partnership","... will offer its signature, award-winning facials, injectables including BOTOX ® Cosmetic and dermal fillers, microneedling with customized ...","2026-04-24T19:59","United States","online news","media","journalist","news_reporting","news_article","consumer_news","editorial","market_context","none","no","no","profile_supported_needs_review","","0.68","0.77","44","low","medium","medical_aesthetics_silver_v1","No meaningful commercial-intent signals detected | Contains treatment or outcome discussion | News or reporting publication structure | No validated research indicators | Publication classified as news article | Intent selected by precedence","","","","","","","","","","unreviewed_machine_prelabel",""
"""""""1771848667000_gdNC__o_Ojo69KJ30EhdAvbfrNUA""""""","https://twitter.com/SabaaXll46390/statuses/2025906262932619767","Twitter","Fot fot 4️⃣❤","@sabaaxll46390","","","#SKINTIFICTH #SKTTH #SKINTIFICPDRN #มอยส์ผิวเบบี้ #SKINTIFICXFOURT #Fourthnattawat #โฟร์ทณัฐวรรธน์ 💖 SKINTIFIC PDRN — The Most Innovative Moisturizer with Clinical Results 🔬✨ SKINTIFIC PDRN Bright & Smooth Moisture Gel ที่สุดของมอยเจอร์ไรเซอร์จาก SKINTIFIC ที่ผ่านการทดสอบแล้ว","2026-02-23T07:11","","social network","provider_hcp","provider","unknown","social_repost","provider_conversation","professional","noise_or_low_trust","none","no","yes","theme_supported","regenerative_biology","0.61","0.57","97","very_high","high","medical_aesthetics_silver_v1","Domain rule: twitter.com | No meaningful commercial-intent signals detected | Publication type supports social or community conversation | Contains treatment or outcome discussion | Author metadata exists, but it does not establish a reliable voice category | No validated research indicators","","","","","","","","","","unreviewed_machine_prelabel",""
"""""""1771869919000_zangTfEgKNiIYqB92O_UUgBmc5MA""""""","https://twitter.com/cxivmini/statuses/2025995400088576437","Twitter",". 𝐣𝐩𝐠","@cxivmini","","","#SKINTIFICTH #SKTTH #SKINTIFICPDRN #มอยส์ผิวเบบี้ #SKINTIFICXFOURT #Fourthnattawat #โฟร์ทณัฐวรรธน์ 💖 SKINTIFIC PDRN — The Most Innovative Moisturizer with Clinical Results 🔬✨ SKINTIFIC PDRN Bright & Smooth Moisture Gel ที่สุดของมอยเจอร์ไรเซอร์จาก SKINTIFIC ที่ผ่านการทดสอบแล้ว","2026-02-23T13:05","","social network","provider_hcp","provider","unknown","social_repost","provider_conversation","professional","noise_or_low_trust","none","no","yes","theme_supported","regenerative_biology","0.61","0.57","97","very_high","high","medical_aesthetics_silver_v1","Domain rule: twitter.com | No meaningful commercial-intent signals detected | Publication type supports social or community conversation | Contains treatment or outcome discussion | Author metadata exists, but it does not establish a reliable voice category | No validated research indicators","","","","","","","","","","unreviewed_machine_prelabel",""
"""""""eXPbDPKix_2M6CqCKQvJLGFhnyI""""""","https://europeanledger.com/article/880450722-medical-aesthetics-market-in-2029","European Ledger","","","","Medical Aesthetics Market In 2029","... anticipated in the facial medical aesthetic products medical aesthetics market, the non-invasive medical aesthetics market, the retail ...","2026-01-06T10:44","United States","online news","media","journalist","news_reporting","news_article","consumer_news","editorial","market_context","none","no","no","theme_supported","provider_led_trust","0.68","0.78","44","low","medium","medical_aesthetics_silver_v1","No meaningful commercial-intent signals detected | News or reporting publication structure | No validated research indicators | Publication classified as news article | Intent selected by precedence | Mapped from publication type: news_article","","","","","","","","","","unreviewed_machine_prelabel",""
"""""""AeYQCjtFXOyyCxh3L433QFGL-Gw""""""","http://money.mymotherlode.com/clarkebroadcasting.mymotherlode/article/pressadvantage-2026-1-6-perfect-esthetics-advances-aesthetic-medicine-standards-in-switzerland-with-technology-enhanced-patient-safety","MyMotherLode.com- FinancialContent","","","","Perfect Esthetics Advances Aesthetic Medicine Standards in Switzerland with Technology-Enhanced Patient Safety","... a specialized aesthetic medicine facility offering comprehensive non-surgical cosmetic treatments. The clinic combines medical expertise ...","2026-01-06T16:02","United States","online news","media","journalist","news_reporting","news_article","consumer_news","editorial","market_context","none","no","no","theme_supported","provider_led_trust","0.68","0.77","44","low","medium","medical_aesthetics_silver_v1","No meaningful commercial-intent signals detected | Contains treatment or outcome discussion | Contains clinical discussion language | News or reporting publication structure | No validated research indicators | Publication classified as news article","","","","","","","","","","unreviewed_machine_prelabel",""
"""""""07wM7Srzk9H4ESxuhMduvyIorz8""""""","https://smb.clemmonscourier.net/article/BENEVr-Partners-with-LaserAwayr-to-Launch-XThermar-The-First-High-Frequency-RF-and-Cryogen-Combination-Therapy-Device-in-the-US?storyId=69c52eae3971457808b0d103","The Clemmons Courier","","","","BENEV® Partners with LaserAway® to Launch XTherma®: The First High-Frequency RF and Cryogen Combination Therapy Device in the U.S.","... as a leader in the medical aesthetics market. Designed to deliver exceptional clinical outcomes, XTherma® offers a virtually pain-free, ...","2026-03-26T09:47","United States","online news","media","journalist","news_reporting","news_article","consumer_news","editorial","market_context","none","no","no","theme_supported","provider_led_trust","0.69","0.77","44","low","medium","medical_aesthetics_silver_v1","No meaningful commercial-intent signals detected | Contains treatment or outcome discussion | Contains clinical discussion language | News or reporting publication structure | No validated research indicators | Publication classified as news article","","","","","","","","","","unreviewed_machine_prelabel",""
"""""""jS5VJxPbE8fUqK1pJkPvV3cjx6g""""""","https://www.einpresswire.com/article/901512101/trim-tactics-reports-positive-patient-outcomes-with-combined-derive-hair-regeneration-and-scarlet-pro-rf-microneedling","EIN Presswire","","","","Trim Tactics Reports Positive Patient Outcomes with Combined Derive Hair Regeneration and Scarlet Pro RF Microneedling","Tactics Trim Tactics, a medical aesthetics and wellness clinic in Lubbock, reports encouraging patient results following introduction of ...","2026-03-24T16:39","United States","online news","company","brand","brand_announcement","press_release","corporate_pr","commercial","commercial_signal","none","yes","no","theme_supported","provider_led_trust","0.80","0.83","22","very_low","low","medical_aesthetics_silver_v1","Domain rule: einpresswire.com | No meaningful commercial-intent signals detected | Contains treatment or outcome discussion | Contains clinical discussion language | Publication is classified as a press release | No validated research indicators","","","","","","","","","","unreviewed_machine_prelabel",""
"""""""yt-SajU48vztuU""""""","https://www.youtube.com/watch?v=SajU48vztuU","Youtube","Healthcare Tips and Aesthetics Advice","","","Fillers Dallas | Real Cheek Filler Results in Dallas, TX",".com/post/cheek-fillers-dallas-tx Website: https://www.oneseventymedspa.com/post/cheek-fillers-dallas-tx #FillersDallas #CheekFillersDallas #DallasTXMedSpa #DermalFillers #CheekEnhancement #FacialFillers #BeforeAndAfter #AestheticTreatments #DallasBeauty #MedSpaDallas","2026-05-06T20:31","","social network","company","clinic","clinic_promotion","promotional_video","clinic_marketing","commercial","commercial_signal","none","yes","no","theme_supported","natural_results","0.71","0.75","15","very_low","medium","medical_aesthetics_silver_v1","Domain rule: youtube.com | No meaningful commercial-intent signals detected | Publication type supports social or community conversation | Contains first-person language | Contains treatment or outcome discussion | Author metadata exists, but it does not establish a reliable voice category","","","","","","","","","","unreviewed_machine_prelabel",""
"""""""yt-I_yfATr6Qc8""""""","https://www.youtube.com/watch?v=I_yfATr6Qc8","Youtube","Letizia Ciruolo","","","May 22, 2026","? Fraxel 1550 at Venus Spa helps improve acne scars, fine lines, wrinkles, enlarged pores, uneven skin texture, stretch marks & overall skin quality with powerful collagen stimulation technology. This advanced fractional laser treatment targets damaged skin while helping support","2026-05-22T07:48","","social network","provider_hcp","provider","provider_education","educational_video","provider_conversation","professional","professional_interpretation","none","no","no","theme_supported","skin_quality_over_volume|collagen_biostimulation","0.73","0.80","96","very_high","medium","medical_aesthetics_silver_v1","Domain rule: youtube.com | No meaningful commercial-intent signals detected | Publication type supports social or community conversation | Contains treatment or outcome discussion | Author metadata exists, but it does not establish a reliable voice category | No validated research indicators","","","","","","","","","","unreviewed_machine_prelabel",""
"""""""yt-sF-7VCzwkaI""""""","https://www.youtube.com/watch?v=sF-7VCzwkaI","Youtube","Arna Dermatology & Aesthetics","","","Dermatologist Rates Dried Fruit Powders for Skin | 1–10 Scale| #shorts #orangepeelpowder #arnaclinic",", Hyderabad, Telangana 👉 Subscribe to Arna Dermatology & Aesthetics for trusted, science-backed dermatologist advice on skin, hair, laser & aesthetics. #Dermatologist #SkinDoctor #HairDoctor #AestheticClinic #CosmeticDermatology #HealthySkin #GlowingSkin #AcneTreatment #","2026-02-15T00:30","","social network","provider_hcp","provider","clinic_promotion","promotional_video","clinic_marketing","professional","commercial_signal","none","yes","no","theme_supported","provider_led_trust","0.77","0.75","19","very_low","low","medical_aesthetics_silver_v1","Domain rule: youtube.com | No meaningful commercial-intent signals detected | Publication type supports social or community conversation | Contains treatment or outcome discussion | Author metadata contains a professional healthcare credential or role | Publication format supports provider-authored commentary","","","","","","","","","","unreviewed_machine_prelabel",""
"""""""oZuGci6QQ95OGzcjHkbS2QhvwTc""""""","https://theindustry.beauty/lookfantastic-search-trends-highlight-top-k-beauty-brands-and-products/?utm_source=rss&utm_medium=rss&utm_campaign=lookfantastic-search-trends-highlight-top-k-beauty-brands-and-products","The Industry Beauty","Sophie Smith","","","Lookfantastic search trends highlight top K-beauty brands and products","... -based skincare remains strong, largely due to its association with hydration and smoother-looking skin. While topical collagen does not ...","2026-05-05T02:45","United Kingdom","online news","media","journalist","news_reporting","news_article","consumer_news","editorial","market_context","none","no","no","theme_supported","collagen_biostimulation","0.67","0.76","44","low","medium","medical_aesthetics_silver_v1","No meaningful commercial-intent signals detected | News or reporting publication structure | No validated research indicators | Publication classified as news article | Intent selected by precedence | Mapped from publication type: news_article","","","","","","","","","","unreviewed_machine_prelabel",""
"""""""-FriecL1AgTJzlHDkxgUt2H0EMo""""""","https://www.hartfordcitynewstimes.com/online_features/press_releases/anua-spotlights-its-newest-pdrn-product-innovation-with-launch-event-in-new-york-city/article_0b6d8cd9-0aca-5a05-99c1-0f06ebc5196e.html","Hartford City News Times","","","","ANUA SPOTLIGHTS ITS NEWEST PDRN PRODUCT INNOVATION WITH LAUNCH EVENT IN NEW YORK CITY","Anua's PDRN Collagen Glow Facial Serum Spray , the newest innovation within the brand's growing PDRN collection. Already recognized in ...","2026-02-08T16:23","United States","online news","company","brand","brand_announcement","press_release","corporate_pr","commercial","commercial_signal","none","yes","no","theme_supported","collagen_biostimulation|regenerative_biology","0.77","0.83","19","very_low","low","medical_aesthetics_silver_v1","Domain rule: URL press-release path | No meaningful commercial-intent signals detected | Publication is classified as a press release | No validated research indicators | Press release establishes announcement intent | Intent selected by semantic_override","","","","","","","","","","unreviewed_machine_prelabel",""
"""""""aRuDzivvnFawl5Zt2nBKCTUK5sc""""""","https://www.greenevillesun.com/online_features/press_releases/anua-spotlights-its-newest-pdrn-product-innovation-with-launch-event-in-new-york-city/article_7b3900ac-5d5c-5e5b-b63f-9f9450b16edc.html","The Greeneville Sun","","","","ANUA SPOTLIGHTS ITS NEWEST PDRN PRODUCT INNOVATION WITH LAUNCH EVENT IN NEW YORK CITY","Anua's PDRN Collagen Glow Facial Serum Spray , the newest innovation within the brand's growing PDRN collection. Already recognized in ...","2026-02-08T16:23","United States","online news","company","brand","brand_announcement","press_release","corporate_pr","commercial","commercial_signal","none","yes","no","theme_supported","collagen_biostimulation|regenerative_biology","0.77","0.83","19","very_low","low","medical_aesthetics_silver_v1","Domain rule: URL press-release path | No meaningful commercial-intent signals detected | Publication is classified as a press release | No validated research indicators | Press release establishes announcement intent | Intent selected by semantic_override","","","","","","","","","","unreviewed_machine_prelabel",""
"""""""6iUZQY0ls-OybGqTNStNMOq880g""""""","https://theharleystreetjournal.co.uk/why-patients-now-prefer-long-lasting-low-maintenance-injectables/","THE HARLEY STREET JOURNAL","","","","Why Patients Now Prefer Long-Lasting, Low-Maintenance Injectables","... touch-ups, they are embracing modern injectables that provide a foundation of youthfulness for a year or even longer. The Rise of ...","2026-02-18T03:55","United Kingdom","online news","media","journalist","news_reporting","news_article","consumer_news","editorial","market_context","none","no","no","profile_supported_needs_review","","0.66","0.75","44","low","medium","medical_aesthetics_silver_v1","No meaningful commercial-intent signals detected | Contains treatment or outcome discussion | News or reporting publication structure | No validated research indicators | Publication classified as news article | Intent selected by precedence","","","","","","","","","","unreviewed_machine_prelabel",""
"""""""4M0FkPZcyCW2jduy1oA3o6OJQyE""""""","https://skinblissmedspa.wordpress.com/2026/04/09/biorepeel-benefits-the-no-downtime-secret-to-radiant-youthful-skin/","wordpress.com","Skin Bliss Med Spa","skin bliss med spa","","BioRePeel Benefits: The No-Downtime Secret to Radiant, Youthful Skin","Introduction In today’s fast-paced world, skincare treatments that deliver visible results without downtime are in high demand. One such breakthrough is BioRePeel—a next-generation chemical peel designed to rejuvenate the skin from within. Known for its ability to improve","2026-04-09T05:58","","blog","company","clinic","unknown","blog_post","clinic_marketing","commercial","noise_or_low_trust","none","yes","no","profile_supported_needs_review","","0.48","0.34","15","very_low","high","medical_aesthetics_silver_v1","Domain rule: wordpress.com | No meaningful commercial-intent signals detected | Publication type supports social or community conversation | Contains treatment or outcome discussion | Author metadata exists, but it does not establish a reliable voice category | No validated research indicators","","","","","","","","","","unreviewed_machine_prelabel",""
"""""""tNyYzW_A4UI5GhHbGYn8-p_j7hU""""""","https://www.jacksoncountysentinel.net/premium/stacker/stories/7-fast-growing-business-trends-in-retail-and-e-commerce,305854","Jackson County Sentinel","Kim Mercado","","","7 fast-growing business trends in retail and e-commerce","... trending now in the Asian beauty realm? Biotech skincare . Consumers want clinic-level ingredients like PDRN, Exosomes and PLLA — plus ...","2026-02-09T15:00","United States","online news","media","journalist","news_reporting","news_article","consumer_news","editorial","market_context","none","no","no","theme_supported","regenerative_biology","0.66","0.75","44","low","medium","medical_aesthetics_silver_v1","No meaningful commercial-intent signals detected | Contains treatment or outcome discussion | News or reporting publication structure | No validated research indicators | Publication classified as news article | Intent selected by precedence","","","","","","","","","","unreviewed_machine_prelabel",""
"""""""XlXT_s4TqLmPAC7yjFw-xPbpZ4g""""""","https://wowwatchers.com/the-art-of-eternal-radiance-guerlain-orchidee-imperiale/","wow watchers","","","","The Art of Eternal Radiance: Guerlain Orchidée Impériale","... orchid’s life mechanisms, the collection works at the root of skin longevity. Each formula combines precision technology with sensorial ...","2026-05-20T09:13","United States","online news","media","journalist","news_reporting","news_article","consumer_news","editorial","market_context","none","no","no","profile_supported_needs_review","","0.66","0.75","44","low","medium","medical_aesthetics_silver_v1","No meaningful commercial-intent signals detected | News or reporting publication structure | No validated research indicators | Publication classified as news article | Intent selected by precedence | Mapped from publication type: news_article","","","","","","","","","","unreviewed_machine_prelabel",""
"""""""MUq2T-hoILf98xPne4LVfPCsDOg""""""","http://business.minstercommunitypost.com/minstercommunitypost/article/pressadvantage-2026-1-26-chin-up-aesthetics-serves-atlanta-metro-with-three-medspa-locations","The Community Post","","","","Chin Up! Aesthetics Serves Atlanta Metro with Three Medspa Locations","Chin Up! Aesthetics , a medical spa specializing in aesthetic and cosmetic treatments, currently serves clients from three locations ...","2026-01-26T13:34","United States","online news","media","journalist","news_reporting","news_article","consumer_news","editorial","market_context","none","no","no","profile_supported_needs_review","","0.66","0.75","44","low","medium","medical_aesthetics_silver_v1","No meaningful commercial-intent signals detected | Contains treatment or outcome discussion | News or reporting publication structure | No validated research indicators | Publication classified as news article | Intent selected by precedence","","","","","","","","","","unreviewed_machine_prelabel",""
"""""""1RERdzD21eLs7TLtSrhYJH-s9Fs""""""","https://ie.pinterest.com/pin/474989091973048618/","Pinterest","Christine Steyn-Stevens","caralienka","","What is Sculptra? ✨ Sculptra is a revolutionary, FDA-approved injectable biostimulator that works by encouraging your skin’s natural collagen production, leading to gradual and long-lasting results. Unlike traditional fillers that inject hyaluronic acid to temporarily plump the skin, Sculptra acts as a biostimulator, meaning it stimulates your body’s own collagen production for more natural, subtle, and enduring enhancements. 🔬 Scientific-Backed Benefits of Sculptra: Collagen Stimulation: ...","What is Sculptra? ✨ Sculptra is a revolutionary, FDA-approved injectable biostimulator that works by encouraging your skin’s natural collagen production, leading to gradual and long-lasting results. Unlike traditional fillers that inject hyaluronic acid to temporarily plump the","2026-03-26T01:43","","social network","other","unknown","unknown","social_post","unknown","unknown","noise_or_low_trust","none","no","no","theme_supported","collagen_biostimulation","0.39","0.29","27","very_low","high","medical_aesthetics_silver_v1","No meaningful commercial-intent signals detected | Publication type supports social or community conversation | Contains treatment or outcome discussion | Author metadata exists, but it does not establish a reliable voice category | No validated research indicators | No intent candidate satisfied eligibility requirements","","","","","","","","","","unreviewed_machine_prelabel",""
"""""""wEdcacwNiCppMMf6lR7SQQZS7uI""""""","https://ie.pinterest.com/pin/696721004898855383/","Pinterest","Sayda Sanchez","saydasanchez196","","Sculptra 🎀 Sculptra is NOT a filler, it’s a liquid that is placed superficially under the skin to stimulate your collagen. It’s placed in specific areas of your face to sculpt and enhance your natural beauty ✨ Because it’s not a filer and you don’t get that immediate gratification of a plump. You need to give it time and multiple treatments to see results. 🫶🏼 How Starr MedSpa uses this amazing product: ⭐️ 1. Treatments can be done on their own (1-2 vials) 2. Add on to your next treatmen...","Sculptra 🎀 Sculptra is NOT a filler, it’s a liquid that is placed superficially under the skin to stimulate your collagen. It’s placed in specific areas of your face to sculpt and enhance your natural beauty ✨ Because it’s not a filer and you don’t get that immediate","2026-02-10T11:58","","social network","provider_hcp","provider","unknown","social_post","provider_conversation","professional","noise_or_low_trust","none","no","no","theme_supported","collagen_biostimulation","0.38","0.28","79","high","high","medical_aesthetics_silver_v1","No meaningful commercial-intent signals detected | Publication type supports social or community conversation | Contains treatment or outcome discussion | Author metadata exists, but it does not establish a reliable voice category | No validated research indicators | Provider identity signal: do","","","","","","","","","","unreviewed_machine_prelabel",""
"""""""D8Q_z54N4xuIceXqkbc1R2wvFaA""""""","https://bondibeauty.com.au/wellness/10-best-wellness-practices-to-build-into-your-life-that-actually-work/","Bondi Beauty","Renae Leith-Manos","","","10 Best Wellness Practices to Build Into Your Life (That Actually Work)","... by millennials and Gen Z prioritising mental health, fitness, skin longevity and energy. Women under 35 aren’t just buying into wellness ...","2026-02-27T16:48","Australia","online news","media","journalist","news_reporting","news_article","consumer_news","editorial","market_context","none","no","no","profile_supported_needs_review","","0.67","0.76","44","low","medium","medical_aesthetics_silver_v1","No meaningful commercial-intent signals detected | News or reporting publication structure | No validated research indicators | Publication classified as news article | Intent selected by precedence | Mapped from publication type: news_article","","","","","","","","","","unreviewed_machine_prelabel",""
"""""""kHEE3DSrBsvoaNnojtI0MDF0Yn0""""""","https://www.productinnovationtimes.com/article/889264660-experience-truly-natural-results-aesthetics-international-leads-the-region-with-expressive-botox-expertise","Product Innovation Times","","","","Experience Truly Natural Results: Aesthetics International Leads the Region with Expressive Botox Expertise","... landscape. The clinic has officially unveiled its Expressive Botox service, a sophisticated advancement in regenerative aesthetics designed ...","2026-02-04T05:09","United States","online news","media","journalist","news_reporting","news_article","consumer_news","editorial","market_context","none","no","no","theme_supported","natural_results|regenerative_biology","0.67","0.77","49","low","medium","medical_aesthetics_silver_v1","No meaningful commercial-intent signals detected | Contains treatment or outcome discussion | News or reporting publication structure | News or trade content reporting research | Publication classified as news article | Intent selected by precedence","","","","","","","","","","unreviewed_machine_prelabel",""
"""""""os5_VBZQEKClYZBRbXTiRH98CDQ""""""","https://dominicaindustryreport.com/article/889264660-experience-truly-natural-results-aesthetics-international-leads-the-region-with-expressive-botox-expertise","Dominica Industry Report","","","","Experience Truly Natural Results: Aesthetics International Leads the Region with Expressive Botox Expertise","... landscape. The clinic has officially unveiled its Expressive Botox service, a sophisticated advancement in regenerative aesthetics designed ...","2026-02-04T05:40","United States","online news","media","journalist","news_reporting","news_article","consumer_news","editorial","market_context","none","no","no","theme_supported","natural_results|regenerative_biology","0.66","0.75","49","low","medium","medical_aesthetics_silver_v1","No meaningful commercial-intent signals detected | Contains treatment or outcome discussion | News or reporting publication structure | News or trade content reporting research | Publication classified as news article | Intent selected by precedence","","","","","","","","","","unreviewed_machine_prelabel",""
"""""""XiZuhNeITT7d0EKAtjzmQK5A_4g""""""","https://svetionik.com/12220101","Svetionik.com","","","","642 Anti-aging je passé? Otkrivamo zašto je termin „skin longevity“ sve popularniji","Upravo to se dešava sa anti-agingom. U prvi plan dolazi skin longevity: pristup koji ne pokušava da zaustavi vreme, već da produži ...","2026-04-02T12:08","Serbia","online news","media","journalist","news_reporting","news_article","consumer_news","editorial","market_context","none","no","no","profile_supported_needs_review","","0.66","0.75","44","low","medium","medical_aesthetics_silver_v1","No meaningful commercial-intent signals detected | News or reporting publication structure | No validated research indicators | Publication classified as news article | Intent selected by precedence | Mapped from publication type: news_article","","","","","","","","","","unreviewed_machine_prelabel",""
"""""""Sk4E7YREfuPQ9BDtR20E2Yo9kVA""""""","https://ie.pinterest.com/pin/747738344427241309/","Pinterest","ing Ss","rnrmfrnflek","","Discover the **PZLASER Fractional Master®**, engineered for ultimate precision and performance. ✨ Multiple scanning shapes for customized treatments 💎 Maximize results while minimizing tissue damage 🌟 Ideal for scar removal, skin resurfacing, and collagen regeneration Empower your clinic with advanced fractional CO₂ laser technology that delivers visible transformation and long-lasting rejuvenation. #PZLASER #FractionalLaser #CO2Laser #SkinResurfacing #LaserTechnology #AestheticDevice #ScarRemoval #WrinkleReduction #SkinRejuvenation #MedicalSpa #DermatologyDevice #BeautyEquipment #LaserTreatment","skin resurfacing, and collagen regeneration Empower your clinic with advanced fractional CO₂ laser technology that delivers visible transformation and long-lasting rejuvenation. #PZLASER #FractionalLaser #CO2Laser #SkinResurfacing #LaserTechnology #AestheticDevice #ScarRemoval #","2026-02-09T19:37","","social network","provider_hcp","provider","unknown","provider_social_post","provider_conversation","professional","noise_or_low_trust","none","no","no","theme_supported","collagen_biostimulation","0.50","0.40","94","very_high","high","medical_aesthetics_silver_v1","No meaningful commercial-intent signals detected | Publication type supports social or community conversation | Contains treatment or outcome discussion | Author metadata contains a professional healthcare credential or role | Publication format supports provider-authored commentary | No strong commercial signal detected","","","","","","","","","","unreviewed_machine_prelabel",""
"""""""kne5QcKNbX-47tk0T2DBF_mKu-I""""""","https://sitaramagazine.com.ve/2026/06/08/solerpharma-y-promoitalia-impulsan-la-vanguardia-en-medicina-regenerativa-en-venezuela-con-el-biohacking-latam-tour/","Sitara Magazine","","","","SolerPharma y PromoItalia impulsan la vanguardia en medicina regenerativa en Venezuela con el Biohacking Latam Tour","... a través de 17 asesores médicos un portafolio que incluye: skin Longevity Peeling, un tratamiento de de biohacking cutáneo enfocado en ...","2026-06-07T20:37","Venezuela","online news","media","journalist","news_reporting","news_article","consumer_news","editorial","market_context","none","no","no","profile_supported_needs_review","","0.67","0.76","44","low","medium","medical_aesthetics_silver_v1","No meaningful commercial-intent signals detected | News or reporting publication structure | No validated research indicators | Publication classified as news article | Intent selected by precedence | Mapped from publication type: news_article","","","","","","","","","","unreviewed_machine_prelabel",""
"""""""WIYzcHEk8UqsvCG6xmixqbsOGzQ""""""","https://pr.megacapstockpicks.com/article/REJURAN-COSMETICS-Debuts-at-Sephora-Expanding-Its-Footprint-Across-the-US-Market?storyId=69b350d53971457808b098c1","MegaCapstockPicks","","","","REJURAN COSMETICS Debuts at Sephora, Expanding Its Footprint Across the U.S. Market","... REJURAN Cosmetics as a leading global derma-cosmetic brand. About REJURAN COSMETICS REJURAN® COSMETICS is a premium derma-skincare brand ...","2026-03-12T00:00","United States","online news","media","journalist","news_reporting","news_article","consumer_news","editorial","market_context","none","no","no","profile_supported_needs_review","","0.67","0.76","44","low","medium","medical_aesthetics_silver_v1","No meaningful commercial-intent signals detected | News or reporting publication structure | No validated research indicators | Publication classified as news article | Intent selected by precedence | Mapped from publication type: news_article","","","","","","","","","","unreviewed_machine_prelabel",""
"""""""li_olAUym1gBkiUdPZPcQtVE3mI3C8""""""","https://www.linkedin.com/feed/update/urn%3Ali%3Aactivity%3A7445317918906761216","LinkedIn","","","","","your next innovation. See you there! 🔗 Learn more: https://lnkd.in/gUyjHnv3 #Uniproma #InCosmeticsGlobal #PersonalCareIngredients #CosmeticScience #Formulation #Suncare #SkincareInnovation #Sustainability #BeautyIndustry #Elastin #PDRN #Plantstemcells #PlantOil #Innovation","2026-04-01T23:55","","social network","company","brand","brand_announcement","brand_social_post","corporate_pr","commercial","commercial_signal","low","yes","no","theme_supported","regenerative_biology","0.70","0.75","14","very_low","medium","medical_aesthetics_silver_v1","Domain rule: linkedin.com | Possible commercial phrase: learn more | Publication type supports social or community conversation | Contains first-person language | No reliable author-voice classification | No validated research indicators","","","","","","","","","","unreviewed_machine_prelabel",""
"""""""6nbYMpyM8OPk0o3FYPPu397Vyvg""""""","https://ie.pinterest.com/pin/301389400087807972/","Pinterest","Ehsan Rahimi","ehsanrahimi7921","","Sculptra 🎀 Sculptra is NOT a filler, it’s a liquid that is placed superficially under the skin to stimulate your collagen. It’s placed in specific areas of your face to sculpt and enhance your natural beauty ✨ Because it’s not a filer and you don’t get that immediate gratification of a plump. You need to give it time and multiple treatments to see results. 🫶🏼 How Starr MedSpa uses this amazing product: ⭐️ 1. Treatments can be done on their own (1-2 vials) 2. Add on to your next treatmen...","Sculptra 🎀 Sculptra is NOT a filler, it’s a liquid that is placed superficially under the skin to stimulate your collagen. It’s placed in specific areas of your face to sculpt and enhance your natural beauty ✨ Because it’s not a filer and you don’t get that immediate","2026-05-29T03:56","","social network","provider_hcp","provider","unknown","social_post","provider_conversation","professional","noise_or_low_trust","none","no","no","theme_supported","collagen_biostimulation","0.38","0.28","79","high","high","medical_aesthetics_silver_v1","No meaningful commercial-intent signals detected | Publication type supports social or community conversation | Contains treatment or outcome discussion | Author metadata exists, but it does not establish a reliable voice category | No validated research indicators | Provider identity signal: do","","","","","","","","","","unreviewed_machine_prelabel",""
"""""""dpacp9nLsrCVCT57toMDgPup00U""""""","https://stockstalent.com/2026/05/01/lemonbottle-concludes-face-body-2026-secures-latin-america-foothold/","Stocks Talent","","","","LemonBottle Concludes FACE & BODY 2026, Secures Latin America Foothold","... techniques to expected results, reflecting growing interest in clinically driven aesthetic solutions. In particular, there was strong ...","2026-05-01T15:52","United States","online news","media","journalist","news_reporting","news_article","consumer_news","editorial","market_context","none","no","no","profile_supported_needs_review","","0.68","0.77","44","low","medium","medical_aesthetics_silver_v1","No meaningful commercial-intent signals detected | Contains treatment or outcome discussion | News or reporting publication structure | No validated research indicators | Publication classified as news article | Intent selected by precedence","","","","","","","","","","unreviewed_machine_prelabel",""
"""""""nErGZU-Sd0nAcHvA0UxnrNPl-4g""""""","https://ameblo.jp/malikun01/entry-12961437233.html","瑠璃の壺","","","","""""""at face value""""""","が面白い。 ◎ 引用した英文の出典 (BBC, 2026-04-30 JST) Salmon sperm to bird droppings: The science behind bizarre skincare trends → https://www.bbc.com/future/article/20260327-the-bizarre-skincare-rituals-that-might-actually-work 記事のタイトルに Salmon sperm to bird droppings（ 鮭の精子から鳥の糞まで）とあるのも、読","2026-03-30T10:23","Japan","blog","other","unknown","unknown","blog_post","personal_blog","unknown","noise_or_low_trust","none","no","no","profile_supported_needs_review","","0.36","0.26","48","low","high","medical_aesthetics_silver_v1","No meaningful commercial-intent signals detected | Publication type supports social or community conversation | No reliable author-voice classification | No validated research indicators | Provider identity signal: do | No intent candidate satisfied eligibility requirements","","","","","","","","","","unreviewed_machine_prelabel",""
"""""""xn46CsQ1eSsaMTHOUxzQPCIK1Og""""""","https://wirereported.com/lemonbottle-concludes-face-body-2026-secures-latin-america-foothold/","Wire Reported","Chloe Garcia","","","LemonBottle Concludes FACE & BODY 2026, Secures Latin America Foothold","... techniques to expected results, reflecting growing interest in clinically driven aesthetic solutions. In particular, there was strong ...","2026-05-01T16:05","United States","online news","media","journalist","news_reporting","news_article","consumer_news","editorial","market_context","none","no","no","profile_supported_needs_review","","0.68","0.77","44","low","medium","medical_aesthetics_silver_v1","No meaningful commercial-intent signals detected | Contains treatment or outcome discussion | News or reporting publication structure | No validated research indicators | Publication classified as news article | Intent selected by precedence","","","","","","","","","","unreviewed_machine_prelabel",""
"""""""5Uoigrh3aldO1Vl-U4zhC0HZRqA""""""","https://smb.andalusiastarnews.com/article/Simply-Radiant-Becomes-The-First-And-Only-Sofwave-Provider-In-Manitoba?storyId=697a2b7be5dfe800020c9eee","Andalusia Star-News","","","","Simply Radiant Becomes The First And Only Sofwave Provider In Manitoba","Simply Radiant Aesthetics is a full-service medical aesthetics and laser clinic serving clients in Winnipeg and the surrounding area. Along ...","2026-01-28T10:02","United States","online news","media","journalist","news_reporting","news_article","consumer_news","editorial","market_context","none","no","no","theme_supported","provider_led_trust","0.67","0.75","44","low","medium","medical_aesthetics_silver_v1","No meaningful commercial-intent signals detected | Contains treatment or outcome discussion | News or reporting publication structure | No validated research indicators | Publication classified as news article | Intent selected by precedence","","","","","","","","","","unreviewed_machine_prelabel",""
"""""""FwKYDwO1Vd_otVKHQNVTE5imhN8""""""","https://smb.middlesboronews.com/article/Skin-Boosters-Market-to-Surpass-USD-326380-Million-by-2032-Shows-New-Analysis-on-Injectable-Skin-Rejuvenation-and-Anti-Aging-Trends-MMR-Statistics?storyId=697a0cada28ebccd8b989b01","Middlesboro Daily News","","","","Skin Boosters Market to Surpass USD 3,263.80 Million by 2032, Shows New Analysis on Injectable Skin Rejuvenation and Anti-Aging Trends: MMR Statistics","... e-commerce availability of professional skin booster treatments are accelerating awareness and adoption globally. Professional Skin ...","2026-01-28T08:15","United States","online news","media","journalist","news_reporting","news_article","consumer_news","editorial","market_context","none","no","no","theme_supported","skin_quality_over_volume","0.68","0.77","44","low","medium","medical_aesthetics_silver_v1","No meaningful commercial-intent signals detected | Contains treatment or outcome discussion | News or reporting publication structure | No validated research indicators | Publication classified as news article | Intent selected by precedence","","","","","","","","","","unreviewed_machine_prelabel",""
"""""""ep75_KmJFsig2X_JS36apN1XiDI""""""","https://art.hotspotfood.com/press-release/2026-05-01/32308/lemonbottle-concludes-face-body-2026-secures-latin-america-foothold","Art Hotspot Food","","","","LemonBottle Concludes FACE & BODY 2026, Secures Latin America Foothold","... techniques to expected results, reflecting growing interest in clinically driven aesthetic solutions. In particular, there was strong ...","2026-05-01T00:00","United States","online news","company","brand","brand_announcement","press_release","corporate_pr","commercial","commercial_signal","none","yes","no","profile_supported_needs_review","","0.79","0.84","19","very_low","low","medical_aesthetics_silver_v1","Domain rule: URL press-release path | No meaningful commercial-intent signals detected | Contains treatment or outcome discussion | Publication is classified as a press release | No validated research indicators | Press release establishes announcement intent","","","","","","","","","","unreviewed_machine_prelabel",""
"""""""yt-jMnMbJtsLdE""""""","https://www.youtube.com/watch?v=jMnMbJtsLdE","Youtube","Laboratoires Botanique Avancée","","","LBA : exceptional skincare for skin longevity","LBA : exceptional skincare for skin longevity","2026-05-26T05:59","","social network","other","unknown","unknown","educational_video","unknown","unknown","noise_or_low_trust","none","no","no","profile_supported_needs_review","","0.39","0.19","40","low","high","medical_aesthetics_silver_v1","Domain rule: youtube.com | No meaningful commercial-intent signals detected | Publication type supports social or community conversation | Author metadata exists, but it does not establish a reliable voice category | No validated research indicators | Provider identity signal: do","","","","","","","","","","unreviewed_machine_prelabel",""
"""""""yt-DEL_YiECXmc""""""","https://www.youtube.com/watch?v=DEL_YiECXmc","Youtube","Mantra Aesthetic Studio","","","Jawline Filler + Sculptra | Facial Balancing","long-term structure. In this treatment, dermal filler is used for immediate contour and definition, while Sculptra supports collagen stimulation to improve strength and skin quality over time. Jawline enhancement requires a precise, anatomy-based approach that enhances natural","2026-01-01T15:57","","social network","provider_hcp","provider","provider_education","educational_video","provider_conversation","professional","professional_interpretation","none","no","no","theme_supported","skin_quality_over_volume|collagen_biostimulation","0.73","0.80","96","very_high","medium","medical_aesthetics_silver_v1","Domain rule: youtube.com | No meaningful commercial-intent signals detected | Publication type supports social or community conversation | Contains treatment or outcome discussion | Author metadata exists, but it does not establish a reliable voice category | No validated research indicators","","","","","","","","","","unreviewed_machine_prelabel",""
"""""""eM3m-WII5aEtjWs5f5vtBoMrgIs""""""","https://pr.wheatlandsun.com/article/AAFPRS-REVEALS-THE-TRENDS-DEFINING-FACIAL-PLASTIC-SURGERY?storyId=699d8ee9f3b9ec0450c8d662","Wheatland Sun","","","","AAFPRS REVEALS THE TRENDS DEFINING FACIAL PLASTIC SURGERY","... cosmetic procedures or injectables, with many strategically opting for subtle, preventative approaches designed to preserve facial ...","2026-02-24T06:40","United States","online news","media","journalist","news_reporting","news_article","consumer_news","editorial","market_context","none","no","no","theme_supported","preventative_aesthetics","0.68","0.77","44","low","medium","medical_aesthetics_silver_v1","No meaningful commercial-intent signals detected | Contains treatment or outcome discussion | News or reporting publication structure | No validated research indicators | Publication classified as news article | Intent selected by precedence","","","","","","","","","","unreviewed_machine_prelabel",""
"""""""b2gURTznsVbzKhwHD1bmQ9Euyo0""""""","https://www.lelezard.com/en/news-22151627.html","Le Lézard","","","","AMWC 2026: Galderma Showcases Category?leading Innovation With a Comprehensive Portfolio and Holistic, Future?focused Aesthetic Strategies","... and services that span the full spectrum of the fast-growing dermatology market through Injectable Aesthetics, Dermatological Skincare ...","2026-03-17T02:16","Canada","online news","media","journalist","news_reporting","news_article","consumer_news","editorial","market_context","none","no","no","profile_supported_needs_review","","0.67","0.76","44","low","medium","medical_aesthetics_silver_v1","No meaningful commercial-intent signals detected | Contains treatment or outcome discussion | News or reporting publication structure | No validated research indicators | Publication classified as news article | Intent selected by precedence","","","","","","","","","","unreviewed_machine_prelabel",""
"""""""8PgHqQ2hBV6X7Hdp37RJ1Groivc""""""","https://pr.cottonwoodheightsjournal.com/article/Moxie-Helps-Aesthetic-Providers-Reclaim-Clinical-Leadership-with-Treatment-Plans/6a2193cde80eb70d15dfa33f","Cottonwood Heights Journal","","","","Moxie Helps Aesthetic Providers Reclaim Clinical Leadership with Treatment Plans","... , skincare, education, an artful eye for aesthetics, and an advanced practice education to educate clients on aging prevention and ...","2026-06-04T11:00","United States","online news","media","journalist","news_reporting","news_article","consumer_news","editorial","market_context","none","no","no","profile_supported_needs_review","","0.68","0.77","44","low","medium","medical_aesthetics_silver_v1","No meaningful commercial-intent signals detected | Contains treatment or outcome discussion | News or reporting publication structure | No validated research indicators | Publication classified as news article | Intent selected by precedence","","","","","","","","","","unreviewed_machine_prelabel",""
"""""""l0IZ-NScLASnnLVoKAzvWHXgz58""""""","https://aijourn.com/amwc-2026-galderma-showcases-category-leading-innovation-with-a-comprehensive-portfolio-and-holistic-future-focused-aesthetic-strategies/","The AI Journal","","","","AMWC 2026: Galderma Showcases Category‑leading Innovation With a Comprehensive Portfolio and Holistic, Future‑focused Aesthetic Strategies","... and services that span the full spectrum of the fast-growing dermatology market through Injectable Aesthetics, Dermatological Skincare ...","2026-03-17T02:15","United Kingdom","online news","media","journalist","news_reporting","news_article","consumer_news","editorial","market_context","none","no","no","profile_supported_needs_review","","0.67","0.76","44","low","medium","medical_aesthetics_silver_v1","No meaningful commercial-intent signals detected | Contains treatment or outcome discussion | News or reporting publication structure | No validated research indicators | Publication classified as news article | Intent selected by precedence","","","","","","","","","","unreviewed_machine_prelabel",""
"""""""tiktok_7597449452923718943""""""","https://www.tiktok.com/@itssamantha.xoxo/video/7597449452923718943?utm_campaign=tt4d_open_api&utm_source=mapi","Tiktok","itssamantha.xoxo","itssamantha.xoxo","","","I was looking rough and puffy on Monday morning 😜 I slept with the @medicube global PDRN Pink Collagen Gel Mask and my skin was sooooo glassy. Towards the end of the video you can see I’m amazed, but should I be knowing Medicube always delivers? ✨ Night routine consisted","2026-01-20T09:24","","social network","patient","patient","community_discussion","social_post","patient_conversation","lived_experience","community_signal","none","no","no","theme_supported","collagen_biostimulation|regenerative_biology","0.64","0.55","100","very_high","medium","medical_aesthetics_silver_v1","Domain rule: tiktok.com | No meaningful commercial-intent signals detected | Publication type supports social or community conversation | Contains first-person language | Contains community-question or discussion language | Meets threshold for authentic social conversation","","","","","","","","","","unreviewed_machine_prelabel",""
"""""""L-dgls5vwKc90pbaM8uhLiV7kvw""""""","https://smb.salisburypost.com/article/New-Westminster-Residents-Explore-Non-Surgical-Facial-Rejuvenation-Options?storyId=697b364be8eddf00029d26ba","Salisbury Post","","","","New Westminster Residents Explore Non-Surgical Facial Rejuvenation Options","... that intersect personal appearance and clinical wellness. Growing Demand for Medically Supervised Aesthetic Services in New Westminster New ...","2026-01-29T05:28","United States","online news","media","journalist","news_reporting","news_article","consumer_news","editorial","market_context","none","no","no","profile_supported_needs_review","","0.67","0.76","44","low","medium","medical_aesthetics_silver_v1","No meaningful commercial-intent signals detected | Contains treatment or outcome discussion | News or reporting publication structure | No validated research indicators | Publication classified as news article | Intent selected by precedence","","","","","","","","","","unreviewed_machine_prelabel",""
"""""""li_Vqn-YDh89ZdJ4-uu6N7w_WIumdk""""""","https://www.linkedin.com/feed/update/urn%3Ali%3Aactivity%3A7459508832826712064","LinkedIn","","","","","found in the Skin Longevity Compass and could help guide future scientific and clinical investigations in this field For more information, see the publication: https://lnkd.in/e_MJCXKU #Dior #Science #SkinAging #Longevity #Research #Innovation #Reverseaging #Dermatology #Beauty #","2026-05-11T03:44","","social network","provider_hcp","provider","thought_leadership","provider_social_post","provider_conversation","professional","professional_interpretation","none","no","no","profile_supported_needs_review","","0.68","0.70","96","very_high","medium","medical_aesthetics_silver_v1","Domain rule: linkedin.com | No meaningful commercial-intent signals detected | Publication type supports social or community conversation | Contains treatment or outcome discussion | No reliable author-voice classification | No validated research indicators","","","","","","","","","","unreviewed_machine_prelabel",""
"""""""wnVkzJpnB7cTnrAJOZZEeTSHNRU""""""","urn:publicid:ap.org:f9fb0b2898b09f20f52d5a1dbd9c4a4f","AP (Hosted)","","","","SkinSpirit Doubles Down on Regenerative Therapies to Meet Growing Consumer Demand","... for medical aesthetics, has long been recognized as a leader in Botox® and dermal fillers and is now accelerating its investment in ...","2026-04-07T10:00","United States","online news","media","journalist","news_reporting","news_article","consumer_news","editorial","market_context","none","no","no","theme_supported","provider_led_trust","0.64","0.75","44","low","medium","medical_aesthetics_silver_v1","No meaningful commercial-intent signals detected | News or reporting publication structure | No validated research indicators | Publication classified as news article | Intent selected by precedence | Mapped from publication type: news_article","","","","","","","","","","unreviewed_machine_prelabel",""
"""""""6L5Rsx3Azn__umynvI6wCews7jA""""""","https://pr.millcreekjournal.com/article/Anathapindika-Healths-Detoxification-Supplements-Shine-as-Anti-Aging-Takes-the-Spotlight-in-2026?storyId=6985e6acc8b155128b416f25","Millcreek Journal","","","","Anathapindika Health’s Detoxification Supplements Shine as Anti-Aging Takes the Spotlight in 2026","... and youthful appearance. Advances in skincare, supplements, and cosmetic treatments are also driving higher adoption in North America.” ...","2026-02-06T16:05","United States","online news","media","journalist","news_reporting","news_article","consumer_news","editorial","market_context","none","no","no","profile_supported_needs_review","","0.66","0.75","44","low","medium","medical_aesthetics_silver_v1","No meaningful commercial-intent signals detected | Contains treatment or outcome discussion | News or reporting publication structure | No validated research indicators | Publication classified as news article | Intent selected by precedence","","","","","","","","","","unreviewed_machine_prelabel",""
"""""""LQ5AckGhQBL0ET8iNykt_q5g4gk""""""","https://biotech-365.com/anathapindika-healths-detoxification-supplements-shine-as-anti-aging-takes-the-spotlight-in-2026/","Biotech-365","","","","Anathapindika Health’s Detoxification Supplements Shine as Anti-Aging Takes the Spotlight in 2026","... and youthful appearance. Advances in skincare, supplements, and cosmetic treatments are also driving higher adoption in North America.” ...","2026-02-06T08:57","United States","online news","media","journalist","news_reporting","news_article","consumer_news","editorial","market_context","none","no","no","profile_supported_needs_review","","0.67","0.76","44","low","medium","medical_aesthetics_silver_v1","No meaningful commercial-intent signals detected | Contains treatment or outcome discussion | News or reporting publication structure | No validated research indicators | Publication classified as news article | Intent selected by precedence","","","","","","","","","","unreviewed_machine_prelabel",""
"""""""eRKvMvt_Vwu6Uy5deWKZ62LYUkU""""""","https://lifestyle.passionateaboutfood.net/story/697642/from-elite-athletes-to-everyday-professionals-how-alyze-is-making-world-class-coordinated-health-care-available-for-the-first-time/","XPR Lifestyle","","","","From Elite Athletes to Everyday Professionals: How ALYZE Is Making World-Class Coordinated Health Care Available for the First Time","... therapy, hyperbaric oxygen therapy, and massage. A full-service medspa offers skin rejuvenation, anti-aging treatments, PRP therapy, and ...","2026-06-02T10:26","United States","online news","media","journalist","news_reporting","news_article","consumer_news","editorial","market_context","none","no","no","theme_supported","regenerative_biology","0.68","0.77","44","low","medium","medical_aesthetics_silver_v1","No meaningful commercial-intent signals detected | Contains treatment or outcome discussion | News or reporting publication structure | No validated research indicators | Publication classified as news article | Intent selected by precedence","","","","","","","","","","unreviewed_machine_prelabel",""
"""""""li_u4cImeMcnqi9Kuh0ekng11umNSM""""""","https://www.linkedin.com/feed/update/urn%3Ali%3Aactivity%3A7427652405602983937","LinkedIn","","","","","in enquiries from both clinics and patients wanting to understand how nitrogen plasma skin regeneration works, and what it can achieve. This is the power of combining credible clinical results with strong PR moments, creating awareness that supports both clinic growth and patient","2026-02-12T04:58","","social network","provider_hcp","provider","thought_leadership","provider_social_post","provider_conversation","professional","professional_interpretation","none","no","no","profile_supported_needs_review","","0.70","0.72","98","very_high","medium","medical_aesthetics_silver_v1","Domain rule: linkedin.com | No meaningful commercial-intent signals detected | Publication type supports social or community conversation | Contains first-person language | Contains treatment or outcome discussion | No reliable author-voice classification","","","","","","","","","","unreviewed_machine_prelabel",""
"""""""EcqFqX-UHd0E0YCQY7YRgJEruGM""""""","https://smb.elizabethton.com/article/Best-Dermal-Fillers-in-Utah-for-Natural-Looking-Results?storyId=6992ab22f07d5b000215ecd2","Elizabethton Star","","","","Best Dermal Fillers in Utah for Natural-Looking Results","... it comes to cosmetic injectables. Bahr Dermatology is led by Dr. Brooks A. Bahr is a board-certified dermatologist with extensive training ...","2026-02-16T00:05","United States","online news","media","journalist","news_reporting","news_article","consumer_news","editorial","market_context","none","no","no","theme_supported","natural_results|provider_led_trust","0.67","0.74","44","low","medium","medical_aesthetics_silver_v1","No meaningful commercial-intent signals detected | Contains community-question or discussion language | Contains treatment or outcome discussion | News or reporting publication structure | No validated research indicators | Publication classified as news article","","","","","","","","","","unreviewed_machine_prelabel",""
"""""""rLEyxLW4WuBaRrVWzYcrAwmhiqY""""""","https://www.richmondeveningnews.com/news/institute-of-facial-aesthetic-medicine-ifam-redefines-medical-aesthetics-education-in-india20260116184138/","Richmond Evening News","","","","Institute of Facial Aesthetic Medicine (IFAM) Redefines Medical Aesthetics Education in India","... medical education institution dedicated to advancing standards in facial aesthetics, clinical cosmetology, and aesthetic medicine. Founded ...","2026-01-16T08:34","United States","online news","media","journalist","news_reporting","news_article","consumer_news","editorial","market_context","none","no","no","theme_supported","provider_led_trust","0.67","0.76","44","low","medium","medical_aesthetics_silver_v1","No meaningful commercial-intent signals detected | Contains treatment or outcome discussion | News or reporting publication structure | No validated research indicators | Publication classified as news article | Intent selected by precedence","","","","","","","","","","unreviewed_machine_prelabel",""
"""""""Lahu-ZdJIHs2x3DZENUwBgAOL-w""""""","https://pr.naticktownnews.com/article/CGBIO-Showcases-Comprehensive-Medical-Device-Portfolio-at-KIMES-2026-Achieves-KRW-53-Billion-in-Contract-Results?storyId=69d449d90f25261839c23876","Natick Town News","","","","CGBIO Showcases Comprehensive Medical Device Portfolio at KIMES 2026 Achieves KRW 5.3 Billion in Contract Results","FACETEM (aesthetic), Curasys ME (wound care), NOVOSIS (bone substitute), and CG GEL (endoscopic hemostatic agent). FACETEM is a collagen ...","2026-04-05T20:00","United States","online news","media","journalist","news_reporting","news_article","consumer_news","editorial","market_context","none","no","no","theme_supported","collagen_biostimulation","0.69","0.78","44","low","medium","medical_aesthetics_silver_v1","No meaningful commercial-intent signals detected | Contains first-person language | Contains community-question or discussion language | Contains treatment or outcome discussion | News or reporting publication structure | No validated research indicators","","","","","","","","","","unreviewed_machine_prelabel",""
"""""""L6fW8o7Xk3Apiw0KNNaSb-R8DOY""""""","https://markets.financialcontent.com/dowtheoryletters/article/accwirecq-2026-6-1-from-elite-athletes-to-everyday-professionals-how-alyze-is-making-world-class-coordinated-health-care-available-for-the-first-time","Dow Theory Letters - Financial Content","","","","From Elite Athletes to Everyday Professionals: How ALYZE Is Making World-Class Coordinated Health Care Available for the First Time","... therapy, hyperbaric oxygen therapy, and massage. A full-service medspa offers skin rejuvenation, anti-aging treatments, PRP therapy, and ...","2026-06-01T15:50","United States","online news","media","journalist","news_reporting","news_article","consumer_news","editorial","market_context","none","no","no","theme_supported","regenerative_biology","0.68","0.77","44","low","medium","medical_aesthetics_silver_v1","No meaningful commercial-intent signals detected | Contains treatment or outcome discussion | News or reporting publication structure | No validated research indicators | Publication classified as news article | Intent selected by precedence","","","","","","","","","","unreviewed_machine_prelabel",""
"""""""zbr86NUCqZb1vlduvHbA-l1-_Pc""""""","https://ie.pinterest.com/pin/413346072077573983/","Pinterest","TAOTAO","taotao0548","","CAVIAR & PDRN DUAL ACTIONA powerful combination of caviar extract and PDRN revitalizes skin and strengthens the skin barrier. 600,000 PPM OF CAVIAR COMPLEXRich in proteins and essential nutrients, caviar helps strength the skin barrier, improving skin plumper, and more radiant. NATURAL SKIN RENEWALCaviar & PDRN help support healthy-looking skin by protecting it from external factors and maintaining its natural vitality. HYPOALLERGENICThis deep hydrating facial mask is formulated with non-toxic and non-irritating ingredients. It is free of allergens and 19 other harsh, controversial ingredients. Safe for sensitive skin. Biodance skincare products focus on the balance of effective ingredients and long-lasting results beyond temporary effects. Ingredients: Caviar Water, Water, Glycerin, Dipro","CAVIAR & PDRN DUAL ACTIONA powerful combination of caviar extract and PDRN revitalizes skin and strengthens the skin barrier. 600,000 PPM OF CAVIAR COMPLEXRich in proteins and essential nutrients, caviar helps strength the skin barrier, improving skin plumper, and more radiant.","2026-06-02T02:21","","social network","company","retailer","product_promotion","influencer_social_post","retail_or_product","commercial","commercial_signal","none","yes","no","theme_supported","regenerative_biology","0.57","0.63","0","very_low","medium","medical_aesthetics_silver_v1","No meaningful commercial-intent signals detected | Publication type supports social or community conversation | Contains treatment or outcome discussion | Author metadata exists, but it does not establish a reliable voice category | No validated research indicators | Pinterest account or content has commercial recommendation signals","","","","","","","","","","unreviewed_machine_prelabel",""
"""""""acDoOfzv4Wr7jnSCcrB1F_KIj-I""""""","https://crypto.token24news.co.uk/press-release/2026-05-23/33200/le-skin-aesthetics-named-top-aesthetics-provider-in-jackson-ms-and-state-of-mississippi-after-earning-dual-2026-iabe-excellence-awards","Token24 News","","","","Le Skin Aesthetics Named Top Aesthetics Provider in Jackson, MS and State of Mississippi After Earning Dual 2026 IABE Excellence Awards","Skin Rejuvenation — Advanced treatments including microneedling designed to improve texture, tone, and overall skin quality Regenerative ...","2026-05-23T03:36","United Kingdom","online news","company","brand","brand_announcement","press_release","corporate_pr","commercial","commercial_signal","none","yes","no","theme_supported","skin_quality_over_volume","0.79","0.84","19","very_low","low","medical_aesthetics_silver_v1","Domain rule: URL press-release path | No meaningful commercial-intent signals detected | Contains treatment or outcome discussion | Publication is classified as a press release | No validated research indicators | Press release establishes announcement intent","","","","","","","","","","unreviewed_machine_prelabel",""
"""""""gv7WHdXaYlbg4NRgBoQTmDeb04s""""""","https://wolfnews.co.uk/press-release/2026-05-23/33307/le-skin-aesthetics-named-top-aesthetics-provider-in-jackson-ms-and-state-of-mississippi-after-earning-dual-2026-iabe-excellence-awards","Wolf News","","","","Le Skin Aesthetics Named Top Aesthetics Provider in Jackson, MS and State of Mississippi After Earning Dual 2026 IABE Excellence Awards","Skin Rejuvenation — Advanced treatments including microneedling designed to improve texture, tone, and overall skin quality Regenerative ...","2026-05-23T06:58","United Kingdom","online news","company","brand","brand_announcement","press_release","corporate_pr","commercial","commercial_signal","none","yes","no","theme_supported","skin_quality_over_volume","0.79","0.84","19","very_low","low","medical_aesthetics_silver_v1","Domain rule: URL press-release path | No meaningful commercial-intent signals detected | Contains treatment or outcome discussion | Publication is classified as a press release | No validated research indicators | Press release establishes announcement intent","","","","","","","","","","unreviewed_machine_prelabel",""
"""""""77HWYxS-Kge1QS1yNOieoAljEK4""""""","proquest:publicid-3340408410","London Daily Mirror (Print Edition)","","","","Trend Report","TEOXANE SKINCARE, FROM £25 Teoxane's topical range brings clinic-backed expertise into everyday skincare. At the heart of the formulas is ...","2026-05-12T00:00","United Kingdom","print","other","unknown","unknown","unknown","unknown","unknown","noise_or_low_trust","none","no","no","profile_supported_needs_review","","0.15","0.06","25","very_low","high","medical_aesthetics_silver_v1","No meaningful commercial-intent signals detected | Contains treatment or outcome discussion | No reliable author-voice classification | No validated research indicators | Provider identity signal: do | No intent candidate satisfied eligibility requirements","","","","","","","","","","unreviewed_machine_prelabel",""
"""""""OERKl5FTvAypumcWM8uex5AE2kc""""""","https://markets.financialcontent.com/wss/article/marketersmedia-2026-5-12-indonesian-trust-in-korean-skin-rejuvenation-k-beauty-report-released","WSS - FinancialContent","","","","Indonesian Trust in Korean Skin Rejuvenation: K-Beauty Report Released","... results within one to two weeks. The clinic integrates exosomes with laser-assisted rejuvenation and PRP procedures, creating a holistic ...","2026-05-12T10:28","United States","online news","media","journalist","news_reporting","news_article","consumer_news","editorial","market_context","none","no","no","theme_supported","regenerative_biology","0.67","0.76","44","low","medium","medical_aesthetics_silver_v1","No meaningful commercial-intent signals detected | Contains treatment or outcome discussion | News or reporting publication structure | No validated research indicators | Publication classified as news article | Intent selected by precedence","","","","","","","","","","unreviewed_machine_prelabel",""
"""""""g36fW2xBKCmmUGkd7Frx8vhWKEU""""""","https://lifestyle.houstonnewstoday.com/story/526400/sakose-joins-forces-with-nobel-laureate-professor-to-advance-scientific-innovation-and-set-a-german-style-petroleum-jelly-skincare-benchmark/","lifestyle.houstonnewstoday.com","","","","Sakose Joins Forces with Nobel Laureate Professor to Advance Scientific Innovation and Set a German-Style Petroleum Jelly Skincare Benchmark","... -style petroleum jelly skincare specialist Sakose has officially entered into a strategic R&D partnership with Nobel laureate Professor ...","2026-03-02T18:12","United States","online news","media","journalist","news_reporting","news_article","consumer_news","editorial","market_context","none","no","no","profile_supported_needs_review","","0.67","0.76","44","low","medium","medical_aesthetics_silver_v1","No meaningful commercial-intent signals detected | News or reporting publication structure | No validated research indicators | Publication classified as news article | Intent selected by precedence | Mapped from publication type: news_article","","","","","","","","","","unreviewed_machine_prelabel",""
"""""""J_Wmqhh7eojRscFbYwOzY24OxMo""""""","https://lifestyle.myeaglecountry.com/story/201649/two-chicks-aesthetics-reports-summer-surge-in-hyperhidrosis-botox-demand/","KZZI-FM","","","","Two Chicks Aesthetics Reports Summer Surge in Hyperhidrosis Botox Demand","... in the clinic’s guiding principle, “Keep Up, Don’t Catch Up.” Services include therapeutic and cosmetic Botox, Dysport, Jeuveau, dermal ...","2026-05-02T10:52","United States","online news","media","journalist","news_reporting","news_article","consumer_news","editorial","market_context","none","no","no","profile_supported_needs_review","","0.66","0.75","44","low","medium","medical_aesthetics_silver_v1","No meaningful commercial-intent signals detected | Contains treatment or outcome discussion | News or reporting publication structure | No validated research indicators | Publication classified as news article | Intent selected by precedence","","","","","","","","","","unreviewed_machine_prelabel",""
"""""""EOr6SI3IQCFshhPqP80y32iLIzs""""""","https://www.midfloridanewspapers.com/online_features/press_releases/5-signs-it-s-time-to-visit-an-aesthetics-clinic-in-garden-city-for-a/article_6d6a22d1-a115-56cd-8b59-251a6f167343.html","Mid Florida Newspapers","","","","5 Signs It’s Time to Visit an Aesthetics Clinic in Garden City for a Skin Refresh","... most patients. About Zoyya Anti-Aging & Aesthetics Zoyya Anti-Aging & Aesthetics is a physician-led aesthetics clinic in Garden City that ...","2026-05-02T13:05","United States","online news","company","brand","brand_announcement","press_release","corporate_pr","commercial","commercial_signal","none","yes","no","theme_supported","provider_led_trust","0.77","0.82","19","very_low","low","medical_aesthetics_silver_v1","Domain rule: URL press-release path | No meaningful commercial-intent signals detected | Contains treatment or outcome discussion | Publication is classified as a press release | No validated research indicators | Press release establishes announcement intent","","","","","","","","","","unreviewed_machine_prelabel",""
"""""""N5dmQOhgm0UEwllcg5GmKm9GDDc""""""","https://www.berkshireeagle.com/online_features/press_releases/5-signs-it-s-time-to-visit-an-aesthetics-clinic-in-garden-city-for-a/article_b8d82cf1-fccf-5a45-9341-33a28c50d30a.html","The Berkshire Eagle","","","","5 Signs It’s Time to Visit an Aesthetics Clinic in Garden City for a Skin Refresh","... most patients. About Zoyya Anti-Aging & Aesthetics Zoyya Anti-Aging & Aesthetics is a physician-led aesthetics clinic in Garden City ...","2026-05-02T13:05","United States","online news","company","brand","brand_announcement","press_release","corporate_pr","commercial","commercial_signal","none","yes","no","theme_supported","provider_led_trust","0.77","0.82","19","very_low","low","medical_aesthetics_silver_v1","Domain rule: URL press-release path | No meaningful commercial-intent signals detected | Contains treatment or outcome discussion | Publication is classified as a press release | No validated research indicators | Press release establishes announcement intent","","","","","","","","","","unreviewed_machine_prelabel",""
"""""""1773280527000_lXk6Usyh-2EHSq-GTpLV3bvnQWkA""""""","https://twitter.com/Sharonzhaoplla/statuses/2031911921918886373","Twitter","Sharon zhao","@sharonzhaoplla","","","misunderstand PLLA fillers. 3 common myths: ❌ Instant volume ❌One treatment is enough ❌Only for facial wrinkles PLLA actually works as a collagen biostimulator, gradually restoring volume and improving skin quality. Understanding PLLA = better results. #PLLAfiller https://t.co/","2026-03-11T21:55","","social network","provider_hcp","provider","thought_leadership","provider_social_post","provider_conversation","professional","professional_interpretation","none","no","no","theme_supported","skin_quality_over_volume|collagen_biostimulation","0.67","0.68","97","very_high","medium","medical_aesthetics_silver_v1","Domain rule: twitter.com | No meaningful commercial-intent signals detected | Publication type supports social or community conversation | Contains treatment or outcome discussion | Author metadata exists, but it does not establish a reliable voice category | No validated research indicators","","","","","","","","","","unreviewed_machine_prelabel",""
"""""""Sf6_Z5MUviJVJCkE5vwtr-sXSBQ""""""","https://ie.pinterest.com/pin/471400286020638044/","Pinterest","May Gb","maygdl12","","Hailey Bieber called it “undeniable” — and now everyone’s talking about it🤩 Microneedling with Salmon DNA is the ultimate glow treatment that boosts collagen while infusing skin withDNA extracts known for their healing and hydration powers🐟✨ Here’s why clients (and celebs) can’t get enough: 🍃Repairs + hydrates at a cellular level 🍃Smooths texture + evens tone 🍃Boosts collagen for long-term skin rejuvenation 🍃Leaves skin plump, radiant, and glassy Over time, your skin becomes firmer, health...","Hailey Bieber called it “undeniable” — and now everyone’s talking about it🤩 Microneedling with Salmon DNA is the ultimate glow treatment that boosts collagen while infusing skin withDNA extracts known for their healing and hydration powers🐟✨ Here’s why clients (and celebs) can’","2026-01-13T07:57","","social network","other","influencer","commercial_review","influencer_social_post","influencer_content","commercial","commercial_signal","none","yes","no","theme_supported","skin_quality_over_volume|collagen_biostimulation","0.59","0.67","31","very_low","medium","medical_aesthetics_silver_v1","No meaningful commercial-intent signals detected | Publication type supports social or community conversation | Contains treatment or outcome discussion | Author metadata exists, but it does not establish a reliable voice category | No validated research indicators | Influencer signal: celebs","","","","","","","","","","unreviewed_machine_prelabel",""
"""""""li_pjoA9cxBF9GGhafdMTcHng1qwCE""""""","https://www.linkedin.com/feed/update/urn%3Ali%3Aactivity%3A7463614658667642881","LinkedIn","","","","","-AGE & LONGEVITY Magazine #62 🇬🇧🔬 Aesthetics is entering the era of regenerative biology In this article, Benoit Chardon, global expert in medical aesthetics and jury member of the IMCAS Innovation Awards, presents his “Top 10” future-of-aesthetics innovations. Beyond volume","2026-05-22T11:40","","social network","company","brand","brand_announcement","brand_social_post","corporate_pr","commercial","commercial_signal","none","yes","no","theme_supported","regenerative_biology|provider_led_trust","0.71","0.76","19","very_low","medium","medical_aesthetics_silver_v1","Domain rule: linkedin.com | No meaningful commercial-intent signals detected | Publication type supports social or community conversation | No reliable author-voice classification | No validated research indicators | Brand signal: global","","","","","","","","","","unreviewed_machine_prelabel",""
"""""""yt--MoDsxdXckU""""""","https://www.youtube.com/watch?v=-MoDsxdXckU","Youtube","The Soulz Wellness","","","Vampire Facial (Face PRP) in Nagpur | Skin Rejuvenation Treatment | The Soulz Wellness Clinic","Facial Nagpur, Face PRP treatment, PRP facial benefits, skin rejuvenation therapy, PRP for glowing skin, acne scar treatment PRP, anti aging facial India, PRP therapy Nagpur, best skin clinic Nagpur, platelet rich plasma facial, cosmetic treatment Nagpur, PRP facial cost India","2026-04-25T02:26","","social network","company","clinic","clinic_promotion","promotional_video","clinic_marketing","commercial","commercial_signal","none","yes","no","theme_supported","regenerative_biology","0.71","0.76","15","very_low","medium","medical_aesthetics_silver_v1","Domain rule: youtube.com | No meaningful commercial-intent signals detected | Publication type supports social or community conversation | Contains treatment or outcome discussion | Author metadata exists, but it does not establish a reliable voice category | No validated research indicators","","","","","","","","","","unreviewed_machine_prelabel",""
"""""""cMeUguuJfsmZPkD61LwPSZBN93U""""""","https://www.teknoscienze.com/new-study-results-for-longevity-skin-care-concepts-from-clr/","TKS Publisher - Teknoscienze","","","","NEW STUDY RESULTS FOR LONGEVITY SKIN CARE CONCEPTS FROM CLR","... production of key structural proteins and supporting optimal skin regeneration. New in vivo data confirm visibly firmer skin and fewer ...","2026-01-27T09:52","United States","online news","media","journalist","news_reporting","news_article","consumer_news","editorial","market_context","none","no","no","profile_supported_needs_review","","0.68","0.78","44","low","medium","medical_aesthetics_silver_v1","No meaningful commercial-intent signals detected | Contains treatment or outcome discussion | News or reporting publication structure | No validated research indicators | Publication classified as news article | Intent selected by precedence","","","","","","","","","","unreviewed_machine_prelabel",""
"""""""1771974423000_GK3uhQWPv0C-JyxInLEzCgcr3wIA""""""","https://twitter.com/pythagorashel/statuses/2026433721721827523","Twitter","hael ⋆˚☆˖°","@pythagorashel","","","RT @lovefdks: facial DNA Salmon ini udah include deep cleansing, gentle exfoliation, sampe serum PDRN + serum DNA Salmon abis itu kulit langsung kerasa halus, bersih, ada instant glow yg keliatan banget. and the best part??? hampir ga ada downtime, jadi bisa lanjut aktivitas.","2026-02-24T18:07","Indonesia","social network","provider_hcp","provider","unknown","social_repost","provider_conversation","professional","noise_or_low_trust","none","no","yes","theme_supported","regenerative_biology","0.60","0.57","96","very_high","high","medical_aesthetics_silver_v1","Domain rule: twitter.com | No meaningful commercial-intent signals detected | Publication type supports social or community conversation | Author metadata exists, but it does not establish a reliable voice category | No validated research indicators | Provider identity signal: do","","","","","","","","","","unreviewed_machine_prelabel",""
"""""""1781190383000_j6Q29FXmCuob0M88AOSbPxCk7EEA""""""","https://x.com/PrannoyRoy7749/status/2065088258854518830","Twitter","Prannoy Roy","@prannoyroy7749","","","RT @DeKoderAI: What do GLP-1 medications, skin longevity, sunscreen, and modern wellness trends have in common? In an upcoming episode of DeKoder Conversations, Dr. Kiran Sethi, a Skin Longevity and Lifestyle Medicine physician based in New York and now practicing in Delhi, joins","2026-06-11T11:06","","social network","provider_hcp","provider","unknown","social_repost","provider_conversation","professional","noise_or_low_trust","none","no","yes","theme_supported","provider_led_trust","0.63","0.63","96","very_high","high","medical_aesthetics_silver_v1","Domain rule: x.com | No meaningful commercial-intent signals detected | Publication type supports social or community conversation | Author metadata exists, but it does not establish a reliable voice category | No validated research indicators | Provider identity signal: do","","","","","","","","","","unreviewed_machine_prelabel",""
"""""""PVpExZ7RNJ31T9kMyEwDS4yXoQA""""""","https://www.stocktitan.net/news/CLGN/coll-plant-targets-new-aesthetic-market-driven-by-glp-1-weight-loss-syzqgzgndyk7.html","Stock Titan","","","","CollPlant Targets New Aesthetic Market Driven by GLP-1 Weight-Loss Treatments","... address this emerging clinical and aesthetic need. Development Status and Strategic Vision CollPlant is advancing its photocurable filler ...","2026-02-17T07:00","United States","online news","media","journalist","news_reporting","news_article","consumer_news","editorial","market_context","none","no","no","profile_supported_needs_review","","0.68","0.77","44","low","medium","medical_aesthetics_silver_v1","No meaningful commercial-intent signals detected | Contains treatment or outcome discussion | News or reporting publication structure | No validated research indicators | Publication classified as news article | Intent selected by precedence","","","","","","","","","","unreviewed_machine_prelabel",""
"""""""fewBf4Z9FmUkHoQshPKrBZ0XOHo""""""","https://www.kashmirbreakingnews.com/news/nykaa-strengthens-its-korean-beauty-portfolio-with-the-launch-of-viral-skincare-sensation-medicube20260220140701/","Kashmir Breaking News","","","","Nykaa Strengthens Its Korean Beauty Portfolio with the Launch of Viral Skincare Sensation, medicube","... medicube, a brand that has redefined results-led skincare globally. Celebrated for its clinically proven formulations, medicube has set new ...","2026-02-20T04:27","India","online news","media","journalist","news_reporting","news_article","consumer_news","editorial","market_context","none","no","no","profile_supported_needs_review","","0.67","0.77","29","very_low","medium","medical_aesthetics_silver_v1","No meaningful commercial-intent signals detected | Contains treatment or outcome discussion | News or reporting publication structure | Research language appears without validated research-source metadata | Publication classified as news article | Intent selected by precedence","","","","","","","","","","unreviewed_machine_prelabel",""
"""""""OVM-bX4lAEOE54maTaE4ngLN06E""""""","https://pr.hollistontownnews.com/article/Aramore-Featured-in-Forbes-for-Pioneering-NAD-Innovation-in-Beauty?storyId=69986059f3b9ec0450c8cdf7","Holliston - Local Town Pages","","","","Aramore Featured in Forbes for Pioneering NAD+ Innovation in Beauty","... skincare brand gains national recognition for bringing cellular longevity research to the forefront of the beauty industry BEVERLY, Mass. ...","2026-02-20T08:37","United States","online news","media","journalist","news_reporting","news_article","consumer_news","editorial","market_context","none","no","no","profile_supported_needs_review","","0.68","0.78","44","low","medium","medical_aesthetics_silver_v1","No meaningful commercial-intent signals detected | News or reporting publication structure | No validated research indicators | Publication classified as news article | Intent selected by precedence | Mapped from publication type: news_article","","","","","","","","","","unreviewed_machine_prelabel",""
"""""""mu0mR12xCCtZC9etL-KqSCGIor8""""""","https://pr.territorialdispatch.com/article/Revision-Skincarer-DEJ-Daily-Boosting-Serumtm-Wins-Advanced-Clinical-Beauty-andamp-Performance-Category-at-the-2025-2026-Beauty-andamp-Longevity-CHOICE-Awards?storyId=6998d7e1f3b9ec0450c8cfe0","Territorial Dispatch","","","","Revision Skincare® DEJ Daily Boosting Serum™ Wins Advanced Clinical Beauty & Performance Category at the 2025-2026 Beauty & Longevity CHOICE Awards","... demand for longevity‑focused, clinically validated skincare solutions. About the Beauty & Longevity CHOICE Awards The Beauty & Longevity ...","2026-02-20T17:25","United States","online news","media","journalist","news_reporting","news_article","consumer_news","editorial","market_context","none","no","no","profile_supported_needs_review","","0.67","0.76","44","low","medium","medical_aesthetics_silver_v1","No meaningful commercial-intent signals detected | Contains treatment or outcome discussion | News or reporting publication structure | No validated research indicators | Publication classified as news article | Intent selected by precedence","","","","","","","","","","unreviewed_machine_prelabel",""
"""""""1773139675000_XwMykatulmv6p8I8erFDw7U8_mcA""""""","https://twitter.com/LuxxLuxx11/statuses/2031321145790837129","Twitter","Luxx Luxx","@luxxluxx11","","","to the celebration. Beyond the performance, BamBam introduced the innovation behind Srichand’s latest skincare line, the SRICHAND IN-SKIN Phyto Camellia PDRN Series. The collection features Vegan PDRN, a DNA extract derived from 100% natural camellia flowers. Developed using","2026-03-10T06:47","","social network","provider_hcp","provider","unknown","social_repost","provider_conversation","professional","noise_or_low_trust","none","no","yes","theme_supported","regenerative_biology","0.60","0.57","96","very_high","high","medical_aesthetics_silver_v1","Domain rule: twitter.com | No meaningful commercial-intent signals detected | Publication type supports social or community conversation | Author metadata exists, but it does not establish a reliable voice category | No validated research indicators | Provider identity signal: do","","","","","","","","","","unreviewed_machine_prelabel",""
"""""""hEwyvYH34KO_Dmw3cnLyG8q8ce0""""""","https://wordpress1672848.home.pl/-raporty-tematyczne/od-smart-skincare-do-soft-sculpt-–-marka-aa-odczytuje-trendy,-zachowujac-wlasne-dna","Wirtualne Kosmetyki","","","","Od smart skincare do soft sculpt – marka AA odczytuje trendy, zachowując własne DNA","... Jednym z najgłośniejszych składników ostatnich miesięcy pozostaje PDRN, wpisujący się zarówno w trend longevity, jak i popularny dziś ...","2026-05-27T10:32","Poland","online news","media","journalist","news_reporting","news_article","consumer_news","editorial","market_context","none","no","no","theme_supported","regenerative_biology","0.67","0.75","44","low","medium","medical_aesthetics_silver_v1","No meaningful commercial-intent signals detected | Contains first-person language | News or reporting publication structure | No validated research indicators | Publication classified as news article | Intent selected by precedence","","","","","","","","","","unreviewed_machine_prelabel",""
"""""""MPgyM_nGYKG_ovExPpNyLUdKlvs""""""","https://virginiaininsider.us/press-release/2026-05-01/32419/lemonbottle-concludes-face-body-2026-secures-latin-america-foothold","virginiaininsider","","","","LemonBottle Concludes FACE & BODY 2026, Secures Latin America Foothold","... techniques to expected results, reflecting growing interest in clinically driven aesthetic solutions. In particular, there was strong ...","2026-05-01T00:00","United States","online news","company","brand","brand_announcement","press_release","corporate_pr","commercial","commercial_signal","none","yes","no","profile_supported_needs_review","","0.79","0.84","19","very_low","low","medical_aesthetics_silver_v1","Domain rule: URL press-release path | No meaningful commercial-intent signals detected | Contains treatment or outcome discussion | Publication is classified as a press release | No validated research indicators | Press release establishes announcement intent","","","","","","","","","","unreviewed_machine_prelabel",""
"""""""wFOAB7DzuDe2vQxlhakGx84W_x4""""""","https://ie.pinterest.com/pin/999588079810627662/","Pinterest","18814107596","0b9d0agcrc303syaqp0pxxm11uikw7","","Your skin follows a rhythm that existed long before any skincare routine. Around 11 PM, your body naturally slows down and enters its repair state. During deep sleep, skin regeneration becomes more active, and melatonin helps reduce the stress your skin accumulates during the day. This is the time when collagen is supported and skin recovery happens on its own. The skin barrier slightly adjusts to allow these natural processes. This isn’t a trend or a skincare tip. It’s simply how the body works. Take care of your skin during the day. Let it restore itself at night. And don’t interrupt a process that already knows what to do.","Your skin follows a rhythm that existed long before any skincare routine. Around 11 PM, your body naturally slows down and enters its repair state. During deep sleep, skin regeneration becomes more active, and melatonin helps reduce the stress your skin accumulates during the day","2026-05-28T04:10","","social network","provider_hcp","provider","unknown","social_post","provider_conversation","professional","noise_or_low_trust","none","no","no","theme_supported","collagen_biostimulation","0.36","0.25","78","high","high","medical_aesthetics_silver_v1","No meaningful commercial-intent signals detected | Publication type supports social or community conversation | Contains treatment or outcome discussion | Author metadata exists, but it does not establish a reliable voice category | No validated research indicators | Provider identity signal: do","","","","","","","","","","unreviewed_machine_prelabel",""
"""""""E_Hy9mim185D0kZv47Gopy2RmTs""""""","https://search.technorati.com/news/read/article/the_associated_press-from_elite_athletes_to_everyday_professionals_how-ap/vendor/The%20Associated%20Press","Technorati","","","","From Elite Athletes to Everyday Professionals: How ALYZE Is Making World-Class Coordinated Health Care Available for the First Time","... therapy, hyperbaric oxygen therapy, and massage. A full-service medspa offers skin rejuvenation, anti-aging treatments, PRP therapy, and ...","2026-06-01T19:52","United States","online news","media","journalist","news_reporting","news_article","consumer_news","editorial","market_context","none","no","no","theme_supported","regenerative_biology","0.68","0.77","44","low","medium","medical_aesthetics_silver_v1","No meaningful commercial-intent signals detected | Contains treatment or outcome discussion | News or reporting publication structure | No validated research indicators | Publication classified as news article | Intent selected by precedence","","","","","","","","","","unreviewed_machine_prelabel",""
"""""""WM7kv7go4mpF8RaoSVpCgmg5KIE""""""","http://beautyandlace.net/2026/03/how-to-soften-smile-lines-nasolabial-folds-what-works/","Beauty and Lace Online Magazine","lace","","","How to Soften Smile Lines (Nasolabial Folds): What Works","from person to person. Treatments That Can Reduce Smile Lines When lifestyle and skincare alone aren’t enough, in-clinic procedures often give the most noticeable results: Dermal Fillers Injectable hyaluronic acid fillers are widely used to soften smile lines by restoring lost","2026-03-05T05:52","United States","blog","other","unknown","unknown","blog_post","personal_blog","unknown","noise_or_low_trust","none","no","no","profile_supported_needs_review","","0.40","0.31","49","low","high","medical_aesthetics_silver_v1","No meaningful commercial-intent signals detected | Publication type supports social or community conversation | Contains treatment or outcome discussion | Author metadata exists, but it does not establish a reliable voice category | No validated research indicators | Provider identity signal: rn","","","","","","","","","","unreviewed_machine_prelabel",""
"""""""_hn-wiyRe2HI26Y0PaJscJVDXh4""""""","https://www.highcountrync.com/online_features/press_releases/revance-executives-to-present-at-imcas-world-congress-2026/article_722c2fde-39dc-5318-bfb4-0214f038418b.html","HighCountryNC.com","","","","Revance Executives to Present at IMCAS World Congress 2026","Inc.) Jeff Bedard and Conor Gallagher to share insights on aesthetic and therapeutic innovation NASHVILLE, Tenn. , Jan. 27, 2026 / ...","2026-01-27T16:05","United States","online news","company","brand","brand_announcement","press_release","corporate_pr","commercial","commercial_signal","none","yes","no","profile_supported_needs_review","","0.79","0.85","19","very_low","low","medical_aesthetics_silver_v1","Domain rule: URL press-release path | No meaningful commercial-intent signals detected | Publication is classified as a press release | No validated research indicators | Brand signal: inc. | Press release establishes announcement intent","","","","","","","","","","unreviewed_machine_prelabel",""
"""""""Rc5XDLgV_6efI3RsyuJUdlPV9Lc""""""","https://www.modelvita.com/beauty-magazin/2026/ist-anti-aging-jetzt-out/116782","modelvita.com","","","","Ist Anti-Aging jetzt out?","... etwas Gutes. Skin Longevity denkt äußere Pflege und innere Balance zusammen. Die lavera Skin Longevity Linie ist beides: ein Pflegeritual ...","2026-05-04T01:58","Germany","online news","media","journalist","news_reporting","news_article","consumer_news","editorial","market_context","none","no","no","profile_supported_needs_review","","0.67","0.76","44","low","medium","medical_aesthetics_silver_v1","No meaningful commercial-intent signals detected | News or reporting publication structure | No validated research indicators | Publication classified as news article | Intent selected by precedence | Mapped from publication type: news_article","","","","","","","","","","unreviewed_machine_prelabel",""
"""""""yt-z7cmrlo7sTw""""""","https://www.youtube.com/watch?v=z7cmrlo7sTw","Youtube","Glow Girl Daily","","","Skin Longevity: The 2026 Big Trend 💧","#Shorts #skincare #skinlongevity #2026trends #glowup Skin longevity explained ✨ Focus on health & resilience – the future of skincare! General information only — always consult your dermatologist. Save this & comment if you're into longevity skincare 👇 #longevityskincare #","2026-03-18T06:01","","social network","provider_hcp","provider","provider_education","educational_video","provider_conversation","professional","professional_interpretation","none","no","no","theme_supported","provider_led_trust","0.73","0.80","96","very_high","medium","medical_aesthetics_silver_v1","Domain rule: youtube.com | No meaningful commercial-intent signals detected | Publication type supports social or community conversation | Contains treatment or outcome discussion | Author metadata exists, but it does not establish a reliable voice category | No validated research indicators","","","","","","","","","","unreviewed_machine_prelabel",""
"""""""haUbgvQelBiAbNNnCN4xy3HeG4k""""""","https://ie.pinterest.com/pin/307933693295605027/","Pinterest","Poonam Bhatnagar","poonam2566bhtngr","","Looking to improve the appearance of scars naturally? These carrier oils and resins are known for supporting skin regeneration, barrier repair, and improved texture. Learn why rosehip, tamanu, frankincense, and myrrh are trusted in clean beauty routines for scar care and skin renewal. Save this guide for natural skincare education.","These carrier oils and resins are known for supporting skin regeneration, barrier repair, and improved texture. Learn why rosehip, tamanu, frankincense, and myrrh are trusted in clean beauty routines for scar care and skin renewal. Save this guide for natural skincare education.","2026-01-30T22:15","","social network","other","unknown","unknown","social_post","unknown","unknown","noise_or_low_trust","none","no","no","theme_supported","skin_quality_over_volume","0.33","0.19","26","very_low","high","medical_aesthetics_silver_v1","No meaningful commercial-intent signals detected | Publication type supports social or community conversation | Author metadata exists, but it does not establish a reliable voice category | No validated research indicators | Provider identity signal: rn | No intent candidate satisfied eligibility requirements","","","","","","","","","","unreviewed_machine_prelabel",""
"""""""yt-2sdufdg9J5w""""""","https://www.youtube.com/watch?v=2sdufdg9J5w","Youtube","Gallinews India","","","Ramzan Special Offers at Body Profuse Clinic","Ramzan Special Offer: 🌙 Rs. 9,999 ✧ Exosome Face Therapy Original Price: Rs. 12,999 Ramzan Special Offer: 🌙 Rs. 7,999 🌙 Facial Offers ✧ Delicate Dermis Facial Original Price: Rs. 3,499 Ramzan Special Offer: 🌙 Rs. 1,499 ✧ Glowing Goddess Facial Original Price: Rs. 3,499","2026-03-06T10:37","","social network","company","clinic","clinic_promotion","promotional_video","clinic_marketing","commercial","commercial_signal","high","yes","no","profile_supported_needs_review","","0.71","0.71","0","very_low","medium","medical_aesthetics_silver_v1","Domain rule: youtube.com | High-commercial-intent phrase: special offer | Publication type supports social or community conversation | Contains treatment or outcome discussion | Promotional language reduces authenticity | Clinic content with commercial intent","","","","","","","","","","unreviewed_machine_prelabel",""
"""""""tiktok_7606430139806649630""""""","https://www.tiktok.com/@bond_ambitions/video/7606430139806649630?utm_campaign=tt4d_open_api&utm_source=mapi","Tiktok","bond_ambitions","bond_ambitions","","","is the HyperGlow TXA-5 Exosome Serum from @Simple Peptide. Why I love this serum is because it contains a 4 peptide exosome complex. This helps with pigmentation and provides deep hydration. TXA-5 means 5% concentration of Tranexamic Acid which helps with skin texture. It’s not","2026-02-13T14:14","","social network","patient","patient","personal_experience","testimonial_video","youtube_review","lived_experience","primary_experience","none","no","no","theme_supported","skin_quality_over_volume","0.67","0.68","75","high","medium","medical_aesthetics_silver_v1","Domain rule: tiktok.com | No meaningful commercial-intent signals detected | Publication type supports social or community conversation | Contains first-person language | Author metadata exists, but it does not establish a reliable voice category | No validated research indicators","","","","","","","","","","unreviewed_machine_prelabel",""
"""""""DlG6u-yqoBE1qthXldeyxAyPqNM""""""","http://pioneersat.com/cyzx/94608.html","先锋科技","","","","IMCAS 2026: Galderma Showcases the Latest Scientific Advances Behind the Industry’s Broadest Injecta","Biostimulation: Sculptra’s innovative approach to regenerative aesthetics for the face and body backed by experts In response to patients ...","2026-01-22T07:14","China","online news","media","journalist","news_reporting","news_article","consumer_news","editorial","market_context","none","no","no","theme_supported","collagen_biostimulation|regenerative_biology","0.68","0.78","44","low","medium","medical_aesthetics_silver_v1","No meaningful commercial-intent signals detected | News or reporting publication structure | No validated research indicators | Publication classified as news article | Intent selected by precedence | Mapped from publication type: news_article","","","","","","","","","","unreviewed_machine_prelabel",""
"""""""iVAPQ8qL9o7SRv5KS8ozY4iB0UI""""""","https://www.centralcharts.com/en/news/5545928-rejuran-cosmetics-debuts-at-sephora-u-s-with-sold-out-la-pop-up","CentralCharts","","","","REJURAN Cosmetics Debuts at Sephora U.S. with Sold-Out LA Pop-Up","... into REJURAN Cosmetics' potential in the North American market. In partnership with Sephora, we look forward to expanding our presence both ...","2026-04-07T18:21","France","online news","media","journalist","news_reporting","news_article","consumer_news","editorial","market_context","none","no","no","profile_supported_needs_review","","0.69","0.79","44","low","medium","medical_aesthetics_silver_v1","No meaningful commercial-intent signals detected | Contains first-person language | News or reporting publication structure | No validated research indicators | Publication classified as news article | Intent selected by precedence","","","","","","","","","","unreviewed_machine_prelabel",""
"""""""1767260207000_XABChk10OsLBbJy3im4uSQWfKuMA""""""","https://twitter.com/grok/statuses/2006660866096128000","Twitter","Grok","@grok","","","@silentRageX @Think01King Yes, the Medicube PDRN Pink Collagen Gel Mask is a real product containing salmon-derived PDRN (from salmon sperm DNA) for skin hydration and elasticity. It's part of a growing trend in K-beauty using such ingredients for anti-aging benefits.","2026-01-01T04:36","","social network","provider_hcp","provider","thought_leadership","social_reply","provider_conversation","professional","professional_interpretation","none","no","no","theme_supported","skin_quality_over_volume|collagen_biostimulation|regenerative_biology","0.67","0.69","96","very_high","medium","medical_aesthetics_silver_v1","Domain rule: twitter.com | No meaningful commercial-intent signals detected | Publication type supports social or community conversation | Author metadata exists, but it does not establish a reliable voice category | No validated research indicators | Provider identity signal: do","","","","","","","","","","unreviewed_machine_prelabel",""
"""""""UiBgHMpHQICOlWsih10XU8FGF8Q""""""","https://newsindiaheadline.in/icalo-institute-shaping-the-future-of-advanced-aesthetic-education-in-india-and-beyond/","News India Headline","","","","ICALO INSTITUTE – Shaping the Future of Advanced Aesthetic Education in India and Beyond","... are actively used in aesthetic clinics, making their learning highly relevant and impactful. The institute specializes in advanced ...","2026-04-27T05:58","India","online news","media","journalist","news_reporting","news_article","consumer_news","editorial","market_context","none","no","no","profile_supported_needs_review","","0.66","0.75","44","low","medium","medical_aesthetics_silver_v1","No meaningful commercial-intent signals detected | Contains treatment or outcome discussion | News or reporting publication structure | No validated research indicators | Publication classified as news article | Intent selected by precedence","","","","","","","","","","unreviewed_machine_prelabel",""
"""""""wf_2Pkwt7HB88sKE7vHTFyvweTU""""""","https://lifestyle.passionateaboutfood.net/story/521793/carboxy-therapy-market-expected-to-grow-to-20-57-billion-by-2030/","XPR Lifestyle","","","","Carboxy Therapy Market Expected to Grow to $20.57 Billion by 2030","... been largely supported by the rising popularity of aesthetic medicine procedures, enhanced consumer awareness of minimally invasive options ...","2026-02-27T14:10","United States","online news","media","journalist","news_reporting","news_article","consumer_news","editorial","market_context","none","no","no","theme_supported","provider_led_trust","0.68","0.78","44","low","medium","medical_aesthetics_silver_v1","No meaningful commercial-intent signals detected | Contains treatment or outcome discussion | News or reporting publication structure | No validated research indicators | Publication classified as news article | Intent selected by precedence","","","","","","","","","","unreviewed_machine_prelabel",""
"""""""o2SoGy1FehTvDeUlZt3y3_VoeDo""""""","https://www.dailymail.co.uk/tvshowbiz/article-15547259/confronting-truth-Korea-Kpop-beauty-factory.html","Daily Mail","Jacques Peterson","","","Inside the brutal K‑pop beauty factory where extreme surgeries promise to turn 'commoners' into stars… but at a heavy price: 'I didn't want to do it'","... the West, with aesthetic specialists flocking to the country to learn all about the country's cutting-edge procedures. Registered nurse ...","2026-02-18T07:51","United Kingdom","online news","media","journalist","news_reporting","news_article","consumer_news","editorial","market_context","none","no","no","profile_supported_needs_review","","0.72","0.74","62","moderate","medium","medical_aesthetics_silver_v1","Domain rule: dailymail.co.uk | No meaningful commercial-intent signals detected | Contains treatment or outcome discussion | News or reporting publication structure | No validated research indicators | Publication classified as news article","","","","","","","","","","unreviewed_machine_prelabel",""
"""""""KlYcTdaINfRc9nzHkfU6sXfcRLs""""""","https://ie.pinterest.com/pin/329959110221673269/","Pinterest","Оля Васильчук","kydrywka11","","✨Proof that skin goals aren’t one-size-fits-all.✨ This glowy transformation is the result of a customized combo approach: 🔹 Morpheus8 for skin tightening and collagen stimulation 🔹 PRF for undereye rejuvenation and long-term volume support 🔹 Subtle filler for balance, structure, and softness No filters—just a carefully curated plan and one month of healing between visits. Her skin is visibly tighter, brighter, and smoother… and we’re obsessed. 😍 Because true results come from working wi...","-size-fits-all.✨ This glowy transformation is the result of a customized combo approach: 🔹 Morpheus8 for skin tightening and collagen stimulation 🔹 PRF for undereye rejuvenation and long-term volume support 🔹 Subtle filler for balance, structure, and softness No filters—just a","2026-01-07T09:45","","social network","other","unknown","unknown","social_post","unknown","unknown","noise_or_low_trust","none","no","no","theme_supported","collagen_biostimulation|regenerative_biology","0.36","0.24","26","very_low","high","medical_aesthetics_silver_v1","No meaningful commercial-intent signals detected | Publication type supports social or community conversation | Contains treatment or outcome discussion | Author metadata exists, but it does not establish a reliable voice category | No validated research indicators | Provider identity signal: rn","","","","","","","","","","unreviewed_machine_prelabel",""
"""""""d43TKyK6_nPahadFTyUHt03cEmw""""""","https://theclintonjournal.com/premium/stacker/stories/7-fast-growing-business-trends-in-retail-and-e-commerce,68597?","Clinton Journal","Kim Mercado","","","7 fast-growing business trends in retail and e-commerce","... trending now in the Asian beauty realm? Biotech skincare . Consumers want clinic-level ingredients like PDRN, Exosomes and PLLA — plus ...","2026-02-10T00:36","United States","online news","media","journalist","news_reporting","news_article","consumer_news","editorial","market_context","none","no","no","theme_supported","regenerative_biology","0.66","0.75","44","low","medium","medical_aesthetics_silver_v1","No meaningful commercial-intent signals detected | Contains treatment or outcome discussion | News or reporting publication structure | No validated research indicators | Publication classified as news article | Intent selected by precedence","","","","","","","","","","unreviewed_machine_prelabel",""
"""""""cswp2ajwQJthRHBlszY2MBVqEBY""""""","https://asianews1.com/press-release/2026-05-01/32218/lemonbottle-concludes-face-body-2026-secures-latin-america-foothold","Asia News One","","","","LemonBottle Concludes FACE & BODY 2026, Secures Latin America Foothold","... techniques to expected results, reflecting growing interest in clinically driven aesthetic solutions. In particular, there was strong ...","2026-05-01T00:00","United States","online news","company","brand","brand_announcement","press_release","corporate_pr","commercial","commercial_signal","none","yes","no","profile_supported_needs_review","","0.79","0.84","19","very_low","low","medical_aesthetics_silver_v1","Domain rule: URL press-release path | No meaningful commercial-intent signals detected | Contains treatment or outcome discussion | Publication is classified as a press release | No validated research indicators | Press release establishes announcement intent","","","","","","","","","","unreviewed_machine_prelabel",""
"""""""_hJMdhQf9lrCMzEvzCGbh4lUVTs""""""","https://smb.irontontribune.com/article/London-Lip-Clinic-Reports-Surge-in-Demand-for-Natural-and-Regenerative-Cosmetic-Treatments-in-2026?storyId=69a5b39617c2990002deb9d2","The Ironton Tribune","","","","London Lip Clinic Reports Surge in Demand for Natural and Regenerative Cosmetic Treatments in 2026","... how London Lip Clinic is shaping the future of regenerative and medically led aesthetics in 2026, visit https://www.londonlipclinic.co.uk/ ...","2026-03-02T10:57","United States","online news","media","journalist","news_reporting","news_article","consumer_news","editorial","market_context","none","no","no","profile_supported_needs_review","","0.68","0.77","44","low","medium","medical_aesthetics_silver_v1","No meaningful commercial-intent signals detected | Contains treatment or outcome discussion | News or reporting publication structure | No validated research indicators | Publication classified as news article | Intent selected by precedence","","","","","","","","","","unreviewed_machine_prelabel",""
"""""""JxwQfq02qP2o1zcYOUSkJsFV8iI""""""","https://www.maharashtraherald.in/story/183139/global-medical-aesthetics-market-to-reach-usd-4070-billion-by-2031-driven-by-surge-in-minimally-invasive-procedures.html","Maharashtraherald","","","","Global Medical Aesthetics Market to Reach USD 40.70 Billion by 2031, Driven by Surge in Minimally Invasive Procedures","... demand across both developed and emerging economies. Facial Aesthetics Products Dominate the Market by Product By product, the medical ...","2026-02-11T00:26","India","online news","media","journalist","news_reporting","news_article","consumer_news","editorial","market_context","none","no","no","theme_supported","provider_led_trust","0.67","0.76","44","low","medium","medical_aesthetics_silver_v1","No meaningful commercial-intent signals detected | Contains treatment or outcome discussion | News or reporting publication structure | No validated research indicators | Publication classified as news article | Intent selected by precedence","","","","","","","","","","unreviewed_machine_prelabel",""
"""""""wP9WSnEKGkjdu212xYhC1nNUrhU""""""","https://newsonexpress.com/news/faisal-darwiche-np-profiled-by-americas-in-medicine-for-redefining-aesthetic-and-regenerative-care-in-newport-beach/541435","News On Express","","","","Faisal Darwiche, NP: Profiled By America's In Medicine For Redefining Aesthetic And Regenerative Care In Newport Beach","... dedicated to advancing the field of aesthetics through education and leadership. As a faculty member and speaker at The Aesthetic Show, he ...","2026-03-18T00:59","United States","online news","media","journalist","news_reporting","news_article","consumer_news","editorial","market_context","none","no","no","profile_supported_needs_review","","0.67","0.76","44","low","medium","medical_aesthetics_silver_v1","No meaningful commercial-intent signals detected | News or reporting publication structure | No validated research indicators | Publication classified as news article | Intent selected by precedence | Mapped from publication type: news_article","","","","","","","","","","unreviewed_machine_prelabel",""
"""""""x0CfbsJaUEqsa5vf77-bTcroJRI""""""","https://berlin-studio.net/press-release/2026-05-01/32395/lemonbottle-concludes-face-body-2026-secures-latin-america-foothold","Berlin Studio","","","","LemonBottle Concludes FACE & BODY 2026, Secures Latin America Foothold","... techniques to expected results, reflecting growing interest in clinically driven aesthetic solutions. In particular, there was strong ...","2026-05-01T17:59","Germany","online news","company","brand","brand_announcement","press_release","corporate_pr","commercial","commercial_signal","none","yes","no","profile_supported_needs_review","","0.79","0.84","19","very_low","low","medical_aesthetics_silver_v1","Domain rule: URL press-release path | No meaningful commercial-intent signals detected | Contains treatment or outcome discussion | Publication is classified as a press release | No validated research indicators | Press release establishes announcement intent","","","","","","","","","","unreviewed_machine_prelabel",""
"""""""mvaX9tt58GU7Y-CgPV-Lu3_Z9es""""""","https://www.financetailored.com/2026/05/01/lemonbottle-concludes-face-body-2026-secures-latin-america-foothold/","Finance Tailored","","","","LemonBottle Concludes FACE & BODY 2026, Secures Latin America Foothold","... techniques to expected results, reflecting growing interest in clinically driven aesthetic solutions. In particular, there was strong ...","2026-05-01T18:42","United States","online news","media","journalist","news_reporting","news_article","consumer_news","editorial","market_context","none","no","no","profile_supported_needs_review","","0.68","0.77","44","low","medium","medical_aesthetics_silver_v1","No meaningful commercial-intent signals detected | Contains treatment or outcome discussion | News or reporting publication structure | No validated research indicators | Publication classified as news article | Intent selected by precedence","","","","","","","","","","unreviewed_machine_prelabel",""
"""""""yt-HZeAxe5rBcA""""""","https://www.youtube.com/watch?v=HZeAxe5rBcA","Youtube","US Mexico Stem Cell Institute","","","Come with us to our new facility at the US Mexico Stem Cell Institute in Tijuana.","for more videos on: • Regenerative Medicine • Stem Cell Therapy • Healing Stories • Anti-Aging & Wellness • Immune Support #usmexicostemcellinstitute #stemcelltherapy #200millionstemcells #exosometherapy #multivitamins #prp #Injections #lipfiller #DoctorIvan #DoctorCarolina","2026-02-07T15:45","","social network","company","clinic","clinic_promotion","promotional_video","clinic_marketing","commercial","commercial_signal","none","yes","no","theme_supported","regenerative_biology","0.71","0.74","15","very_low","medium","medical_aesthetics_silver_v1","Domain rule: youtube.com | No meaningful commercial-intent signals detected | Publication type supports social or community conversation | Contains first-person language | Contains treatment or outcome discussion | Author metadata exists, but it does not establish a reliable voice category","","","","","","","","","","unreviewed_machine_prelabel",""
"""""""yt-puROL-Fiuq4""""""","https://www.youtube.com/watch?v=puROL-Fiuq4","Youtube","Hautprofi Anna - für strahlende und gesunde Haut","","","Warum Sculptra länger hält als normale Filler #hautpflege #sculptra #trending","In diesem Video spreche ich darüber, wie Sculptra als ein **collagen biostimulator** das Gewebe zur Selbstregeneration anregt und so die Neubildung von körpereigenem Kollagen fördert. Dies führt zu mehr Hautdichte und Festigkeit, was eine effektive **hautstraffung** bewirkt. Es","2026-02-26T05:06","","social network","other","unknown","unknown","educational_video","unknown","unknown","noise_or_low_trust","none","no","no","theme_supported","collagen_biostimulation","0.39","0.19","40","low","high","medical_aesthetics_silver_v1","Domain rule: youtube.com | No meaningful commercial-intent signals detected | Publication type supports social or community conversation | Author metadata exists, but it does not establish a reliable voice category | No validated research indicators | Provider identity signal: rn","","","","","","","","","","unreviewed_machine_prelabel",""
"""""""PEFNIfcVPNmuGFCC1RQ3iXWSPl4""""""","https://universalguide.co.uk/press-release/2026-05-01/32263/lemonbottle-concludes-face-body-2026-secures-latin-america-foothold","universalguide","","","","LemonBottle Concludes FACE & BODY 2026, Secures Latin America Foothold","... techniques to expected results, reflecting growing interest in clinically driven aesthetic solutions. In particular, there was strong ...","2026-05-01T18:59","United Kingdom","online news","company","brand","brand_announcement","press_release","corporate_pr","commercial","commercial_signal","none","yes","no","profile_supported_needs_review","","0.79","0.84","19","very_low","low","medical_aesthetics_silver_v1","Domain rule: URL press-release path | No meaningful commercial-intent signals detected | Contains treatment or outcome discussion | Publication is classified as a press release | No validated research indicators | Press release establishes announcement intent","","","","","","","","","","unreviewed_machine_prelabel",""
"""""""BwT2gh2DCKVHe5Tr1h4byTGq6To""""""","https://ie.pinterest.com/pin/86905467803688439/","Pinterest","Bruidsgids & Wedding Guide","bruidsgids","","Diamond PRP Platelet-Rich Plasma (PRP) is an advanced regenerative treatment that uses components from your own blood to stimulate healing, repair tissue and rejuvenate the skin. PRP contains a high concentration of platelets that release growth factors responsible for tissue regeneration, collagen production and cellular repair. These natural growth factors mimic the body’s own healing process. When PRP is injected into targeted areas, it stimulates the production of collagen, elastin and new blood vessels, helping to restore healthier tissue and improve overall skin quality. #weddings #weddingdecor #decor #wedding #engaged #verloof #decoration #photography #events #weddingseason #weddingvenue #eventdesign #engagement #weddingreception #bridal #weddingceremony #weddingorganizer","Diamond PRP Platelet-Rich Plasma (PRP) is an advanced regenerative treatment that uses components from your own blood to stimulate healing, repair tissue and rejuvenate the skin. PRP contains a high concentration of platelets that release growth factors responsible for tissue","2026-04-07T04:55","","social network","other","unknown","unknown","social_post","unknown","unknown","noise_or_low_trust","none","no","no","theme_supported","skin_quality_over_volume|collagen_biostimulation|regenerative_biology","0.33","0.20","26","very_low","high","medical_aesthetics_silver_v1","No meaningful commercial-intent signals detected | Publication type supports social or community conversation | Contains treatment or outcome discussion | Author metadata exists, but it does not establish a reliable voice category | No validated research indicators | Provider identity signal: do","","","","","","","","","","unreviewed_machine_prelabel",""
"""""""1768413542000_1c4O5vxu0wKz4WHIPvBwATKagA8A""""""","https://twitter.com/arinastsya/statuses/2011498304182550955","Twitter","RAN","@arinastsya","","","@azmiavan: My skin booster Nucleofil treatment, retinol serum, moisturizer, sunscreen, monthly facial treatment be like: 🙂 https://t.co/NYSnk9nBBU ; @Fearman86938 @KSubktkn Minum air putih cukup, hindari gorengan, kurangi konsumsi gula. Percuma di kasih skin care makan masih ' '","2026-01-14T12:59","","social network","other","unknown","unknown","social_quote","unknown","unknown","noise_or_low_trust","none","no","yes","theme_supported","skin_quality_over_volume","0.59","0.53","40","low","high","medical_aesthetics_silver_v1","Domain rule: twitter.com | No meaningful commercial-intent signals detected | Publication type supports social or community conversation | Contains first-person language | Contains treatment or outcome discussion | Author metadata exists, but it does not establish a reliable voice category","","","","","","","","","","unreviewed_machine_prelabel",""
"""""""YmAS8GFVBkTGErENEh-dNErZ3sg""""""","https://ie.pinterest.com/pin/127437864452057286/","Pinterest","🌴🦩🍹","eodoid123","","Discover how combining microneedling with exosomes creates powerful regenerative results. This treatment boosts collagen production up to 400% and addresses multiple skin concerns simultaneously. ✅ Perfect for: acne scars, fine lines, skin texture, sun damage & aging skin ✅ What to expect: treatment process, recovery timeline & realistic results ✅ Essential aftercare protocols to maximize your investment ✅ Safety considerations & how to choose qualified providers Learn about exosome sources, treatment protocols, cost breakdown & real patient results in this comprehensive evidence-based guide. Read the full article → myexosthetics.com","Discover how combining microneedling with exosomes creates powerful regenerative results. This treatment boosts collagen production up to 400% and addresses multiple skin concerns simultaneously. ✅ Perfect for: acne scars, fine lines, skin texture, sun damage & aging skin ✅ What","2026-01-13T08:50","","social network","provider_hcp","provider","unknown","provider_social_post","provider_conversation","professional","noise_or_low_trust","none","no","no","theme_supported","skin_quality_over_volume|collagen_biostimulation|regenerative_biology","0.61","0.56","95","very_high","high","medical_aesthetics_silver_v1","No meaningful commercial-intent signals detected | Publication type supports social or community conversation | Contains treatment or outcome discussion | Contains clinical discussion language | Author metadata contains a professional healthcare credential or role | Professional identity signal","","","","","","","","","","unreviewed_machine_prelabel",""
"""""""ncA2PKys5BWid3B1aHPVTqB4zNE""""""","https://pr.hillsboronewstimes.com/article/LemonBottle-Concludes-FACE-andamp-BODY-2026-Secures-Latin-America-Foothold?storyId=69f4ca2925e04a842cd6b8d6","Hillsboro News-Times","","","","LemonBottle Concludes FACE & BODY 2026, Secures Latin America Foothold","... techniques to expected results, reflecting growing interest in clinically driven aesthetic solutions. In particular, there was strong ...","2026-05-01T11:41","United States","online news","media","journalist","news_reporting","news_article","consumer_news","editorial","market_context","none","no","no","profile_supported_needs_review","","0.68","0.77","44","low","medium","medical_aesthetics_silver_v1","No meaningful commercial-intent signals detected | Contains treatment or outcome discussion | News or reporting publication structure | No validated research indicators | Publication classified as news article | Intent selected by precedence","","","","","","","","","","unreviewed_machine_prelabel",""
"""""""yt--hvI8KH8UpE""""""","https://www.youtube.com/watch?v=-hvI8KH8UpE","Youtube","Nutrition Shorts Tamil","","","HN Skin Booster Benefits | Herbalife Collagen Drink for Glowing Skin 💥👍CALL +91 9789405499#Herbalife","#skincarecommunity #skingoals Herbalife HN Skin Booster Herbalife Skin Booster HN Skin Booster benefits Herbalife collagen drink Skin glow drink Herbalife Herbalife beauty drink glowing skin tips collagen for skin clear skin routine skin care supplements beauty from within","2026-04-22T02:00","","social network","other","unknown","unknown","educational_video","unknown","unknown","noise_or_low_trust","none","no","no","theme_supported","skin_quality_over_volume|collagen_biostimulation","0.42","0.23","40","low","high","medical_aesthetics_silver_v1","Domain rule: youtube.com | No meaningful commercial-intent signals detected | Publication type supports social or community conversation | Contains treatment or outcome discussion | Author metadata exists, but it does not establish a reliable voice category | No validated research indicators","","","","","","","","","","unreviewed_machine_prelabel",""
"""""""li_jg6CFYnd2ZpsFRT7H59gpn_nGGo""""""","https://www.linkedin.com/feed/update/urn%3Ali%3Aactivity%3A7421401708460912640","LinkedIn","","","","","Our travel-friendly Marine Collagen makes skincare simple wherever life takes you. Just mix, sip, and stay consistent ✈️ Powered with hydrolyzed Type 1 collagen for better absorption, and supported by Resveratrol for skin longevity, Glutathione for clarity, plus Hyaluronic Acid,","2026-01-25T23:00","","social network","provider_hcp","provider","thought_leadership","provider_social_post","provider_conversation","professional","professional_interpretation","none","no","no","theme_supported","collagen_biostimulation","0.69","0.73","97","very_high","medium","medical_aesthetics_silver_v1","Domain rule: linkedin.com | No meaningful commercial-intent signals detected | Publication type supports social or community conversation | Contains first-person language | No reliable author-voice classification | No validated research indicators","","","","","","","","","","unreviewed_machine_prelabel",""
"""""""yt-Ugyvvzf752v1CWtPKtZ4AaABAg""""""","https://www.youtube.com/watch?v=jvwg3J5_CrQ&lc=Ugyvvzf752v1CWtPKtZ4AaABAg","Youtube","Comment on Dadu Medical Centre","","","","Great insights on PDRN! 🧬 Will PDRN-impregnated spicules become the next big trend for Indian skin? If the PDRN is 99% pure with ultra-low molecular weight, will it be safe for our barrier or trigger PIH? Iske baare mein aapka personal experience aur suggestion kya kehta hai?","2026-04-04T02:53","India","social network","other","unknown","unknown","educational_video","unknown","unknown","noise_or_low_trust","none","no","no","theme_supported","regenerative_biology","0.40","0.19","40","low","high","medical_aesthetics_silver_v1","Domain rule: youtube.com | No meaningful commercial-intent signals detected | Publication type supports social or community conversation | Contains first-person language | Author metadata exists, but it does not establish a reliable voice category | No validated research indicators","","","","","","","","","","unreviewed_machine_prelabel",""
"""""""KFxny5TbDkXhftKUN2XnFoX8yLM""""""","https://malaysia.news.yahoo.com/day-life-sha-wellness-boss-060028510.html","Yahoo! Malaysia News","","","","A day in the life of SHA Wellness boss Alejandro Bataller","Advertisement Advertisement For skincare, cleansing is essential for me . I like to throw ice water on my face, which helps wake me up and ...","2026-05-29T02:00","Malaysia","online news","media","journalist","news_reporting","news_article","consumer_news","editorial","market_context","none","no","no","profile_supported_needs_review","","0.67","0.74","44","low","medium","medical_aesthetics_silver_v1","No meaningful commercial-intent signals detected | Contains first-person language | News or reporting publication structure | No validated research indicators | Publication classified as news article | Intent selected by precedence","","","","","","","","","","unreviewed_machine_prelabel",""
"""""""xMfhJU0OBoqrOHCyk7byoWtATC8""""""","https://www.biggleswadetoday.co.uk/recommended/dermalogica-phyto-nature-e2-review-exosome-serum-6025390","Biggleswade Chronicle","Julie Bayley","","","I tried Dermalogica’s £145 serum – my skin changed in just nine days (aff)","... product for the brand. Dermalogica’s Phyto Nature E2 is a daily exosome and enzyme product , priced £145. Full transparency - I had to ...","2026-03-17T14:48","United Kingdom","online news","media","journalist","news_reporting","news_article","consumer_news","editorial","market_context","none","no","no","profile_supported_needs_review","","0.67","0.73","44","low","medium","medical_aesthetics_silver_v1","No meaningful commercial-intent signals detected | Contains first-person language | Contains lived-experience language | News or reporting publication structure | No validated research indicators | Publication classified as news article","","","","","","","","","","unreviewed_machine_prelabel",""
"""""""YcTjsrmgKm-KyKuwRakTiyEuvs0""""""","https://pr.forestgrovenewstimes.com/article/COLLPLANT-BIOTECHNOLOGIES-REPORTS-2026-FIRST-QUARTER-FINANCIAL-RESULTS-AND-PROVIDES-CORPORATE-UPDATE?storyId=6a197289004597ee6ba13a84","Forest Grove News Times","","","","COLLPLANT BIOTECHNOLOGIES REPORTS 2026 FIRST QUARTER FINANCIAL RESULTS AND PROVIDES CORPORATE UPDATE","""... strengthening our intellectual property portfolio in regenerative aesthetics."""" """"The Company is planning to establish a broader ...""","2026-05-29T07:00","United States","online news","media","journalist","news_reporting","news_article","consumer_news","editorial","market_context","none","no","no","theme_supported","regenerative_biology","0.68","0.77","44","low","medium","medical_aesthetics_silver_v1","No meaningful commercial-intent signals detected | Contains first-person language | Contains treatment or outcome discussion | News or reporting publication structure | No validated research indicators | Publication classified as news article","","","","","","","","","","unreviewed_machine_prelabel",""
"""""""i0NLdokStusJGsJ1MEJZeQQafXs""""""","https://www.gorakhpurreporter.in/story/136332/global-medical-aesthetics-market-to-reach-usd-4070-billion-by-2031-driven-by-surge-in-minimally-invasive-procedures.html","GorakhPur Reporter","","","","Global Medical Aesthetics Market to Reach USD 40.70 Billion by 2031, Driven by Surge in Minimally Invasive Procedures","... demand across both developed and emerging economies. Facial Aesthetics Products Dominate the Market by Product By product, the medical ...","2026-02-11T01:18","India","online news","media","journalist","news_reporting","news_article","consumer_news","editorial","market_context","none","no","no","theme_supported","provider_led_trust","0.67","0.76","44","low","medium","medical_aesthetics_silver_v1","No meaningful commercial-intent signals detected | Contains treatment or outcome discussion | News or reporting publication structure | No validated research indicators | Publication classified as news article | Intent selected by precedence","","","","","","","","","","unreviewed_machine_prelabel",""
"""""""mA_fJKXFoxJSR6Q-x2LEd82iEvQ""""""","https://smb.leaderpub.com/article/COLLPLANT-BIOTECHNOLOGIES-REPORTS-2026-FIRST-QUARTER-FINANCIAL-RESULTS-AND-PROVIDES-CORPORATE-UPDATE?storyId=6a197289004597ee6ba13a84","Leader Publications","","","","COLLPLANT BIOTECHNOLOGIES REPORTS 2026 FIRST QUARTER FINANCIAL RESULTS AND PROVIDES CORPORATE UPDATE","""... strengthening our intellectual property portfolio in regenerative aesthetics."""" """"The Company is planning to establish a broader ...""","2026-05-29T07:03","United States","online news","media","journalist","news_reporting","news_article","consumer_news","editorial","market_context","none","no","no","theme_supported","regenerative_biology","0.68","0.77","44","low","medium","medical_aesthetics_silver_v1","No meaningful commercial-intent signals detected | Contains first-person language | Contains treatment or outcome discussion | News or reporting publication structure | No validated research indicators | Publication classified as news article","","","","","","","","","","unreviewed_machine_prelabel",""
"""""""1780118700000_6GxPH4kLi1htveF8UtY7ptz_kEgA""""""","https://x.com/brownflyer_0912/status/2060593295236186353","Twitter","Charles Brown","@brownflyer_0912","","","Skin longevity replacing anti-aging feels emotionally healthier. #SkinLongevity","2026-05-30T01:25","","social network","provider_hcp","provider","thought_leadership","provider_social_post","provider_conversation","professional","professional_interpretation","none","no","no","profile_supported_needs_review","","0.66","0.67","96","very_high","medium","medical_aesthetics_silver_v1","Domain rule: x.com | No meaningful commercial-intent signals detected | Publication type supports social or community conversation | Author metadata exists, but it does not establish a reliable voice category | No validated research indicators | Provider identity signal: do","","","","","","","","","","unreviewed_machine_prelabel",""
"""""""VYopVTCim2DA8QTG0WyQ-avW2F0""""""","https://travellersea.com/news/zhonghe-fountain-a-global-leading-plant-extracts-manufacturer-redefining-the-future-of-biotech-beauty/536467","Traveller SEA","","","","Zhonghe Fountain: A Global Leading Plant Extracts Manufacturer Redefining the Future of Biotech Beauty","""... care market in 2026 is defined by two dominant trends: Skin Longevity and Neurocosmetics . Skin Longevity: Moving beyond """" ...""","2026-01-29T05:06","United States","online news","media","journalist","news_reporting","news_article","consumer_news","editorial","market_context","none","no","no","profile_supported_needs_review","","0.67","0.76","44","low","medium","medical_aesthetics_silver_v1","No meaningful commercial-intent signals detected | News or reporting publication structure | No validated research indicators | Publication classified as news article | Intent selected by precedence | Mapped from publication type: news_article","","","","","","","","","","unreviewed_machine_prelabel",""
"""""""0FH7w0D1xvTqeBdEM2MtqNC4zOA""""""","https://lifestyle.eastmnweeklynews.com/story/531839/antiperspirant-and-deodorant-market-to-reach-usd-5-78-billion-by-2032-expanding-at-4-3-cagr-maximize-market-research/","East Minnesota Weekly News","","","","Antiperspirant and Deodorant Market to Reach USD 5.78 Billion by 2032, Expanding at 4.3% CAGR| Maximize Market Research","... home delivery of personal care products. Related Reports Facial Tissues Market: https://www.maximizemarketresearch.com/ ...","2026-03-06T07:48","United States","online news","media","journalist","news_reporting","news_article","consumer_news","editorial","market_context","none","no","no","profile_supported_needs_review","","0.67","0.76","44","low","medium","medical_aesthetics_silver_v1","No meaningful commercial-intent signals detected | News or reporting publication structure | No validated research indicators | Publication classified as news article | Intent selected by precedence | Mapped from publication type: news_article","","","","","","","","","","unreviewed_machine_prelabel",""
"""""""GpcsAtfEnp3qQAN2nNvcAGciey4""""""","https://hotspotfood.com/press-release/2026-05-23/33030/le-skin-aesthetics-named-top-aesthetics-provider-in-jackson-ms-and-state-of-mississippi-after-earning-dual-2026-iabe-excellence-awards","Hot Spot Food","","","","Le Skin Aesthetics Named Top Aesthetics Provider in Jackson, MS and State of Mississippi After Earning Dual 2026 IABE Excellence Awards","Skin Rejuvenation — Advanced treatments including microneedling designed to improve texture, tone, and overall skin quality Regenerative ...","2026-05-23T00:00","United States","online news","company","brand","brand_announcement","press_release","corporate_pr","commercial","commercial_signal","none","yes","no","theme_supported","skin_quality_over_volume","0.79","0.84","19","very_low","low","medical_aesthetics_silver_v1","Domain rule: URL press-release path | No meaningful commercial-intent signals detected | Contains treatment or outcome discussion | Publication is classified as a press release | No validated research indicators | Press release establishes announcement intent","","","","","","","","","","unreviewed_machine_prelabel",""
"""""""xSQl-EqA-jM3Y495AXebCPUmdSM""""""","https://bristowbeat.com/premium/stacker/stories/7-fast-growing-business-trends-in-retail-and-e-commerce,150194","Bristow Beat","Kim Mercado","","","7 fast-growing business trends in retail and e-commerce","... s trending now in the Asian beauty realm? Biotech skincare . Consumers want clinic-level ingredients like PDRN, Exosomes and PLLA — plus ...","2026-02-09T23:59","United States","online news","media","journalist","news_reporting","news_article","consumer_news","editorial","market_context","none","no","no","theme_supported","regenerative_biology","0.66","0.75","44","low","medium","medical_aesthetics_silver_v1","No meaningful commercial-intent signals detected | Contains treatment or outcome discussion | News or reporting publication structure | No validated research indicators | Publication classified as news article | Intent selected by precedence","","","","","","","","","","unreviewed_machine_prelabel",""
"""""""aoIiztjLvn3sAYsG8-Po7LJB2sI""""""","https://dailysportsclub.com/news/techdriven-nonsurgical-enhancements-expand-patient-choices-at-pincus-plastic-surgery/551178","Daily Sports Club","","","","Tech-Driven Non-Surgical Enhancements Expand Patient Choices at Pincus Plastic Surgery","Preventative Aesthetic Treatments Dr. Pincus has also noticed a significant increase in patients seeking preventative care earlier than ...","2026-06-04T00:59","United States","online news","media","journalist","news_reporting","news_article","consumer_news","editorial","market_context","none","no","no","theme_supported","preventative_aesthetics","0.67","0.76","44","low","medium","medical_aesthetics_silver_v1","No meaningful commercial-intent signals detected | Contains treatment or outcome discussion | News or reporting publication structure | No validated research indicators | Publication classified as news article | Intent selected by precedence","","","","","","","","","","unreviewed_machine_prelabel",""
"""""""jVKLElJejZDMZTxu1ZuCeJ56ITQ""""""","https://www.dailyrecord.co.uk/lifestyle/fashion-beauty/k-beauty-fans-hail-incredible-36888037","Daily Record","","","","K-beauty fans hail 'incredible' £17 overnight mask as 'witchcraft in a bottle'","""... anti-ageing ingredients in the skincare industry right now, delivering results in """"just one use."""" The peel-off formula has been infused ...""","2026-03-18T11:54","United Kingdom","online news","media","journalist","news_reporting","news_article","consumer_news","editorial","market_context","none","no","no","profile_supported_needs_review","","0.67","0.76","44","low","medium","medical_aesthetics_silver_v1","No meaningful commercial-intent signals detected | Contains treatment or outcome discussion | News or reporting publication structure | No validated research indicators | Publication classified as news article | Intent selected by precedence","","","","","","","","","","unreviewed_machine_prelabel",""
"""""""jD-Fx-5mhNTRDZ-rT4HiLPsbOMY""""""","https://www.newschannelasia.com/article/900630557-dermal-filler-market-2026-growing-with-demand-for-non-surgical-aesthetic-procedures","News Channel Asia","","","","Dermal Filler Market 2026 growing with demand for non-surgical aesthetic procedures","... plc, NMC Healthcare Ltd., Aesthetic Partners Inc., LaserAway LLC, Ideal Image Development Corporation, Advanced Dermatology and Cosmetic ...","2026-03-22T21:58","United States","online news","media","journalist","news_reporting","news_article","consumer_news","editorial","market_context","none","no","no","profile_supported_needs_review","","0.66","0.75","44","low","medium","medical_aesthetics_silver_v1","No meaningful commercial-intent signals detected | Contains treatment or outcome discussion | News or reporting publication structure | No validated research indicators | Publication classified as news article | Intent selected by precedence","","","","","","","","","","unreviewed_machine_prelabel",""
"""""""hPuhL-m1jYeVsjFyU5wOWibRC88""""""","https://aetoswire.blogspot.com/2026/03/amwc-2026-galderma-showcases.html","Aetoswire","","","","AMWC 2026: Galderma Showcases Category‑leading Innovation With a Comprehensive Portfolio and Holistic, Future‑focused Aesthetic Strategies","... and services that span the full spectrum of the fast-growing dermatology market through Injectable Aesthetics, Dermatological Skincare ...","2026-03-18T15:59","United Arab Emirates","online news","media","journalist","news_reporting","news_article","consumer_news","editorial","market_context","none","no","no","profile_supported_needs_review","","0.74","0.76","62","moderate","medium","medical_aesthetics_silver_v1","Domain rule: blogspot.com | No meaningful commercial-intent signals detected | Contains treatment or outcome discussion | News or reporting publication structure | No validated research indicators | Publication classified as news article","","","","","","","","","","unreviewed_machine_prelabel",""
"""""""j5muBdQau7ti1mB9cn_gijWCpEY""""""","https://www.kemmerergazette.com/premium/stacker/stories/7-fast-growing-business-trends-in-retail-and-e-commerce,108370","The Kemmerer Gazette","Kim Mercado","","","7 fast-growing business trends in retail and e-commerce","... trending now in the Asian beauty realm? Biotech skincare . Consumers want clinic-level ingredients like PDRN, Exosomes and PLLA — plus ...","2026-02-10T01:44","United States","online news","media","journalist","news_reporting","news_article","consumer_news","editorial","market_context","none","no","no","theme_supported","regenerative_biology","0.66","0.75","44","low","medium","medical_aesthetics_silver_v1","No meaningful commercial-intent signals detected | Contains treatment or outcome discussion | News or reporting publication structure | No validated research indicators | Publication classified as news article | Intent selected by precedence","","","","","","","","","","unreviewed_machine_prelabel",""
"""""""0sXHHzDttS_qx_fhRTp4RfGD6dU""""""","https://thedivatoday.com/news/faisal-darwiche-np-profiled-by-americas-in-medicine-for-redefining-aesthetic-and-regenerative-care-in-newport-beach/541435","The Diva Today","","","","Faisal Darwiche, NP: Profiled By America's In Medicine For Redefining Aesthetic And Regenerative Care In Newport Beach","... dedicated to advancing the field of aesthetics through education and leadership. As a faculty member and speaker at The Aesthetic Show, he ...","2026-03-17T19:59","United States","online news","media","journalist","news_reporting","news_article","consumer_news","editorial","market_context","none","no","no","profile_supported_needs_review","","0.67","0.76","44","low","medium","medical_aesthetics_silver_v1","No meaningful commercial-intent signals detected | News or reporting publication structure | No validated research indicators | Publication classified as news article | Intent selected by precedence | Mapped from publication type: news_article","","","","","","","","","","unreviewed_machine_prelabel",""
"""""""M-QFJIi_RerIxFe1J_w2o3jo-Tc""""""","https://jameslanepost.com/diana-seo-founder-of-collagen-bar-nyc-explains-the-science-behind-salmon-dna-facials/03/09/2026/Hamptons-News-Happenings","James Lane Post","James Lane","","","Diana Seo, Founder Of Collagen Bar NYC, Explains The Science Behind Salmon DNA Facials","... results. One of your most talked-about treatments is the Salmon DNA facial. Why has it resonated? The name gets attention, but the ...","2026-03-09T10:19","United States","online news","media","journalist","news_reporting","news_article","consumer_news","editorial","market_context","none","no","no","theme_supported","collagen_biostimulation","0.68","0.77","44","low","medium","medical_aesthetics_silver_v1","No meaningful commercial-intent signals detected | Contains treatment or outcome discussion | News or reporting publication structure | No validated research indicators | Publication classified as news article | Intent selected by precedence","","","","","","","","","","unreviewed_machine_prelabel",""
"""""""_l6sosw9Pv8Kz_25_Q1Idp7IL90""""""","https://sukan360.com/news/zhonghe-fountain-a-global-leading-plant-extracts-manufacturer-redefining-the-future-of-biotech-beauty/536467","Sukan360","","","","Zhonghe Fountain: A Global Leading Plant Extracts Manufacturer Redefining the Future of Biotech Beauty","""... care market in 2026 is defined by two dominant trends: Skin Longevity and Neurocosmetics . Skin Longevity: Moving beyond """" ...""","2026-01-29T05:03","Malaysia","online news","media","journalist","news_reporting","news_article","consumer_news","editorial","market_context","none","no","no","profile_supported_needs_review","","0.67","0.76","44","low","medium","medical_aesthetics_silver_v1","No meaningful commercial-intent signals detected | News or reporting publication structure | No validated research indicators | Publication classified as news article | Intent selected by precedence | Mapped from publication type: news_article","","","","","","","","","","unreviewed_machine_prelabel",""
"""""""YnM6cDpkaWQ6cGxjOmtlcXB5ZzRsenU0bmJxa2Z2bWdxeGN3MzozbWp6ZjR5ZDU3MjJq""""""","https://bsky.app/profile/hollyglightly.bsky.social/post/3mjzf4yd5722j","Bluesky","Holly Glightly 🧿🌌","hollyglightly.bsky.social","","","I put snail ejaculate and salmon sperm on my face daily. They're ingredients in Korean skincare serums. It's not all MAHA, jeez.","2026-04-21T12:19","","social network","provider_hcp","provider","thought_leadership","social_reply","provider_conversation","professional","professional_interpretation","none","no","no","profile_supported_needs_review","","0.66","0.65","97","very_high","medium","medical_aesthetics_silver_v1","Domain rule: bsky.app | No meaningful commercial-intent signals detected | Publication type supports social or community conversation | Contains first-person language | Author metadata exists, but it does not establish a reliable voice category | No validated research indicators","","","","","","","","","","unreviewed_machine_prelabel",""
"""""""NZIyEvwCBuVAwOWVWI5V-liEll4""""""","https://ie.pinterest.com/pin/518969557082791100/","Pinterest","Antonia","sweetpassions07","","If I lost my entire skincare collection tomorrow, these are the products I would repurchase first 🤍✨ As someone with combination, acne-prone skin that has struggled with cystic acne, post-acne marks, dehydration, and a damaged skin barrier, I'm very careful about what earns a permanent spot in my routine. These Korean skincare favorites have consistently worked for my skin: ✨ VT PDRN R5 Firming Ampoule ✨ Anua Heartleaf Quercetinol Pore Deep Cleansing Foam ✨ Anua Niacinamide 10% + TXA 4% Se...","a damaged skin barrier, I'm very careful about what earns a permanent spot in my routine. These Korean skincare favorites have consistently worked for my skin: ✨ VT PDRN R5 Firming Ampoule ✨ Anua Heartleaf Quercetinol Pore Deep Cleansing Foam ✨ Anua Niacinamide 10% + TXA 4% Se...","2026-06-04T12:22","","social network","provider_hcp","provider","unknown","social_post","provider_conversation","professional","noise_or_low_trust","none","no","no","theme_supported","regenerative_biology","0.38","0.26","80","high","high","medical_aesthetics_silver_v1","No meaningful commercial-intent signals detected | Publication type supports social or community conversation | Contains first-person language | Author metadata exists, but it does not establish a reliable voice category | No validated research indicators | Provider identity signal: do","","","","","","","","","","unreviewed_machine_prelabel",""
"""""""ax_VqogaoeXRcw1AOl5nSkH1xWg""""""","https://techleaderspov.com/latestnews/?rkey=20260323CN16393&filter=26844","TechLeadersPOV","","","","Sisram Medical Reports Solid Growth in 2025","... medical aesthetics segment. Injectables Expanding Market Presence with Strong Growth Sisram continued to expand its injectables portfolio ...","2026-03-23T11:02","United States","online news","media","journalist","news_reporting","news_article","consumer_news","editorial","market_context","none","no","no","theme_supported","provider_led_trust","0.68","0.78","44","low","medium","medical_aesthetics_silver_v1","No meaningful commercial-intent signals detected | Contains treatment or outcome discussion | News or reporting publication structure | No validated research indicators | Publication classified as news article | Intent selected by precedence","","","","","","","","","","unreviewed_machine_prelabel",""
"""""""H4CnJvLF3IcLHpZ4Q2-S-3YCWwI""""""","https://pr.chestercounty.com/article/AAFPRS-REVEALS-THE-TRENDS-DEFINING-FACIAL-PLASTIC-SURGERY?storyId=699d8ee9f3b9ec0450c8d662","Chester County Press | | Press Releases","","","","AAFPRS REVEALS THE TRENDS DEFINING FACIAL PLASTIC SURGERY","... cosmetic procedures or injectables, with many strategically opting for subtle, preventative approaches designed to preserve facial ...","2026-02-24T07:51","United States","online news","media","journalist","news_reporting","news_article","consumer_news","editorial","market_context","none","no","no","theme_supported","preventative_aesthetics","0.68","0.77","44","low","medium","medical_aesthetics_silver_v1","No meaningful commercial-intent signals detected | Contains treatment or outcome discussion | News or reporting publication structure | No validated research indicators | Publication classified as news article | Intent selected by precedence","","","","","","","","","","unreviewed_machine_prelabel",""
"""""""1768871934000_vAaT-NdXBv-qg4qbM4q6kLCtqk4A""""""","https://twitter.com/haveawnderful4/statuses/2013420939254300771","Twitter","Have a wonderfulday","@haveawnderful4","","","วัย ขวดนี้เป็นเหมือน Serum เพาะเลี้ยงผิว เติมพลังให้ผิวในอัตราส่วนที่พอเหมาะ ให้ผิวทำงานได้ดีที่สุดตามวัย ตอบโจทย์ Skin Longevity Postbiotic : Bifida Ferment Lysate + Saccharomyces Cerevisiae Extract + Sphingomonas Ferment Extract ได้ผิวแข็งแรง + กระจ่างใส ผลัดผิว, ลดรอย : HEPES,","2026-01-19T20:18","","social network","other","unknown","unknown","social_repost","unknown","unknown","noise_or_low_trust","none","no","yes","profile_supported_needs_review","","0.57","0.52","40","low","high","medical_aesthetics_silver_v1","Domain rule: twitter.com | No meaningful commercial-intent signals detected | Publication type supports social or community conversation | Author metadata exists, but it does not establish a reliable voice category | No validated research indicators | Provider identity signal: rn","","","","","","","","","","unreviewed_machine_prelabel",""
"""""""F2Yvg6acucRhQNaVBVFy1O-f6M4""""""","https://smb.farmvilleherald.com/article/Model-Citizen-MedSpa-Blends-Luxury-Wellness-and-Medical-Aesthetics?storyId=699d1fbe002b740002246d54","The Farmville Herald","","","","Model Citizen MedSpa Blends Luxury Wellness and Medical Aesthetics","Why Personalized Aesthetic Care Matters for Natural Results Fort Lauderdale, United States - February 23, 2026 / Model Citizen MedSpa / ...","2026-02-23T22:49","United States","online news","media","journalist","news_reporting","news_article","consumer_news","editorial","market_context","none","no","no","theme_supported","natural_results|provider_led_trust","0.67","0.76","44","low","medium","medical_aesthetics_silver_v1","No meaningful commercial-intent signals detected | Contains treatment or outcome discussion | News or reporting publication structure | No validated research indicators | Publication classified as news article | Intent selected by precedence","","","","","","","","","","unreviewed_machine_prelabel",""
"""""""6Vf8xiK37sfEYcq1mzorpTW4VuM""""""","https://pr.norfolkwrenthamnews.com/article/CGBIO-Showcases-Comprehensive-Medical-Device-Portfolio-at-KIMES-2026-Achieves-KRW-53-Billion-in-Contract-Results?storyId=69d449d90f25261839c23876","Norfolk Wrentham News","","","","CGBIO Showcases Comprehensive Medical Device Portfolio at KIMES 2026 Achieves KRW 5.3 Billion in Contract Results","FACETEM (aesthetic), Curasys ME (wound care), NOVOSIS (bone substitute), and CG GEL (endoscopic hemostatic agent). FACETEM is a collagen ...","2026-04-05T20:00","United States","online news","media","journalist","news_reporting","news_article","consumer_news","editorial","market_context","none","no","no","theme_supported","collagen_biostimulation","0.69","0.78","44","low","medium","medical_aesthetics_silver_v1","No meaningful commercial-intent signals detected | Contains first-person language | Contains community-question or discussion language | Contains treatment or outcome discussion | News or reporting publication structure | No validated research indicators","","","","","","","","","","unreviewed_machine_prelabel",""
"""""""rYHCNyDLm5-3CDzpKXZOQIEPt_g""""""","https://www.entrepreneurshipreporter.com/article/890974300-skin-rejuvenation-market-growing-at-8-0-cagr-through-2033-persistence-market-research","Entrepreneurship Reporter","","","","Skin Rejuvenation Market Growing at 8.0% CAGR Through 2033: Persistence Market Research","... effects. Dermatology clinics are increasingly combining technologies such as laser + RF, microneedling + platelet-rich plasma (PRP), and ...","2026-02-10T04:08","United States","online news","media","journalist","news_reporting","news_article","consumer_news","editorial","market_context","none","no","no","theme_supported","regenerative_biology","0.66","0.75","44","low","medium","medical_aesthetics_silver_v1","No meaningful commercial-intent signals detected | Contains treatment or outcome discussion | News or reporting publication structure | No validated research indicators | Publication classified as news article | Intent selected by precedence","","","","","","","","","","unreviewed_machine_prelabel",""
"""""""SibARm9xLqLQ5wbV40QtAx8qYsk""""""","https://www.smbinaction.com/article/900630557-dermal-filler-market-2026-growing-with-demand-for-non-surgical-aesthetic-procedures","SMB Action","","","","Dermal Filler Market 2026 growing with demand for non-surgical aesthetic procedures","... plc, NMC Healthcare Ltd., Aesthetic Partners Inc., LaserAway LLC, Ideal Image Development Corporation, Advanced Dermatology and Cosmetic ...","2026-03-22T21:52","United States","online news","media","journalist","news_reporting","news_article","consumer_news","editorial","market_context","none","no","no","profile_supported_needs_review","","0.66","0.75","44","low","medium","medical_aesthetics_silver_v1","No meaningful commercial-intent signals detected | Contains treatment or outcome discussion | News or reporting publication structure | No validated research indicators | Publication classified as news article | Intent selected by precedence","","","","","","","","","","unreviewed_machine_prelabel",""
"""""""KarOj9jhOXwDTGdzBQnRkL-ua7U""""""","https://pr.beavertonvalleytimes.com/article/Moxie-Helps-Aesthetic-Providers-Reclaim-Clinical-Leadership-with-Treatment-Plans/6a2193cde80eb70d15dfa33f","Beaverton Valley Times","","","","Moxie Helps Aesthetic Providers Reclaim Clinical Leadership with Treatment Plans","... , skincare, education, an artful eye for aesthetics, and an advanced practice education to educate clients on aging prevention and ...","2026-06-04T11:00","United States","online news","media","journalist","news_reporting","news_article","consumer_news","editorial","market_context","none","no","no","profile_supported_needs_review","","0.68","0.77","44","low","medium","medical_aesthetics_silver_v1","No meaningful commercial-intent signals detected | Contains treatment or outcome discussion | News or reporting publication structure | No validated research indicators | Publication classified as news article | Intent selected by precedence","","","","","","","","","","unreviewed_machine_prelabel",""
"""""""yt-w2RazmYsjy8""""""","https://www.youtube.com/watch?v=w2RazmYsjy8","Youtube","Signature Cosmetic Clinic","","","A facelift surgery VS cosmetic procedures #skinhealth #collagenstimulation #collagenboost #antiaging","lifting, thermage, dermal fillers, Botox, laser resurfacing, and skin boosters, focus on enhancing your natural beauty without cutting or removing tissue. These treatments improve skin quality, stimulate collagen, reduce wrinkles, and restore volume in a subtle, natural way.","2026-01-09T12:31","","social network","company","clinic","clinic_promotion","promotional_video","clinic_marketing","commercial","commercial_signal","none","yes","no","theme_supported","skin_quality_over_volume|collagen_biostimulation","0.70","0.71","15","very_low","medium","medical_aesthetics_silver_v1","Domain rule: youtube.com | No meaningful commercial-intent signals detected | Publication type supports social or community conversation | Contains first-person language | Contains community-question or discussion language | Contains treatment or outcome discussion","","","","","","","","","","unreviewed_machine_prelabel",""
"""""""yt-y0rBwY8gbd0""""""","https://www.youtube.com/watch?v=y0rBwY8gbd0","Youtube","Vixen Aesthetics","","","Get rid of those pesky dark circles under your eyes👀 #shorts #medspa #tips","recommended for optimal results because we’re treating the skin, not just masking it. Under-eyes are delicate… so make sure you’re going to someone who knows the anatomy AND keeps it fun the whole time 😉 #medspa #PRF #skincare #skintreatment ##ezgel #fyp #explore #aesthetics","2026-04-22T18:15","United States","social network","company","clinic","clinic_promotion","promotional_video","clinic_marketing","commercial","commercial_signal","none","yes","no","theme_supported","regenerative_biology","0.71","0.75","15","very_low","medium","medical_aesthetics_silver_v1","Domain rule: youtube.com | No meaningful commercial-intent signals detected | Publication type supports social or community conversation | Contains treatment or outcome discussion | Author metadata exists, but it does not establish a reliable voice category | No validated research indicators","","","","","","","","","","unreviewed_machine_prelabel",""
"""""""KPUniOypf_Thyr7I9fseWggOb80""""""","https://marketerslog.com/news/600k-japanese-patients-seeking-premium-skin-rejuvenation-lydian-clinic-announce/549118","Marketers Log","","","","600K Japanese Patients Seeking Premium Skin Rejuvenation: Lydian Clinic Announce","... dermatology market, stem cell and exosome therapies gaining traction, and a strong cultural pull toward Korean beauty innovation, Lydian ...","2026-05-18T23:59","United States","online news","media","journalist","news_reporting","news_article","consumer_news","editorial","market_context","none","no","no","profile_supported_needs_review","","0.66","0.75","44","low","medium","medical_aesthetics_silver_v1","No meaningful commercial-intent signals detected | Contains treatment or outcome discussion | News or reporting publication structure | No validated research indicators | Publication classified as news article | Intent selected by precedence","","","","","","","","","","unreviewed_machine_prelabel",""
"""""""84VJ0DLYMT7rbFxcvWCcAiNyCMw""""""","https://software.expertprotech.com/press-release/2026-05-19/32984/from-grasse-to-the-world-france-s-iconic-clinic-brand-ompreve-goes-global","Software Expertprotec","","","","From Grasse to the World: France’s Iconic Clinic Brand Ompreve Goes Global","... , France, the world's perfume capital and a hub of cosmetic innovation, Ompreve has long been a trusted name among French aesthetic ...","2026-05-19T00:00","United States","online news","company","brand","brand_announcement","press_release","corporate_pr","commercial","commercial_signal","none","yes","no","profile_supported_needs_review","","0.78","0.83","19","very_low","low","medical_aesthetics_silver_v1","Domain rule: URL press-release path | No meaningful commercial-intent signals detected | Contains treatment or outcome discussion | Publication is classified as a press release | No validated research indicators | Brand signal: global","","","","","","","","","","unreviewed_machine_prelabel",""
"""""""yt-QI6Zp2vs0UA""""""","https://www.youtube.com/watch?v=QI6Zp2vs0UA","Youtube","K-미국간호사 K-US Nurse","","","New trend alert: post holiday season skin reset hack with K-pharmacy products","K-pharmacy is leveling up! 😳 The newest viral skincare ingredient is PDRN, known for supporting skin repair and barrier recovery. There are many brand for PDRN, HOWEVER, Not every high dosage and flashy ingredient claim delivers results. ‘Dr. Reju-All’ made it with scientific","2026-01-11T23:35","","social network","provider_hcp","provider","unknown","provider_social_post","provider_conversation","professional","noise_or_low_trust","none","no","no","theme_supported","regenerative_biology","0.63","0.52","100","very_high","high","medical_aesthetics_silver_v1","Domain rule: youtube.com | No meaningful commercial-intent signals detected | Publication type supports social or community conversation | Contains treatment or outcome discussion | Author metadata contains a professional healthcare credential or role | Publication format supports provider-authored commentary","","","","","","","","","","unreviewed_machine_prelabel",""
"""""""74zgvYXE45dNwNQk3itIh8_vB7k""""""","https://www.griffonnews.com/online_features/press_releases/5-signs-it-s-time-to-visit-an-aesthetics-clinic-in-garden-city-for-a/article_49fa60cf-ab87-5baf-a3bd-afa5c51ca4a0.html","The Griffon News","","","","5 Signs It’s Time to Visit an Aesthetics Clinic in Garden City for a Skin Refresh","... most patients. About Zoyya Anti-Aging & Aesthetics Zoyya Anti-Aging & Aesthetics is a physician-led aesthetics clinic in Garden City that ...","2026-05-02T13:05","United States","online news","company","brand","brand_announcement","press_release","corporate_pr","commercial","commercial_signal","none","yes","no","theme_supported","provider_led_trust","0.77","0.82","19","very_low","low","medical_aesthetics_silver_v1","Domain rule: URL press-release path | No meaningful commercial-intent signals detected | Contains treatment or outcome discussion | Publication is classified as a press release | No validated research indicators | Press release establishes announcement intent","","","","","","","","","","unreviewed_machine_prelabel",""
"""""""1768211454000_H8-t0KDr6DLwO8pQX4ITK3ybrJMA""""""","https://twitter.com/reeleclinic/statuses/2010650686695055751","Twitter","리엘르의원","@reeleclinic","","","https://t.co/9HyOaj5fo8 Rejuran vs Juvelook! Wondering which skin booster is the perfect match for your skin? Rejuran and Juvelook are two of the most well-known skin booster treatments for improving overall skin quality. However, the right choice can vary depending on your","2026-01-12T04:50","","social network","provider_hcp","provider","thought_leadership","provider_social_post","provider_conversation","professional","professional_interpretation","none","no","no","theme_supported","skin_quality_over_volume","0.66","0.67","97","very_high","medium","medical_aesthetics_silver_v1","Domain rule: twitter.com | No meaningful commercial-intent signals detected | Publication type supports social or community conversation | Contains treatment or outcome discussion | Author metadata exists, but it does not establish a reliable voice category | No validated research indicators","","","","","","","","","","unreviewed_machine_prelabel",""
"""""""yt-MzWSFKpUOpY""""""","https://www.youtube.com/watch?v=MzWSFKpUOpY","Youtube","The Erie Wellness Podcast","","","Why Regenerative Aesthetics Are Changing Skincare",", Tori Cohen shares why regenerative aesthetics are becoming so popular and how treatments focused on collagen, skin health, and natural-looking results are changing the conversation around skincare. 🎧 Listen on Apple, Spotify, and YouTube Featuring Bare Radiance Aesthetics (","2026-05-20T23:07","","social network","other","unknown","unknown","educational_video","unknown","unknown","noise_or_low_trust","none","no","no","theme_supported","natural_results|skin_quality_over_volume|collagen_biostimulation|regenerative_biology","0.42","0.23","40","low","high","medical_aesthetics_silver_v1","Domain rule: youtube.com | No meaningful commercial-intent signals detected | Publication type supports social or community conversation | Contains treatment or outcome discussion | Author metadata exists, but it does not establish a reliable voice category | No validated research indicators","","","","","","","","","","unreviewed_machine_prelabel",""
"""""""li_vhlIWnMb3ThJQHTfd2SOrGor8LI""""""","https://www.linkedin.com/feed/update/urn%3Ali%3Aactivity%3A7423061078865137664","LinkedIn","","","","","saw the launch of a number of new products at IMCAS Paris, including INÜO : The science of skin longevity | Zionic PRO MAX : non-invasive body remodeling | And the all new Eneka PRO Diode Laser for 2026! #aesthetics #cosmetics #technology COMING SOON: www.cosmeditech.com","2026-01-30T12:54","","social network","company","brand","brand_announcement","brand_social_post","corporate_pr","commercial","commercial_signal","none","yes","no","profile_supported_needs_review","","0.71","0.77","19","very_low","medium","medical_aesthetics_silver_v1","Domain rule: linkedin.com | No meaningful commercial-intent signals detected | Publication type supports social or community conversation | No reliable author-voice classification | No validated research indicators | LinkedIn author or source appears organizational","","","","","","","","","","unreviewed_machine_prelabel",""
"""""""mlZ3T6x4pu2o-2jnl7-uGuBfC_w""""""","https://pr.millismedwaynews.com/article/Perfect-Esthetics-Advances-Anti-Aging-Medicine-Through-Technology-Enhanced-Safety-Protocols?storyId=69dd4622c32edd0002dd3d3b","Medway & Millis Town News","","","","Perfect Esthetics Advances Anti Aging Medicine Through Technology-Enhanced Safety Protocols","... aesthetic treatments, reflecting broader industry trends toward technology-driven precision in Swiss aesthetic medicine. The integration ...","2026-04-13T15:18","United States","online news","media","journalist","news_reporting","news_article","consumer_news","editorial","market_context","none","no","no","theme_supported","provider_led_trust","0.68","0.78","44","low","medium","medical_aesthetics_silver_v1","No meaningful commercial-intent signals detected | Contains treatment or outcome discussion | News or reporting publication structure | No validated research indicators | Publication classified as news article | Intent selected by precedence","","","","","","","","","","unreviewed_machine_prelabel",""
"""""""yt-fibkw3pufwo""""""","https://www.youtube.com/watch?v=fibkw3pufwo","Youtube","BeautyByTiffanyRose","","","The PDRN Pink Whipped Cleanser gets my face so clean! Still my fav! #facialcleanser #facialtool","The PDRN Pink Whipped Cleanser gets my face so clean! Still my fav! #facialcleanser #facialtool","2026-04-22T10:59","United States","social network","patient","patient","unknown","educational_video","unknown","lived_experience","noise_or_low_trust","none","no","no","theme_supported","regenerative_biology","0.49","0.35","40","low","high","medical_aesthetics_silver_v1","Domain rule: youtube.com | No meaningful commercial-intent signals detected | Publication type supports social or community conversation | Contains first-person language | Author metadata exists, but it does not establish a reliable voice category | No validated research indicators","","","","","","","","","","unreviewed_machine_prelabel",""
"""""""GABDg_PON4wggMH51iC5y6YcMDE""""""","https://www.laconiadailysun.com/online_features/press_releases/5-signs-it-s-time-to-visit-an-aesthetics-clinic-in-garden-city-for-a/article_a2f10ab5-f626-5acc-b50c-e988bd115396.html","The Laconia Daily Sun","","","","5 Signs It’s Time to Visit an Aesthetics Clinic in Garden City for a Skin Refresh","... most patients. About Zoyya Anti-Aging & Aesthetics Zoyya Anti-Aging & Aesthetics is a physician-led aesthetics clinic in Garden City that ...","2026-05-02T13:05","United States","online news","company","brand","brand_announcement","press_release","corporate_pr","commercial","commercial_signal","none","yes","no","theme_supported","provider_led_trust","0.77","0.82","19","very_low","low","medical_aesthetics_silver_v1","Domain rule: URL press-release path | No meaningful commercial-intent signals detected | Contains treatment or outcome discussion | Publication is classified as a press release | No validated research indicators | Press release establishes announcement intent","","","","","","","","","","unreviewed_machine_prelabel",""
"""""""yt-HDHCtfDilwA""""""","https://www.youtube.com/watch?v=HDHCtfDilwA","Youtube","Hanzade Kocatürk","","","Cildinizi içeriden uyandırın: Biyostimülan etkisi!✨ #shorts #biyostimülan #kolajen #lifting #estetik","over time and lose their effectiveness. This results in loss of elasticity, wrinkles, and sagging. One of the most frequently mentioned methods in recent years against aging is biostimulatory fillers, also known as liquid facelift treatments. These products regulate collagen and","2026-03-01T07:33","","social network","other","unknown","unknown","educational_video","unknown","unknown","noise_or_low_trust","none","no","no","theme_supported","skin_quality_over_volume|collagen_biostimulation","0.45","0.28","40","low","high","medical_aesthetics_silver_v1","Domain rule: youtube.com | No meaningful commercial-intent signals detected | Publication type supports social or community conversation | Contains treatment or outcome discussion | Author metadata exists, but it does not establish a reliable voice category | No validated research indicators","","","","","","","","","","unreviewed_machine_prelabel",""
"""""""pbNAsyDCk20XNHp9gBmQako8fJU""""""","https://www.bentoncourier.com/online_features/press_releases/5-signs-it-s-time-to-visit-an-aesthetics-clinic-in-garden-city-for-a/article_db2c10b9-fc8d-571e-845e-992c156263bb.html","The Saline Courier","","","","5 Signs It’s Time to Visit an Aesthetics Clinic in Garden City for a Skin Refresh","... most patients. About Zoyya Anti-Aging & Aesthetics Zoyya Anti-Aging & Aesthetics is a physician-led aesthetics clinic in Garden City that ...","2026-05-02T13:05","United States","online news","company","brand","brand_announcement","press_release","corporate_pr","commercial","commercial_signal","none","yes","no","theme_supported","provider_led_trust","0.77","0.82","19","very_low","low","medical_aesthetics_silver_v1","Domain rule: URL press-release path | No meaningful commercial-intent signals detected | Contains treatment or outcome discussion | Publication is classified as a press release | No validated research indicators | Press release establishes announcement intent","","","","","","","","","","unreviewed_machine_prelabel",""
"""""""yt-GmG4e77v3Q8""""""","https://www.youtube.com/watch?v=GmG4e77v3Q8","Youtube","Skin Symphony Aesthetics Medical Center","","","Less Is More in Aesthetic Medicine | Ethical Fillers & Natural Results in Dubai #skinclinic #beauty","aesthetic clinic Dubai that values natural results, emotional health, and long-term satisfaction, Skin Symphony offers care you can trust. Beauty should feel empowering, not overwhelming. [aesthetic clinics in dubai, aesthetic clinic dubai, aesthetic clinic near me, skin clinic","2026-01-24T01:57","","social network","company","clinic","clinic_promotion","promotional_video","clinic_marketing","commercial","commercial_signal","none","yes","no","theme_supported","natural_results|provider_led_trust","0.71","0.75","15","very_low","medium","medical_aesthetics_silver_v1","Domain rule: youtube.com | No meaningful commercial-intent signals detected | Publication type supports social or community conversation | Contains first-person language | Contains treatment or outcome discussion | Author metadata exists, but it does not establish a reliable voice category","","","","","","","","","","unreviewed_machine_prelabel",""
"""""""ffq1xKI1E7FpY_RntPZAqe7fnG4""""""","https://coasttocoasttribune.com/article/888943274-bio-stimulation-therapies-market-valuation-roi-potential-long-term-growth-prospects-2026-2036","Coast To Coast Tribune","","","","Bio-Stimulation Therapies Market Valuation, ROI Potential & Long-Term Growth Prospects 2026–2036","... to stimulate collagen synthesis, tissue regeneration, and aesthetic improvements in clinical settings. These therapies address ...","2026-02-03T06:56","United States","online news","media","journalist","news_reporting","news_article","consumer_news","editorial","market_context","none","no","no","theme_supported","collagen_biostimulation|regenerative_biology","0.68","0.77","44","low","medium","medical_aesthetics_silver_v1","No meaningful commercial-intent signals detected | Contains treatment or outcome discussion | News or reporting publication structure | No validated research indicators | Publication classified as news article | Intent selected by precedence","","","","","","","","","","unreviewed_machine_prelabel",""
"""""""OEsJCf_fF2tEdAI6Rnlb2-WrSy4""""""","https://www.rajasthankikhabar.com/news/reglow-skin-hair-aesthetic-clinic-kokapets-premier-destination-for-advanced-dermatology-aesthetic-treatments20260505172629/","rajasthankikhabar","","","","Reglow Skin Hair & Aesthetic Clinic: Kokapet's Premier Destination for Advanced Dermatology & Aesthetic Treatments","... , Treating Second In a market where dermatology clinics often compete on the latest machines or the most glamorous interiors, Reglow Skin ...","2026-05-05T09:20","India","online news","media","journalist","news_reporting","news_article","consumer_news","editorial","market_context","none","no","no","profile_supported_needs_review","","0.66","0.74","44","low","medium","medical_aesthetics_silver_v1","No meaningful commercial-intent signals detected | Contains treatment or outcome discussion | News or reporting publication structure | No validated research indicators | Publication classified as news article | Intent selected by precedence","","","","","","","","","","unreviewed_machine_prelabel",""
"""""""yt-9i38hTnOunE""""""","https://www.youtube.com/watch?v=9i38hTnOunE","Youtube","Healthly Bite","","","Eat This Fish for Younger Skin #salmonfish #skincare #healthawareness","slowdown at cellular level ⚠️ Watch till the end — the skin regeneration scene is shocking. salmon fish anti aging, salmon benefits, omega 3 for skin, anti aging foods, salmon for wrinkles, salmon inside body, healthy aging foods eat salmon daily, salmon skin benefits, omega 3","2026-01-24T03:00","","social network","other","unknown","unknown","educational_video","unknown","unknown","noise_or_low_trust","none","no","no","profile_supported_needs_review","","0.40","0.19","40","low","high","medical_aesthetics_silver_v1","Domain rule: youtube.com | No meaningful commercial-intent signals detected | Publication type supports social or community conversation | Contains first-person language | Author metadata exists, but it does not establish a reliable voice category | No validated research indicators","","","","","","","","","","unreviewed_machine_prelabel",""
"""""""Nnfpb-knzPIa68L7OTNwpsqmPp0""""""","https://lifestyleandtech.co.za/just-life/article/2026-03-16/world-sleep-day-why-rest-is-the-most-powerful-step-in-your-skincare-routine","Lifestyle & Tech","","","","World Sleep Day: Why rest is the most powerful step in your skincare routine","... increasingly important. Powered by cutting-edge epigenetic skincare innovation, the NIVEA Cellular Epigenetics Rejuvenating Serum ...","2026-03-16T06:52","South Africa","online news","media","journalist","news_reporting","news_article","consumer_news","editorial","market_context","none","no","no","profile_supported_needs_review","","0.67","0.76","44","low","medium","medical_aesthetics_silver_v1","No meaningful commercial-intent signals detected | News or reporting publication structure | No validated research indicators | Publication classified as news article | Intent selected by precedence | Mapped from publication type: news_article","","","","","","","","","","unreviewed_machine_prelabel",""
"""""""Olte4iySe_nVdGzcFnMMp9UXX8Q""""""","https://georgiatimeline.com/press-release/2026-05-19/32868/from-grasse-to-the-world-france-s-iconic-clinic-brand-ompreve-goes-global","Georgia Top Stories","","","","From Grasse to the World: France’s Iconic Clinic Brand Ompreve Goes Global","... , France, the world's perfume capital and a hub of cosmetic innovation, Ompreve has long been a trusted name among French aesthetic ...","2026-05-19T00:00","United States","online news","company","brand","brand_announcement","press_release","corporate_pr","commercial","commercial_signal","none","yes","no","profile_supported_needs_review","","0.78","0.83","19","very_low","low","medical_aesthetics_silver_v1","Domain rule: URL press-release path | No meaningful commercial-intent signals detected | Contains treatment or outcome discussion | Publication is classified as a press release | No validated research indicators | Brand signal: global","","","","","","","","","","unreviewed_machine_prelabel",""
"""""""N3cviM7Od0nouFYdohv4cmnyxEE""""""","https://www.openpr.com/news/4425619/skin-grooming-market-forecast-2026-2036-market-to-reach-usd","openPR.de","","","","Skin Grooming Market Forecast 2026-2036: Market to Reach USD 40.20 billion by 2036 at a 4.8% CAGR.","Acid, Retinol, Vitamin C, and Niacinamide has moved from niche dermatological circles to the mass market. Dermatologist Endorsement: ...","2026-03-16T05:48","Germany","online news","media","journalist","news_reporting","news_article","consumer_news","editorial","market_context","none","no","no","theme_supported","provider_led_trust","0.65","0.73","44","low","medium","medical_aesthetics_silver_v1","No meaningful commercial-intent signals detected | Contains treatment or outcome discussion | News or reporting publication structure | No validated research indicators | Publication classified as news article | Intent selected by precedence","","","","","","","","","","unreviewed_machine_prelabel",""
"""""""yt-bcojZe0-mAE""""""","https://www.youtube.com/watch?v=bcojZe0-mAE","Youtube","SANENDI","","","W-PDRN | Skin Regeneration, Redefined","🌿W-PDRN | Skin Regeneration, Redefined Powered by high-purity PDRN, W-PDRN works at the cellular level to activate skin repair and regeneration. It helps restore the skin barrier, calm sensitivity, and improve overall skin quality. Enhances skin resilience and radiance W-PDRN —","2026-01-11T22:29","","social network","provider_hcp","provider","unknown","educational_video","provider_conversation","professional","noise_or_low_trust","none","no","no","theme_supported","skin_quality_over_volume|regenerative_biology","0.42","0.24","96","very_high","high","medical_aesthetics_silver_v1","Domain rule: youtube.com | No meaningful commercial-intent signals detected | Publication type supports social or community conversation | Author metadata exists, but it does not establish a reliable voice category | No validated research indicators | Provider identity signal: do","","","","","","","","","","unreviewed_machine_prelabel",""
"""""""jJqojwyrANwsNH1T0rpoYJEZQIo""""""","https://www.express.co.uk/life-style/style/2200659/rodial-salmon-skincare-serum-new","Daily Express","Lauren Codling","","","'People ask if I've had work done' on skin but it's actually down to new £13 serum","... recent months yet has emerged as an increasingly popular trend in skincare, owing to its capacity to support skin regeneration, reinforce ...","2026-05-02T15:03","United Kingdom","online news","media","journalist","news_reporting","news_article","consumer_news","editorial","market_context","none","no","no","profile_supported_needs_review","","0.67","0.75","44","low","medium","medical_aesthetics_silver_v1","No meaningful commercial-intent signals detected | Contains first-person language | News or reporting publication structure | No validated research indicators | Publication classified as news article | Intent selected by precedence","","","","","","","","","","unreviewed_machine_prelabel",""
"""""""yt-UwAmTYaBtqw""""""","https://www.youtube.com/watch?v=UwAmTYaBtqw","Youtube","MPower Clinic","","","Profhilo H&L vs Profhilo Structura 💉","Looking to improve skin quality and firmness? At MPower Clinic, we tailor treatments to your goals. ✨ Profhilo H&L Full of hyaluronic acid, this hydrates the skin, boosts collagen and elastin production, and improves firmness. Ideal for the lower two-thirds of the face, neck,","2026-01-12T13:16","","social network","company","clinic","clinic_promotion","promotional_video","clinic_marketing","commercial","commercial_signal","none","yes","no","theme_supported","skin_quality_over_volume|collagen_biostimulation","0.71","0.75","15","very_low","medium","medical_aesthetics_silver_v1","Domain rule: youtube.com | No meaningful commercial-intent signals detected | Publication type supports social or community conversation | Contains first-person language | Contains treatment or outcome discussion | Author metadata exists, but it does not establish a reliable voice category","","","","","","","","","","unreviewed_machine_prelabel",""
"""""""-csIycUjL4j8vXKGuaceQEUBXug""""""","https://www.seacoastecho.com/online_features/press_releases/5-signs-it-s-time-to-visit-an-aesthetics-clinic-in-garden-city-for-a/article_88715de0-9319-5ee2-a796-ac8499f9256a.html","The Sea Coast Echo","","","","5 Signs It’s Time to Visit an Aesthetics Clinic in Garden City for a Skin Refresh","... most patients. About Zoyya Anti-Aging & Aesthetics Zoyya Anti-Aging & Aesthetics is a physician-led aesthetics clinic in Garden City that ...","2026-05-02T13:05","United States","online news","company","brand","brand_announcement","press_release","corporate_pr","commercial","commercial_signal","none","yes","no","theme_supported","provider_led_trust","0.77","0.82","19","very_low","low","medical_aesthetics_silver_v1","Domain rule: URL press-release path | No meaningful commercial-intent signals detected | Contains treatment or outcome discussion | Publication is classified as a press release | No validated research indicators | Press release establishes announcement intent","","","","","","","","","","unreviewed_machine_prelabel",""
"""""""yt-n4R4Hxtoq7U""""""","https://www.youtube.com/watch?v=n4R4Hxtoq7U","Youtube","Dr Reenu Gurjar ( skin aesthetic and hair care)","","","Acne scar therapy क्या है ? #skincare #trendingvideo #faceserumforoilyskin","विशेषज्ञ से परामर्श अवश्य लें। 👍 वीडियो पसंद आए तो Like, Share और Subscribe करें। #PimplesKeGadde #AcneScarTreatment #Cosmetology #Microneedling #MNRF #CO2Laser #PRP #ChemicalPeel #SkinCare #DrReenuGurjar #AcneScars #SkinClinic #AestheticTreatment #HealthySkin #DermatologyTips","2026-06-11T04:15","","social network","company","clinic","clinic_promotion","promotional_video","clinic_marketing","commercial","commercial_signal","none","yes","no","theme_supported","regenerative_biology","0.70","0.74","15","very_low","medium","medical_aesthetics_silver_v1","Domain rule: youtube.com | No meaningful commercial-intent signals detected | Publication type supports social or community conversation | Contains treatment or outcome discussion | Author metadata exists, but it does not establish a reliable voice category | No validated research indicators","","","","","","","","","","unreviewed_machine_prelabel",""
"""""""yt-4-nTvfXzB4s""""""","https://www.youtube.com/watch?v=4-nTvfXzB4s","Youtube","Michelle- Travel & Lifestyle over 40","","","GRWM- Age Gap + Skincare routine #over50 #over40 #glassskin #kbeauty #gifted","Korea’s viral wrinkle-care combo. It has PDRN + collagen, which helps skin look firmer, smoother, and more refreshed… and I finally understand the hype 🙌🏼✨ I’ve been using @anua_global PDRN Collagen Glow Facial Serum Spray + Collagen Melting Cheek & Neck Patches, and this is","2026-02-04T11:32","","social network","other","unknown","unknown","educational_video","unknown","unknown","noise_or_low_trust","none","no","no","theme_supported","natural_results|collagen_biostimulation|regenerative_biology","0.41","0.20","40","low","high","medical_aesthetics_silver_v1","Domain rule: youtube.com | No meaningful commercial-intent signals detected | Publication type supports social or community conversation | Contains first-person language | Author metadata exists, but it does not establish a reliable voice category | No validated research indicators","","","","","","","","","","unreviewed_machine_prelabel",""
"""""""yt-vXCTZNfIX4o""""""","https://www.youtube.com/watch?v=vXCTZNfIX4o","Youtube","Kayraorganics","","","Foods for Glowing Skin | Natural Glow Starts From Inside #viral #skincare #bollywood #beautiful","plump skin ✔ Protein for skin regeneration This is not a trend — it’s biology. Feed your skin the right nutrients and let the glow follow ✨ 👉 Like & share if you believe in natural beauty 👉 Subscribe for weekly skin & hair science videos #glowingskin #skincare #skinnutrition #","2026-01-08T12:10","","social network","provider_hcp","provider","unknown","educational_video","provider_conversation","professional","noise_or_low_trust","none","no","no","profile_supported_needs_review","","0.41","0.22","96","very_high","high","medical_aesthetics_silver_v1","Domain rule: youtube.com | No meaningful commercial-intent signals detected | Publication type supports social or community conversation | Author metadata exists, but it does not establish a reliable voice category | No validated research indicators | Provider identity signal: do","","","","","","","","","","unreviewed_machine_prelabel",""
"""""""gppFW-jtqLqJ_OsHAHTWoth6PaA""""""","http://press.steelprice.co.kr/newsRead.php?no=1030459","press","","","","AMWC 2026: Galderma Showcases Category‑leading Innovation With a Comprehensive Portfolio and Holistic, Future‑focused Aesthetic Strategies","... and services that span the full spectrum of the fast-growing dermatology market through Injectable Aesthetics, Dermatological Skincare ...","2026-03-17T03:00","South Korea","online news","media","journalist","news_reporting","news_article","consumer_news","editorial","market_context","none","no","no","profile_supported_needs_review","","0.67","0.76","44","low","medium","medical_aesthetics_silver_v1","No meaningful commercial-intent signals detected | Contains treatment or outcome discussion | News or reporting publication structure | No validated research indicators | Publication classified as news article | Intent selected by precedence","","","","","","","","","","unreviewed_machine_prelabel",""
"""""""P_usDTMjizFuptOMeGlf7bUhtk0""""""","https://ie.pinterest.com/pin/118149190220684610/","Pinterest","Symone Jackson","symonej19","","Exosomes are the future of skin rejuvenation. They trigger repair, boost collagen, calm redness, and speed recovery after treatments like microneedling. At The Luxe Room, exosomes are the go-to for clients who want firmer, glowing skin that stays balanced long-term.","Exosomes are the future of skin rejuvenation. They trigger repair, boost collagen, calm redness, and speed recovery after treatments like microneedling. At The Luxe Room, exosomes are the go-to for clients who want firmer, glowing skin that stays balanced long-term.","2026-04-24T16:07","","social network","other","unknown","unknown","social_post","unknown","unknown","noise_or_low_trust","none","no","no","theme_supported","collagen_biostimulation|regenerative_biology","0.38","0.26","27","very_low","high","medical_aesthetics_silver_v1","No meaningful commercial-intent signals detected | Publication type supports social or community conversation | Contains lived-experience language | Contains treatment or outcome discussion | Author metadata exists, but it does not establish a reliable voice category | No validated research indicators","","","","","","","","","","unreviewed_machine_prelabel",""
"""""""PSAM6SIPu530nXzVPFxeCx5AiOE""""""","https://philippinesgraphic.com.ph/2026/01/24/avignon-clinic-and-makati-medical-center-partner-to-elevate-access-to-world-class-healthcare/","Philippines Graphic","","","","Avignon Clinic and Makati Medical Center partner to elevate access to world-class healthcare","... healthcare innovation. At its core, Avignon Clinic is a doctor-led regenerative aesthetics and longevity clinic dedicated to optimizing ...","2026-01-24T09:53","Philippines","online news","media","journalist","news_reporting","news_article","consumer_news","editorial","market_context","none","no","no","theme_supported","regenerative_biology|provider_led_trust","0.67","0.75","44","low","medium","medical_aesthetics_silver_v1","No meaningful commercial-intent signals detected | Contains treatment or outcome discussion | News or reporting publication structure | No validated research indicators | Publication classified as news article | Intent selected by precedence","","","","","","","","","","unreviewed_machine_prelabel",""
"""""""1768829043000_LPZ7uDncWRQwrtipIh1ku9Wf3QkA""""""","https://twitter.com/dnflwlswndi_/statuses/2013241041273643346","Twitter","The Empress✨🏹","@dnflwlswndi_","","","วัย ขวดนี้เป็นเหมือน Serum เพาะเลี้ยงผิว เติมพลังให้ผิวในอัตราส่วนที่พอเหมาะ ให้ผิวทำงานได้ดีที่สุดตามวัย ตอบโจทย์ Skin Longevity Postbiotic : Bifida Ferment Lysate + Saccharomyces Cerevisiae Extract + Sphingomonas Ferment Extract ได้ผิวแข็งแรง + กระจ่างใส ผลัดผิว, ลดรอย : HEPES,","2026-01-19T08:24","Thailand","social network","other","unknown","unknown","social_repost","unknown","unknown","noise_or_low_trust","none","no","yes","profile_supported_needs_review","","0.57","0.52","40","low","high","medical_aesthetics_silver_v1","Domain rule: twitter.com | No meaningful commercial-intent signals detected | Publication type supports social or community conversation | Author metadata exists, but it does not establish a reliable voice category | No validated research indicators | Provider identity signal: rn","","","","","","","","","","unreviewed_machine_prelabel",""
"""""""VKUvAaEI0UQad8YyA5H2eib_GJI""""""","https://www.panajijournal.com/story/195439/sakose-joins-forces-with-nobel-laureate-professor-to-advance-scientific-innovation-and-set-a-germanstyle-petroleum-jelly-skincare-benchmark.html","Panajijournal","","","","Sakose Joins Forces with Nobel Laureate Professor to Advance Scientific Innovation and Set a German-Style Petroleum Jelly Skincare Benchmark","... -style petroleum jelly skincare specialist Sakose has officially entered into a strategic R&D partnership with Nobel laureate Professor ...","2026-03-02T17:45","India","online news","media","journalist","news_reporting","news_article","consumer_news","editorial","market_context","none","no","no","profile_supported_needs_review","","0.67","0.76","44","low","medium","medical_aesthetics_silver_v1","No meaningful commercial-intent signals detected | News or reporting publication structure | No validated research indicators | Publication classified as news article | Intent selected by precedence | Mapped from publication type: news_article","","","","","","","","","","unreviewed_machine_prelabel",""
"""""""YnM6cDpkaWQ6cGxjOjJwZW9rbXRqaGwyNXpmbHU0bzJ0ZGU3MjozbWVnenA3aWpyZTJt""""""","https://bsky.app/profile/vitaminrush.bsky.social/post/3megzp7ijre2m","Bluesky","","vitaminrush.bsky.social","","","What is PDRN skincare? The K-beauty trend that promises glass skin https://www.vitaminrush.com/303028/what-is-pdrn-skincare-the-k-beauty-trend-that-promises-glass-skin/ Polynucleotides are one of the fastest growing aesthetic treatments of the past half-decade. In fact,","2026-02-09T13:00","","social network","provider_hcp","provider","provider_education","provider_social_post","provider_conversation","professional","professional_interpretation","none","no","no","theme_supported","regenerative_biology","0.66","0.68","96","very_high","medium","medical_aesthetics_silver_v1","Domain rule: bsky.app | No meaningful commercial-intent signals detected | Publication type supports social or community conversation | Contains treatment or outcome discussion | Author metadata exists, but it does not establish a reliable voice category | No validated research indicators","","","","","","","","","","unreviewed_machine_prelabel",""
"""""""-u5XIXLKGbJZZeaLIVt4dqacESs""""""","https://smb.andalusiastarnews.com/article/Two-Chicks-Aesthetics-Reports-Summer-Surge-in-Hyperhidrosis-Botox-Demand?storyId=69f5972e2d40420002de90e9","Andalusia Star-News","","","","Two Chicks Aesthetics Reports Summer Surge in Hyperhidrosis Botox Demand","""... in the clinic's guiding principle, """"Keep Up, Don't Catch Up."""" Services include therapeutic and cosmetic Botox, Dysport, Jeuveau, dermal ...""","2026-05-02T01:30","United States","online news","media","journalist","news_reporting","news_article","consumer_news","editorial","market_context","none","no","no","profile_supported_needs_review","","0.66","0.75","44","low","medium","medical_aesthetics_silver_v1","No meaningful commercial-intent signals detected | Contains treatment or outcome discussion | News or reporting publication structure | No validated research indicators | Publication classified as news article | Intent selected by precedence","","","","","","","","","","unreviewed_machine_prelabel",""
"""""""hTMEVHIFZBJBQgbOaJP9uPyo-e0""""""","https://bitcoin-news.btcinews.com/press-release/2026-05-19/32929/from-grasse-to-the-world-france-s-iconic-clinic-brand-ompreve-goes-global","Bitcoin News","","","","From Grasse to the World: France’s Iconic Clinic Brand Ompreve Goes Global","... , France, the world's perfume capital and a hub of cosmetic innovation, Ompreve has long been a trusted name among French aesthetic ...","2026-05-19T07:50","United States","online news","company","brand","brand_announcement","press_release","corporate_pr","commercial","commercial_signal","none","yes","no","profile_supported_needs_review","","0.78","0.83","19","very_low","low","medical_aesthetics_silver_v1","Domain rule: URL press-release path | No meaningful commercial-intent signals detected | Contains treatment or outcome discussion | Publication is classified as a press release | No validated research indicators | Brand signal: global","","","","","","","","","","unreviewed_machine_prelabel",""
"""""""-BWQMHde2ry_e99oOISZ0sLNXgA""""""","https://pressreleasehub.pa.media/article/cgbio-showcases-comprehensive-medical-device-portfolio-at-kimes-2026-achieves-krw-53-billion-in-contract-results-70357.html","PA Media Group","","","","CGBIO Showcases Comprehensive Medical Device Portfolio at KIMES 2026 Achieves KRW 5.3 Billion in Contract Results","FACETEM (aesthetic), Curasys ME (wound care), NOVOSIS (bone substitute), and CG GEL (endoscopic hemostatic agent). FACETEM is a collagen ...","2026-04-06T13:00","United Kingdom","online news","media","journalist","news_reporting","news_article","consumer_news","editorial","market_context","none","no","no","theme_supported","collagen_biostimulation","0.68","0.77","44","low","medium","medical_aesthetics_silver_v1","No meaningful commercial-intent signals detected | Contains first-person language | Contains treatment or outcome discussion | News or reporting publication structure | No validated research indicators | Publication classified as news article","","","","","","","","","","unreviewed_machine_prelabel",""
"""""""T21HTPNZuNGyECuc0wWSZuKdM0Y""""""","https://ie.pinterest.com/pin/668643875971631624/","Pinterest","Mariya Prykhodko","mariyaprykhodko","","“ HOW DOES PROFHILO WORK ? “🌟 For those of you that are new to skin care and skin treatments I get it ! It can be so confusing understanding which treatments are best for you ! Being the skin specialist, I got you 😉 For me treating clients from all ages from 20- 70, means being transparent and also honest when it comes to skin goals ! It’s important to be able to tell my clients the truth when it comes to skin care and skin goals and also time lines and at home products that will help to...","“ HOW DOES PROFHILO WORK ? “🌟 For those of you that are new to skin care and skin treatments I get it ! It can be so confusing understanding which treatments are best for you ! Being the skin specialist, I got you 😉 For me treating clients from all ages from 20- 70, means being","2026-02-04T15:29","","social network","patient","patient","personal_experience","community_review","patient_conversation","lived_experience","primary_experience","none","no","no","profile_supported_needs_review","","0.56","0.59","81","high","medium","medical_aesthetics_silver_v1","No meaningful commercial-intent signals detected | Publication type supports social or community conversation | Contains first-person language | Contains treatment or outcome discussion | Author metadata exists, but it does not establish a reliable voice category | No validated research indicators","","","","","","","","","","unreviewed_machine_prelabel",""
"""""""A9ZgljkNqBwqCAHVEOLfJrZOsLA""""""","https://ie.pinterest.com/pin/551268810660181167/","Pinterest","Ellemes Medical Spa","ellemes_atl","","How Long Does Sculptra Last? A Realistic Results Timeline The standard claim is that Sculptra results last two years or more, and that is broadly accurate — clinical studies support a duration of 24 to 36 months for most patients. But “two-plus years” is a wide range, and the number alone does not tell you […] The post How Long Does Sculptra Last? Realistic Timeline appeared first on ELLEMES Medical Spa.","How Long Does Sculptra Last? A Realistic Results Timeline The standard claim is that Sculptra results last two years or more, and that is broadly accurate — clinical studies support a duration of 24 to 36 months for most patients. But “two-plus years” is a wide range, and the","2026-03-18T07:11","","social network","company","clinic","unknown","social_post","clinic_marketing","commercial","noise_or_low_trust","none","yes","no","theme_supported","collagen_biostimulation","0.39","0.29","0","very_low","high","medical_aesthetics_silver_v1","No meaningful commercial-intent signals detected | Publication type supports social or community conversation | Contains community-question or discussion language | Contains treatment or outcome discussion | Author metadata exists, but it does not establish a reliable voice category | No validated research indicators","","","","","","","","","","unreviewed_machine_prelabel",""
"""""""1777831197000_8xZ3EDHtuC6Nb9V9875gCHYKhsMA""""""","https://x.com/aykutuz/status/2050998814060802388","Twitter","Aykut Uz","@aykutuz","","","; afai understand , in that 4 month n=15 study; your team applied (blood?) extracted stem cells’ secreted exosomes via IV; which resulted in 2 years of rejuvenation in dna methylation profiles. (and/or other proxies) . Congratulations. It would be really interesting to see if the","2026-05-03T13:59","","social network","other","unknown","unknown","social_reply","unknown","unknown","noise_or_low_trust","none","no","no","theme_supported","regenerative_biology","0.39","0.19","40","low","high","medical_aesthetics_silver_v1","Domain rule: x.com | No meaningful commercial-intent signals detected | Publication type supports social or community conversation | Author metadata exists, but it does not establish a reliable voice category | No validated research indicators | No intent candidate satisfied eligibility requirements","","","","","","","","","","unreviewed_machine_prelabel",""
"""""""KEbt--dT00Q3HgmQ92L7w76ZR7I""""""","https://www.wickedlocal.com/story/shopping/2026/01/27/winter-skincare-sale-timebeam-nad-boosters/88362757007/","Swampscott Reporter","","","","Dry winter skin? Get 15% off Timebeam’s NAD+ boosters with exclusive code","Pixie Layer a ceramide‑rich moisturizer Timebeam isn’t just skincare—it’s skin longevity science . Founded by Dr. Lamees Hamdan, an ...","2026-01-27T06:56","United States","online news","media","journalist","news_reporting","news_article","consumer_news","editorial","market_context","none","no","no","profile_supported_needs_review","","0.66","0.75","44","low","medium","medical_aesthetics_silver_v1","No meaningful commercial-intent signals detected | News or reporting publication structure | No validated research indicators | Publication classified as news article | Intent selected by precedence | Mapped from publication type: news_article","","","","","","","","","","unreviewed_machine_prelabel",""
"""""""DWgltm2gUY3V0iW4ZBTDDQheNqM""""""","https://www.thailand-business-news.com/pr-news/rejuran-cosmetics-debuts-at-sephora-u-s-with-sold-out-la-pop-up","Thailand Business News","","","","REJURAN Cosmetics Debuts at Sephora U.S. with Sold-Out LA Pop-Up","... into REJURAN Cosmetics’ potential in the North American market. In partnership with Sephora, we look forward to expanding our presence both ...","2026-04-07T20:21","Thailand","online news","media","journalist","news_reporting","news_article","consumer_news","editorial","market_context","none","no","no","profile_supported_needs_review","","0.69","0.79","44","low","medium","medical_aesthetics_silver_v1","No meaningful commercial-intent signals detected | Contains first-person language | News or reporting publication structure | No validated research indicators | Publication classified as news article | Intent selected by precedence","","","","","","","","","","unreviewed_machine_prelabel",""
"""""""yt-abBmA4lQ_og""""""","https://www.youtube.com/watch?v=abBmA4lQ_og","Youtube","Dr. Tracy Timberlake","","","New PDRN Lip Oil Alert: K-Beauty's Latest Trendy Release #DealsForYouDays","the magic of K-Beauty once more with the revolutionary PDRN Lip Oil! 💋✨ Finally, a lip care product that nourishes, enhances, and rejuvenates your pout like never before. This luxurious lip oil combines the power of PDRN, an ingredient celebrated in the beauty world for its","2026-06-10T17:22","United States","social network","other","unknown","unknown","educational_video","unknown","unknown","noise_or_low_trust","none","no","no","theme_supported","regenerative_biology","0.39","0.19","40","low","high","medical_aesthetics_silver_v1","Domain rule: youtube.com | No meaningful commercial-intent signals detected | Publication type supports social or community conversation | Author metadata exists, but it does not establish a reliable voice category | No validated research indicators | Provider identity signal: rn","","","","","","","","","","unreviewed_machine_prelabel",""
"""""""yt-ENykrAjKmL8""""""","https://www.youtube.com/watch?v=ENykrAjKmL8","Youtube","Dr. Akanksha Agarwal","","","SKINVIVE™ by JUVÉDERM® in Gurgaon ✨ Skin Hydration Treatment @cfagurgaon","by Juvederm Gurgaon, Skinvive treatment Gurgaon, injectable skin hydration Gurgaon, skin booster Gurgaon, skin quality treatment Gurgaon, hyaluronic acid injectable Gurgaon, radiant skin treatment Gurgaon, smoother skin treatment Gurgaon, Centre for Aesthetics Gurgaon, Gurugram","2026-06-09T23:34","India","social network","other","unknown","unknown","educational_video","unknown","unknown","noise_or_low_trust","none","no","no","theme_supported","skin_quality_over_volume","0.40","0.19","40","low","high","medical_aesthetics_silver_v1","Domain rule: youtube.com | No meaningful commercial-intent signals detected | Publication type supports social or community conversation | Contains treatment or outcome discussion | Author metadata exists, but it does not establish a reliable voice category | No validated research indicators","","","","","","","","","","unreviewed_machine_prelabel",""
"""""""1771845181000_tpx66Fvt0ks6CGdNdhQ830qY3PQA""""""","https://twitter.com/sapoctber1/statuses/2025891640720982246","Twitter","oct","@sapoctber1","","","#SKINTIFICTH #SKTTH #SKINTIFICPDRN #มอยส์ผิวเบบี้ #SKINTIFICXFOURT #Fourthnattawat #โฟร์ทณัฐวรรธน์ 💖 SKINTIFIC PDRN — The Most Innovative Moisturizer with Clinical Results 🔬✨ SKINTIFIC PDRN Bright & Smooth Moisture Gel ที่สุดของมอยเจอร์ไรเซอร์จาก SKINTIFIC ที่ผ่านการทดสอบแล้ว","2026-02-23T06:13","","social network","provider_hcp","provider","unknown","social_repost","provider_conversation","professional","noise_or_low_trust","none","no","yes","theme_supported","regenerative_biology","0.61","0.57","97","very_high","high","medical_aesthetics_silver_v1","Domain rule: twitter.com | No meaningful commercial-intent signals detected | Publication type supports social or community conversation | Contains treatment or outcome discussion | Author metadata exists, but it does not establish a reliable voice category | No validated research indicators","","","","","","","","","","unreviewed_machine_prelabel",""
"""""""1774225887000_y2Wr1312umAndKswRW60vqG5FcgA""""""","https://twitter.com/wujaszekLoyo/statuses/2035877046480425155","Twitter","dziad borowy, manure artisan","@wujaszekloyo","","","of control: women are massively injecting “salmon sperm” into their faces in hopes of rejuvenation Cosmetologists promise quick results and wrinkle reduction, but in reality many end up with severe swelling that lasts for months. Demand for “salmon sperm” has surged several times","2026-03-22T20:31","Mexico","social network","other","unknown","unknown","social_quote","unknown","unknown","noise_or_low_trust","none","no","yes","profile_supported_needs_review","","0.56","0.48","40","low","high","medical_aesthetics_silver_v1","Domain rule: twitter.com | No meaningful commercial-intent signals detected | Publication type supports social or community conversation | Contains first-person language | Contains treatment or outcome discussion | Author metadata exists, but it does not establish a reliable voice category","","","","","","","","","","unreviewed_machine_prelabel",""
"""""""LPBbcsg2Qj8I5fE2cM9TSMAo1Ug""""""","https://ie.pinterest.com/pin/508203139224327282/","Pinterest","KRISSY JAY","babbitw33dy","","Looking to improve the appearance of scars naturally? These carrier oils and resins are known for supporting skin regeneration, barrier repair, and improved texture. Learn why rosehip, tamanu, frankincense, and myrrh are trusted in clean beauty routines for scar care and skin renewal. Save this guide for natural skincare education.","These carrier oils and resins are known for supporting skin regeneration, barrier repair, and improved texture. Learn why rosehip, tamanu, frankincense, and myrrh are trusted in clean beauty routines for scar care and skin renewal. Save this guide for natural skincare education.","2026-01-29T16:54","","social network","other","unknown","unknown","social_post","unknown","unknown","noise_or_low_trust","none","no","no","theme_supported","skin_quality_over_volume","0.33","0.19","26","very_low","high","medical_aesthetics_silver_v1","No meaningful commercial-intent signals detected | Publication type supports social or community conversation | Author metadata exists, but it does not establish a reliable voice category | No validated research indicators | Provider identity signal: rn | No intent candidate satisfied eligibility requirements","","","","","","","","","","unreviewed_machine_prelabel",""
"""""""zYY4SOLM53Ti37NSNPTR2Lgo0AI""""""","https://indepthscience.com/news/korean-prp-prf-treatments-for-indonesian-medical-tourists-guide-published/540448","In Depth Science","","","","Korean PRP & PRF Treatments For Indonesian Medical Tourists: Guide Published","... for evidence-based information about regenerative aesthetic procedures that combine clinical efficacy with cost accessibility. More ...","2026-03-09T21:33","United States","online news","media","journalist","news_reporting","news_article","consumer_news","editorial","market_context","none","no","no","theme_supported","regenerative_biology","0.68","0.77","44","low","medium","medical_aesthetics_silver_v1","No meaningful commercial-intent signals detected | Contains treatment or outcome discussion | News or reporting publication structure | No validated research indicators | Publication classified as news article | Intent selected by precedence","","","","","","","","","","unreviewed_machine_prelabel",""
"""""""lyPk-rmyilYy5WSUmq3Arp5UXtQ""""""","https://www.msn.com/en-gb/health/other/why-women-are-choosing-medspa-treatments-for-lasting-beauty/ar-AA1WwYNA","MSN UK","","","","Why women are choosing medspa treatments for lasting beauty","Today, women are prioritizing self-care and seeking professional medspa services that deliver lasting results without compromising safety ...","2026-02-17T11:04","United Kingdom","online news","media","journalist","news_reporting","news_article","consumer_news","editorial","market_context","none","no","no","profile_supported_needs_review","","0.68","0.77","44","low","medium","medical_aesthetics_silver_v1","No meaningful commercial-intent signals detected | Contains treatment or outcome discussion | News or reporting publication structure | No validated research indicators | Publication classified as news article | Intent selected by precedence","","","","","","","","","","unreviewed_machine_prelabel",""
"""""""uw29ms2p5SUwFknQWTPFAMclCVo""""""","https://www.newsbreak.com/reality-tea-1552139/4691731522269-kendall-jenner-details-her-ideal-summer-amid-jacob-elordi-rumors","NewsBreak","Ankita Shaw","","","Kendall Jenner Details Her ‘Ideal Summer’ Amid Jacob Elordi Rumors","... nice options.” “My other must have items are L’Oréal Paris Glotion, PDRN Collagen Glow Facial Serum Spray, and a great pair of flip flops,” ...","2026-06-04T12:28","United States","online news","media","journalist","news_reporting","news_article","consumer_news","editorial","market_context","none","no","no","theme_supported","collagen_biostimulation|regenerative_biology","0.67","0.76","44","low","medium","medical_aesthetics_silver_v1","No meaningful commercial-intent signals detected | News or reporting publication structure | No validated research indicators | Publication classified as news article | Intent selected by precedence | Mapped from publication type: news_article","","","","","","","","","","unreviewed_machine_prelabel",""
"""""""yWQbQTZVLo1AeghJ0Nr5mDdRhdo""""""","https://www.meghalayamagazine.in/story/175792/medical-aesthetics-market-worth-4070-billion-by-2031-marketsandmarkets.html","Meghalayamagazine","","","","Medical Aesthetics Market worth $40.70 billion by 2031 | MarketsandMarkets™","As aesthetic treatments become integrated into wellness and self-care routines, medical aesthetics is evolving into a recurring, ...","2026-03-03T14:18","India","online news","media","journalist","news_reporting","news_article","consumer_news","editorial","market_context","none","no","no","theme_supported","provider_led_trust","0.68","0.78","44","low","medium","medical_aesthetics_silver_v1","No meaningful commercial-intent signals detected | Contains treatment or outcome discussion | News or reporting publication structure | No validated research indicators | Publication classified as news article | Intent selected by precedence","","","","","","","","","","unreviewed_machine_prelabel",""
"""""""g0AtgAEJQDwIhbz3x-j9E607MMA""""""","https://www.siliconindia.com/news/general/home-facial-radiofrequency-a-safe-and-efficient-method-to-rejuvenate-your-skin-nid-239667-cid-1.html","SiliconIndia","","","","Home Facial Radiofrequency: A Safe and Efficient Method to Rejuvenate Your Skin","Getting the Most Out of Your Home Facial RF Treatments To gain the most benefits from home facial RF, best results are achieved when ...","2026-03-04T01:38","India","online news","media","journalist","news_reporting","news_article","consumer_news","editorial","market_context","none","no","no","profile_supported_needs_review","","0.68","0.78","44","low","medium","medical_aesthetics_silver_v1","No meaningful commercial-intent signals detected | Contains treatment or outcome discussion | News or reporting publication structure | No validated research indicators | Publication classified as news article | Intent selected by precedence","","","","","","","","","","unreviewed_machine_prelabel",""
"""""""zL3jcECFN2iIlTk5odsPL0lp_YU""""""","https://smb.state-journal.com/article/Consumer-Edge-Data-Reveals-Efficacy-Led-Brands-Winning-Share-in-a-Slowing-Beauty-Market?storyId=6a182f22004597ee6ba134a4","The Frankfort State Journal","","","","Consumer Edge Data Reveals Efficacy-Led Brands Winning Share in a Slowing Beauty Market","At the same time, clinical, efficacy-led brands are the clearest winners in the category, as consumers increasingly prioritize products ...","2026-05-28T08:31","United States","online news","media","journalist","news_reporting","news_article","consumer_news","editorial","market_context","none","no","no","profile_supported_needs_review","","0.67","0.76","44","low","medium","medical_aesthetics_silver_v1","No meaningful commercial-intent signals detected | Contains treatment or outcome discussion | News or reporting publication structure | No validated research indicators | Publication classified as news article | Intent selected by precedence","","","","","","","","","","unreviewed_machine_prelabel",""
"""""""ehhRmvwb50y1m5K0LHHad7-9LxU""""""","https://ie.pinterest.com/pin/492370171782938501/","Pinterest","Sydney Meade","sydneymmeade","","Curious about PRP, PRF, or EZGEL PRF for natural collagen boosting or as a filler alternative? Let me show you why EZGEL PRF is the ultimate game-changer. 💉✨ #EZGELPRF #CollagenBoost #NaturalBeautyTrends #SkinRejuvenation #NonSurgicalGlow #AestheticMedicine #GlowUpJourney #LosAngelesAesthetics","Curious about PRP, PRF, or EZGEL PRF for natural collagen boosting or as a filler alternative? Let me show you why EZGEL PRF is the ultimate game-changer. 💉✨ #EZGELPRF #CollagenBoost #NaturalBeautyTrends #SkinRejuvenation #NonSurgicalGlow #AestheticMedicine #GlowUpJourney #","2026-05-16T15:32","","social network","other","unknown","unknown","social_post","unknown","unknown","noise_or_low_trust","none","no","no","theme_supported","collagen_biostimulation|regenerative_biology","0.38","0.26","27","very_low","high","medical_aesthetics_silver_v1","No meaningful commercial-intent signals detected | Publication type supports social or community conversation | Contains first-person language | Contains community-question or discussion language | Author metadata exists, but it does not establish a reliable voice category | No validated research indicators","","","","","","","","","","unreviewed_machine_prelabel",""
"""""""6jEszEKdEItbJdKEU40E8g2zHjk""""""","https://ie.pinterest.com/pin/759489924704095987/","Pinterest","선여심","yeoshimsun76","","Guide to use ✨Mary&May NEW Vegan Collagen Hydrogel Masks✨ For skin that’s hydrated, soothed and glowing! 💫How to use: 1. Cleanse your face and prep with toner or essence 2. Apply the mask (both sides usable!) 3. Leave on for 20-30 minutes 4. Remove and gently pat in the remaining essence 5. Follow with the moisturizer to seal in all the nutrients! 💫Pro Tip! Use 2 – 3 times a week for best results💡 Skincare made simple and super satisfying.🥰💝 🖤 Charcoal PDRN |❤️ Red Ginseng | 💚 Aloe Which m...","20-30 minutes 4. Remove and gently pat in the remaining essence 5. Follow with the moisturizer to seal in all the nutrients! 💫Pro Tip! Use 2 – 3 times a week for best results💡 Skincare made simple and super satisfying.🥰💝 🖤 Charcoal PDRN |❤️ Red Ginseng | 💚 Aloe Which m...","2026-06-11T08:56","","social network","provider_hcp","provider","unknown","social_post","provider_conversation","professional","noise_or_low_trust","none","no","no","theme_supported","collagen_biostimulation|regenerative_biology","0.38","0.29","78","high","high","medical_aesthetics_silver_v1","No meaningful commercial-intent signals detected | Publication type supports social or community conversation | Contains treatment or outcome discussion | Author metadata exists, but it does not establish a reliable voice category | No validated research indicators | Provider identity signal: do","","","","","","","","","","unreviewed_machine_prelabel",""
"""""""1776764155000_OedUHLPQ6YgyqCJZeU6kXQ1dxy8A""""""","https://x.com/zqiiskincare/status/2046523313867112913","Twitter","ZQ-II Skincare","@zqiiskincare","","","Still feels like yesterday—ZQ-II Journey across Europe 🌍✨ From the vibrant energy of AMWC Monaco, where innovation met insight, we connected with global experts and like-minded partners—exploring the path of advanced regenerative aesthetics together. 🤝🔬 https://t.co/5F9CPKh7yi","2026-04-21T05:35","","social network","provider_hcp","provider","thought_leadership","provider_social_post","provider_conversation","professional","professional_interpretation","none","no","no","theme_supported","regenerative_biology","0.66","0.67","97","very_high","medium","medical_aesthetics_silver_v1","Domain rule: x.com | No meaningful commercial-intent signals detected | Publication type supports social or community conversation | Contains first-person language | Author metadata exists, but it does not establish a reliable voice category | No validated research indicators","","","","","","","","","","unreviewed_machine_prelabel",""
"""""""1776792897000_oPQs-d6F4lUONUc0jfxVbFXPNx8A""""""","https://x.com/DaveScolte/status/2046643867521331381","Twitter","Dave Scolte","@davescolte","","","Might make a master-post on all the cosmetic injectables on the market so we have something online that isn’t just “OMG SALMON SPERM” They all have unique and interesting mechanisms of action, and a large part comes from the Italian medical development market which is fun.","2026-04-21T13:34","United States","social network","other","unknown","unknown","social_post","unknown","unknown","noise_or_low_trust","none","no","no","profile_supported_needs_review","","0.38","0.15","40","low","high","medical_aesthetics_silver_v1","Domain rule: x.com | No meaningful commercial-intent signals detected | Publication type supports social or community conversation | Contains first-person language | Contains treatment or outcome discussion | Author metadata exists, but it does not establish a reliable voice category","","","","","","","","","","unreviewed_machine_prelabel",""
"""""""j-k0Zg6ORYsbMy0Z7Xrku7UmIqY""""""","https://ie.pinterest.com/pin/365847169749781566/","Pinterest","Rank & Style","rankandstyle","","Exosomes are tiny messengers that allow skin cells to communicate — helping repair damage, boost collagen, calm inflammation, and strengthen the skin barrier. We break down what exosomes are, how they work, and the best exosome products worth adding to your skincare routine. #exosomeskincare #skincareeducation #beautyeditorial #skincaretrends #antiagingskincare #rankandstyle","Exosomes are tiny messengers that allow skin cells to communicate — helping repair damage, boost collagen, calm inflammation, and strengthen the skin barrier. We break down what exosomes are, how they work, and the best exosome products worth adding to your skincare routine. #","2026-01-28T20:45","","social network","other","unknown","unknown","social_post","unknown","unknown","noise_or_low_trust","none","no","no","theme_supported","collagen_biostimulation|regenerative_biology","0.34","0.20","27","very_low","high","medical_aesthetics_silver_v1","No meaningful commercial-intent signals detected | Publication type supports social or community conversation | Contains first-person language | Author metadata exists, but it does not establish a reliable voice category | No validated research indicators | Provider identity signal: do","","","","","","","","","","unreviewed_machine_prelabel",""
"""""""1768840798000_xB8606O4YUtQeE8s-kKUXXOeE_EA""""""","https://twitter.com/ssoo666_so/statuses/2013290346000560589","Twitter","最高の時間でした。👾🤖","@ssoo666_so","","","วัย ขวดนี้เป็นเหมือน Serum เพาะเลี้ยงผิว เติมพลังให้ผิวในอัตราส่วนที่พอเหมาะ ให้ผิวทำงานได้ดีที่สุดตามวัย ตอบโจทย์ Skin Longevity Postbiotic : Bifida Ferment Lysate + Saccharomyces Cerevisiae Extract + Sphingomonas Ferment Extract ได้ผิวแข็งแรง + กระจ่างใส ผลัดผิว, ลดรอย : HEPES,","2026-01-19T11:39","","social network","other","unknown","unknown","social_repost","unknown","unknown","noise_or_low_trust","none","no","yes","profile_supported_needs_review","","0.57","0.52","40","low","high","medical_aesthetics_silver_v1","Domain rule: twitter.com | No meaningful commercial-intent signals detected | Publication type supports social or community conversation | Author metadata exists, but it does not establish a reliable voice category | No validated research indicators | Provider identity signal: rn","","","","","","","","","","unreviewed_machine_prelabel",""
"""""""ie3nHthTgLDHamDHb1K0CkuJQpk""""""","https://lifestyle.all80sz1063.com/story/105338/korean-prp-prf-treatments-for-indonesian-medical-tourists-guide-published/","ALL 80'S Z 106.3 (KZLK-FM)","","","","Korean PRP & PRF Treatments For Indonesian Medical Tourists: Guide Published","... for evidence-based information about regenerative aesthetic procedures that combine clinical efficacy with cost accessibility. More ...","2026-03-10T11:16","United States","online news","media","journalist","news_reporting","news_article","consumer_news","editorial","market_context","none","no","no","theme_supported","regenerative_biology","0.68","0.77","44","low","medium","medical_aesthetics_silver_v1","No meaningful commercial-intent signals detected | Contains treatment or outcome discussion | News or reporting publication structure | No validated research indicators | Publication classified as news article | Intent selected by precedence","","","","","","","","","","unreviewed_machine_prelabel",""
"""""""A7fbZP55iCzP-4sYqz4uK2vQ6Gs""""""","https://cafe.naver.com/fmpia88/3336","Forums","","","","고우리 6탄.액상 PCL은 눈가 잔주름에도 사용할 수 있을까요? crow’s feet 논문으로 보는 임상적 의미",", patient/evaluator-blinded, split-face study to compare the efficacy and safety of polycaprolactone and polynucleotide fillers in the correction of crow’s feet 입니다. 이 논문은 액상형 PCL 계열의 DLMR01과 polynucleotide filler를 같은 환자의 좌우 눈가에 나누어 주입한 뒤, 효과와 안전성을 비교한 split-face study라는 점에서 의미가","2026-05-18T18:26","South Korea","forum","other","unknown","unknown","forum_post","forum","unknown","noise_or_low_trust","none","no","no","profile_supported_needs_review","","0.34","0.21","51","low","high","medical_aesthetics_silver_v1","No meaningful commercial-intent signals detected | Publication type supports social or community conversation | No reliable author-voice classification | No validated research indicators | No intent candidate satisfied eligibility requirements | Intent selected by fallback","","","","","","","","","","unreviewed_machine_prelabel",""
"""""""bgewqSEHVwIxeQraNf-0rplhP20""""""","https://www.tiktok.com/@soloriojbrenda/video/7631395408555592980?utm_campaign=tt4d_open_api&utm_source=mapi","Tiktok","soloriojbrenda","soloriojbrenda","","","Gifted by Dermalogica • Boosts skin longevity • Supports natural skin repair • Firms and improves elasticity • Smooths skin texture • Evens out skin tone • Strengthens the skin barrier • Helps reduce the look of fine lines • Protects against daily stressors • Visible results in 1","2026-04-21T21:51","","social network","other","influencer","commercial_review","influencer_social_post","influencer_content","commercial","commercial_signal","moderate","yes","no","theme_supported","skin_quality_over_volume","0.74","0.76","22","very_low","medium","medical_aesthetics_silver_v1","Domain rule: tiktok.com | Sponsorship phrase: gifted by | Publication type supports social or community conversation | Contains treatment or outcome discussion | Influencer or affiliate language reduces authenticity | Moderate commercial intent reduces authenticity","","","","","","","","","","unreviewed_machine_prelabel",""
"""""""1775738062000_HKfI-jRco7ggUxMmsLSWu4qnEloA""""""","https://x.com/Dadaw08/status/2042219567892594883","Twitter","Andy Almendarez","@dadaw08","","","thanks to weightloss, I lost a little bit of volume there. I got Botox in my chin and Frown between my eyes. And I also got a skin booster (not a filler) called Polynucleotides near my tear trough. (eyes). I did a very minimum amount, people who don't know, will not notice I had","2026-04-09T08:34","United States","social network","patient","patient","unknown","social_repost","unknown","lived_experience","noise_or_low_trust","none","no","yes","theme_supported","skin_quality_over_volume|regenerative_biology","0.78","0.76","40","low","high","medical_aesthetics_silver_v1","Domain rule: x.com | No meaningful commercial-intent signals detected | Publication type supports social or community conversation | Contains first-person language | Contains lived-experience language | Patient identity signal","","","","","","","","","","unreviewed_machine_prelabel",""
"""""""yK190MQPqvnCX8SQeFhZyIIrSqo""""""","proquest:publicid-3330512945","Birmingham Mail (Print Edition)","","","","Up-Scale Skincare","... Salmon DNA has become one of the buzziest ingredients in aesthetic clinics, often used in injectable treatments designed to plump skin. Now ...","2026-04-17T00:00","United Kingdom","print","company","clinic","unknown","unknown","clinic_marketing","commercial","noise_or_low_trust","none","yes","no","profile_supported_needs_review","","0.21","0.15","0","very_low","high","medical_aesthetics_silver_v1","No meaningful commercial-intent signals detected | Contains treatment or outcome discussion | No reliable author-voice classification | No validated research indicators | Clinic signal: clinic | Clinic signal: aesthetic clinic","","","","","","","","","","unreviewed_machine_prelabel",""
"""""""DC_rcAsTZhQjPrOd7LJqMgkqiTQ""""""","https://www.borgwarddaily.com/2026/05/01/lemonbottle-concludes-face-body-2026-secures-latin-america-foothold/","Borgwar Daily","","","","LemonBottle Concludes FACE & BODY 2026, Secures Latin America Foothold","... techniques to expected results, reflecting growing interest in clinically driven aesthetic solutions. In particular, there was strong ...","2026-05-01T16:03","United States","online news","media","journalist","news_reporting","news_article","consumer_news","editorial","market_context","none","no","no","profile_supported_needs_review","","0.68","0.77","44","low","medium","medical_aesthetics_silver_v1","No meaningful commercial-intent signals detected | Contains treatment or outcome discussion | News or reporting publication structure | No validated research indicators | Publication classified as news article | Intent selected by precedence","","","","","","","","","","unreviewed_machine_prelabel",""
"""""""V7d4pA6hCW3x7sizCHzT4acwE-0""""""","https://lifestyle.xbode.org/story/660018/avl-hosts-virtual-salon-suite-exploring-how-ivf-research-inspired-a-new-era-of-science-backed-skincare/","XPR Lifestyle","","","","AVL Hosts Virtual Salon Suite Exploring How IVF Research Inspired a New Era of Science-Backed Skincare","AVL AVL is a science-backed skincare brand focused on the intersection of skin longevity, wellness, and clinically informed beauty ...","2026-05-16T20:33","United States","online news","media","journalist","news_reporting","news_article","consumer_news","editorial","market_context","none","no","no","profile_supported_needs_review","","0.67","0.76","44","low","medium","medical_aesthetics_silver_v1","No meaningful commercial-intent signals detected | Contains treatment or outcome discussion | News or reporting publication structure | No validated research indicators | Publication classified as news article | Intent selected by precedence","","","","","","","","","","unreviewed_machine_prelabel",""
"""""""w3SAjPngwBKLvdyMux-qApEUXPU""""""","https://www.sandiegonews.net/news/278804583/ozempic-face-and-loose-skin-surge-drives-dmv-patients-to-the-naderi-center-advanced-non-surgical-surgical-treatments","San Diego News.Net","","","","Ozempic Face and Loose Skin Surge Drives DMV Patients to The Naderi Center's Advanced Non-Surgical & Surgical Treatments","... fiber erbium laser , which treats fine lines, wrinkles, and crepey skin with no or very short recovery time, are some of the most ...","2026-01-12T08:50","United States","online news","media","journalist","news_reporting","news_article","consumer_news","editorial","market_context","none","no","no","profile_supported_needs_review","","0.68","0.77","44","low","medium","medical_aesthetics_silver_v1","No meaningful commercial-intent signals detected | Contains treatment or outcome discussion | News or reporting publication structure | No validated research indicators | Publication classified as news article | Intent selected by precedence","","","","","","","","","","unreviewed_machine_prelabel",""
"""""""-2MWDmRXWtxGcK3E_mDYsXhTkRY""""""","https://lifestyle.friendhood.net/story/664101/americans-skip-overseas-trips-for-stem-cell-therapy/","XPR Lifestyle","","","","Americans Skip Overseas Trips for Stem Cell Therapy","... protocols at Springs Rejuvenation. Many patients who arrive at the clinics have spent years managing joint discomfort and have explored ...","2026-05-11T12:51","United States","online news","media","journalist","news_reporting","news_article","consumer_news","editorial","market_context","none","no","no","profile_supported_needs_review","","0.68","0.77","44","low","medium","medical_aesthetics_silver_v1","No meaningful commercial-intent signals detected | Contains treatment or outcome discussion | News or reporting publication structure | No validated research indicators | Publication classified as news article | Intent selected by precedence","","","","","","","","","","unreviewed_machine_prelabel",""
"""""""OqUc9LNmZ738AfK639K_qJ0xTzc""""""","https://ie.pinterest.com/pin/410601691049628561/","Pinterest","Dr. Raluca Rosenberg | Aesthetic Medicine & Longevity","drralucarosenberg","","Most anti-aging strategies focus only on the skin. But emerging science shows that skin longevity is deeply connected to metabolic health and the gut microbiome. The Metabolic Skin Longevity Framework explains how three biological systems interact: • Gut health and microbiome balance • Metabolic regulation and insulin sensitivity • Skin regeneration and collagen production Understanding this connection can transform the way we approach aging, skin health, and longevity. Discover the full explanation and science behind this framework. → Read the article on the website.","Most anti-aging strategies focus only on the skin. But emerging science shows that skin longevity is deeply connected to metabolic health and the gut microbiome. The Metabolic Skin Longevity Framework explains how three biological systems interact: • Gut health and microbiome","2026-03-10T13:17","","social network","other","unknown","unknown","social_post","unknown","unknown","noise_or_low_trust","none","no","no","theme_supported","skin_quality_over_volume|collagen_biostimulation","0.34","0.20","27","very_low","high","medical_aesthetics_silver_v1","No meaningful commercial-intent signals detected | Publication type supports social or community conversation | Contains first-person language | Author metadata exists, but it does not establish a reliable voice category | No validated research indicators | Provider identity signal: do","","","","","","","","","","unreviewed_machine_prelabel",""
"""""""rGUkQP0LoOOL6rP9rVPlwCE4h-I""""""","https://lifestyle.bocaratoncityonline.com/story/185046/avl-hosts-virtual-salon-suite-exploring-how-ivf-research-inspired-a-new-era-of-science-backed-skincare/","XPR Lifestyle","","","","AVL Hosts Virtual Salon Suite Exploring How IVF Research Inspired a New Era of Science-Backed Skincare","AVL AVL is a science-backed skincare brand focused on the intersection of skin longevity, wellness, and clinically informed beauty ...","2026-05-16T20:24","United States","online news","media","journalist","news_reporting","news_article","consumer_news","editorial","market_context","none","no","no","profile_supported_needs_review","","0.67","0.76","44","low","medium","medical_aesthetics_silver_v1","No meaningful commercial-intent signals detected | Contains treatment or outcome discussion | News or reporting publication structure | No validated research indicators | Publication classified as news article | Intent selected by precedence","","","","","","","","","","unreviewed_machine_prelabel",""
"""""""GSCNGs7g4EYl5X6r_oxMY3UD214""""""","https://lifestyle.luxedb.com/story/490571/7-fast-growing-business-trends-in-retail-and-e-commerce/","Luxury Magazine","","","","7 fast-growing business trends in retail and e-commerce","... trending now in the Asian beauty realm? Biotech skincare . Consumers want clinic-level ingredients like PDRN, Exosomes and PLLA â plus ...","2026-02-12T10:21","United States","online news","media","journalist","news_reporting","news_article","consumer_news","editorial","market_context","none","no","no","theme_supported","regenerative_biology","0.67","0.76","44","low","medium","medical_aesthetics_silver_v1","No meaningful commercial-intent signals detected | Contains treatment or outcome discussion | News or reporting publication structure | No validated research indicators | Publication classified as news article | Intent selected by precedence","","","","","","","","","","unreviewed_machine_prelabel",""
"""""""8JJ3yZi6buMV8yCnwdmofn5fxyY""""""","https://www.businesswire.com/news/home/20260516865889/en/AVL-Hosts-Virtual-Salon-Suite-Exploring-How-IVF-Research-Inspired-a-New-Era-of-Science-Backed-Skincare","Business Wire","","","","AVL Hosts Virtual Salon Suite Exploring How IVF Research Inspired a New Era of Science-Backed Skincare","AVL AVL is a science-backed skincare brand focused on the intersection of skin longevity, wellness, and clinically informed beauty ...","2026-05-16T20:17","United States","online news","company","brand","brand_announcement","press_release","corporate_pr","commercial","commercial_signal","none","yes","no","profile_supported_needs_review","","0.79","0.83","22","very_low","low","medical_aesthetics_silver_v1","Domain rule: businesswire.com | No meaningful commercial-intent signals detected | Contains treatment or outcome discussion | Publication is classified as a press release | No validated research indicators | Press release establishes announcement intent","","","","","","","","","","unreviewed_machine_prelabel",""
"""""""8bEa5JUiN4Oao6b1ExcoehNroP0""""""","https://pr.norfolkwrenthamnews.com/article/REJURAN-Cosmetics-Debuts-at-Sephora-US-with-Sold-Out-LA-Pop-Up?storyId=69d5a00a0f25261839c23fc3","Norfolk Wrentham News","","","","REJURAN Cosmetics Debuts at Sephora U.S. with Sold-Out LA Pop-Up","... into REJURAN Cosmetics' potential in the North American market. In partnership with Sephora, we look forward to expanding our presence both ...","2026-04-07T20:21","United States","online news","media","journalist","news_reporting","news_article","consumer_news","editorial","market_context","none","no","no","profile_supported_needs_review","","0.69","0.79","44","low","medium","medical_aesthetics_silver_v1","No meaningful commercial-intent signals detected | Contains first-person language | News or reporting publication structure | No validated research indicators | Publication classified as news article | Intent selected by precedence","","","","","","","","","","unreviewed_machine_prelabel",""
"""""""U7O7yhHk1X1-hPZJdy7FTJknggM""""""","https://lifestyle.side.cr/story/669693/avl-hosts-virtual-salon-suite-exploring-how-ivf-research-inspired-a-new-era-of-science-backed-skincare/","XPR Lifestyle","","","","AVL Hosts Virtual Salon Suite Exploring How IVF Research Inspired a New Era of Science-Backed Skincare","AVL AVL is a science-backed skincare brand focused on the intersection of skin longevity, wellness, and clinically informed beauty ...","2026-05-16T20:38","United States","online news","media","journalist","news_reporting","news_article","consumer_news","editorial","market_context","none","no","no","profile_supported_needs_review","","0.67","0.76","44","low","medium","medical_aesthetics_silver_v1","No meaningful commercial-intent signals detected | Contains treatment or outcome discussion | News or reporting publication structure | No validated research indicators | Publication classified as news article | Intent selected by precedence","","","","","","","","","","unreviewed_machine_prelabel",""
"""""""E4a_m2RLITG_aV6e1DJDc-a8pv8""""""","https://www.travelandtourworld.com/news/article/le1y334lj9x9/","Travel And Tour World","","","","Seoul and South Korea Hit Unprecedented Medical Tourism Heights in 2026 with Record 2 Million Foreign Patients, Transforming Travel Patterns into Health‑Focused Journeys","... in advanced dermatological and cosmetic procedures. The distribution of medical services chosen by international visitors also highlights ...","2026-05-30T07:15","India","online news","media","journalist","news_reporting","news_article","consumer_news","editorial","market_context","none","no","no","profile_supported_needs_review","","0.66","0.75","44","low","medium","medical_aesthetics_silver_v1","No meaningful commercial-intent signals detected | Contains treatment or outcome discussion | News or reporting publication structure | No validated research indicators | Publication classified as news article | Intent selected by precedence","","","","","","","","","","unreviewed_machine_prelabel",""
"""""""r-AzFZeIGENhMKmyJl27nNZUtmI""""""","https://www.tiktok.com/@shopwith_less/video/7646246707709119758?utm_campaign=tt4d_open_api&utm_source=mapi","Tiktok","shopwith_less","shopwith_less","","","daily the milky toner is wow, medicube pdrn pink serum is game changer for my skin makes skin super smooth and glowy, rantinal is my favorite everyday night time skin care, la Roche Posay must have mosturizer. #skincare@rhode skin @LaRochePosayUS @Murad Skincare @medicube global","2026-05-31T22:22","","social network","other","unknown","unknown","social_post","unknown","unknown","noise_or_low_trust","none","no","no","theme_supported","regenerative_biology","0.46","0.29","40","low","high","medical_aesthetics_silver_v1","Domain rule: tiktok.com | No meaningful commercial-intent signals detected | Publication type supports social or community conversation | Contains first-person language | Author metadata exists, but it does not establish a reliable voice category | No validated research indicators","","","","","","","","","","unreviewed_machine_prelabel",""
"""""""7qn6bUb4C-eDE5GBS4ZzfJcO4c0""""""","https://lifestyle.longislandreport.org/story/457199/global-wellness-summit-releases-10-wellness-trends-for-2026/","XPR Lifestyle","","","","Global Wellness Summit Releases 10 Wellness Trends for 2026","... at ease. 6. Skin Longevity Redefines Beauty Move over anti-aging: innovations in skin regeneration usher in a new era A transformation is ...","2026-01-27T14:26","United States","online news","media","journalist","news_reporting","news_article","consumer_news","editorial","market_context","none","no","no","profile_supported_needs_review","","0.67","0.76","44","low","medium","medical_aesthetics_silver_v1","No meaningful commercial-intent signals detected | News or reporting publication structure | No validated research indicators | Publication classified as news article | Intent selected by precedence | Mapped from publication type: news_article","","","","","","","","","","unreviewed_machine_prelabel",""
"""""""SEva4nR6sefJXagRp_EAh6zhIck""""""","https://www.china-briefing.com/news/partnernews/?rkey=20260323AE16393&filter=3396","China Briefing","","","","Sisram Medical Reports Solid Growth in 2025","... medical aesthetics segment. Injectables Expanding Market Presence with Strong Growth Sisram continued to expand its injectables portfolio ...","2026-03-23T11:28","China","online news","media","journalist","news_reporting","news_article","consumer_news","editorial","market_context","none","no","no","theme_supported","provider_led_trust","0.67","0.76","44","low","medium","medical_aesthetics_silver_v1","No meaningful commercial-intent signals detected | Contains treatment or outcome discussion | News or reporting publication structure | No validated research indicators | Publication classified as news article | Intent selected by precedence","","","","","","","","","","unreviewed_machine_prelabel",""
"""""""J8V_2qH6KUbyWMAn2VYKQBk_Q_U""""""","https://www.happi.com/breaking-news/amorepacific-brings-iope-to-us-market/","HAPPI Magazine","Christine Esposito","","","Amorepacific Brings Iope to US Market","... in the Americas—Amorepacific is bringing another high-profile skincare brand to the market. Iope, its clinical-grade skincare range, is ...","2026-03-02T16:14","United States","online news","media","journalist","news_reporting","news_article","consumer_news","editorial","market_context","none","no","no","profile_supported_needs_review","","0.67","0.76","44","low","medium","medical_aesthetics_silver_v1","No meaningful commercial-intent signals detected | Contains treatment or outcome discussion | News or reporting publication structure | No validated research indicators | Publication classified as news article | Intent selected by precedence","","","","","","","","","","unreviewed_machine_prelabel",""
"""""""lwwJWPFB9-nVjaf4aXx-zmUENKI""""""","https://uk.news.yahoo.com/3-met-gala-beauty-trends-111829409.html","Yahoo! News UK","Laia Farran Graves","","","""""""3 Met Gala Beauty Trends That Dominated The 2026 Red Carpet""""""","Museum of Art Getty Images Increasingly, celebrity facialists and dermatologists are central to achieving camera-ready radiance. “The ...","2026-05-04T20:00","United Kingdom","online news","media","journalist","news_reporting","news_article","consumer_news","editorial","market_context","none","no","no","theme_supported","provider_led_trust","0.66","0.75","44","low","medium","medical_aesthetics_silver_v1","No meaningful commercial-intent signals detected | Contains treatment or outcome discussion | News or reporting publication structure | No validated research indicators | Publication classified as news article | Intent selected by precedence","","","","","","","","","","unreviewed_machine_prelabel",""
"""""""-Q9Q_B6JokiKojX6evlHXPnU1T8""""""","https://www.leadertelegram.com/online_features/press_releases/revision-skincare-dej-daily-boosting-serum-wins-advanced-clinical-beauty-performance-category-at-the-2025/article_e12e53dc-9b89-5a0b-bbd7-0e86abf33b2c.html","Leader-Telegram","","","","Revision Skincare® DEJ Daily Boosting Serum™ Wins Advanced Clinical Beauty & Performance Category at the 2025-2026 Beauty & Longevity CHOICE Awards","... demand for longevity‑focused, clinically validated skincare solutions. About the Beauty & Longevity CHOICE Awards The Beauty & Longevity ...","2026-02-20T16:51","United States","online news","company","brand","brand_announcement","press_release","corporate_pr","commercial","commercial_signal","none","yes","no","profile_supported_needs_review","","0.78","0.83","19","very_low","low","medical_aesthetics_silver_v1","Domain rule: URL press-release path | No meaningful commercial-intent signals detected | Contains treatment or outcome discussion | Publication is classified as a press release | No validated research indicators | Press release establishes announcement intent","","","","","","","","","","unreviewed_machine_prelabel",""
"""""""_fpZDwet_p3wvtITOcklBcQ3ejg""""""","https://www.wisconsinjournal.news/news/nykaa-strengthens-its-korean-beauty-portfolio-with-the-launch-of-viral-skincare-sensation-medicube20260220140701/","Wisconsin Journal","","","","Nykaa Strengthens Its Korean Beauty Portfolio with the Launch of Viral Skincare Sensation, medicube","... medicube, a brand that has redefined results-led skincare globally. Celebrated for its clinically proven formulations, medicube has set new ...","2026-02-20T04:07","United States","online news","media","journalist","news_reporting","news_article","consumer_news","editorial","market_context","none","no","no","profile_supported_needs_review","","0.66","0.75","29","very_low","medium","medical_aesthetics_silver_v1","No meaningful commercial-intent signals detected | Contains treatment or outcome discussion | News or reporting publication structure | Research language appears without validated research-source metadata | Publication classified as news article | Intent selected by precedence","","","","","","","","","","unreviewed_machine_prelabel",""
"""""""JenEvHlTdtSpqzM8ekgi2CKSzHk""""""","https://smb.bluegrasslive.com/article/Revision-Skincarer-DEJ-Daily-Boosting-Serumtm-Wins-Advanced-Clinical-Beauty-andamp-Performance-Category-at-the-2025-2026-Beauty-andamp-Longevity-CHOICE-Awards?storyId=6998d7e1f3b9ec0450c8cfe0","Bluegrass Live","","","","Revision Skincare® DEJ Daily Boosting Serum™ Wins Advanced Clinical Beauty & Performance Category at the 2025-2026 Beauty & Longevity CHOICE Awards","... demand for longevity‑focused, clinically validated skincare solutions. About the Beauty & Longevity CHOICE Awards The Beauty & Longevity ...","2026-02-20T17:07","United States","online news","media","journalist","news_reporting","news_article","consumer_news","editorial","market_context","none","no","no","profile_supported_needs_review","","0.67","0.76","44","low","medium","medical_aesthetics_silver_v1","No meaningful commercial-intent signals detected | Contains treatment or outcome discussion | News or reporting publication structure | No validated research indicators | Publication classified as news article | Intent selected by precedence","","","","","","","","","","unreviewed_machine_prelabel",""
"""""""G5dwlMKQrB8JCrFJKSPrXzUJJHE""""""","https://www.torontosuntimes.com/news/nykaa-strengthens-its-korean-beauty-portfolio-with-the-launch-of-viral-skincare-sensation-medicube20260220140701/","Toronto Sun Times","","","","Nykaa Strengthens Its Korean Beauty Portfolio with the Launch of Viral Skincare Sensation, medicube","... medicube, a brand that has redefined results-led skincare globally. Celebrated for its clinically proven formulations, medicube has set new ...","2026-02-20T04:21","Canada","online news","media","journalist","news_reporting","news_article","consumer_news","editorial","market_context","none","no","no","profile_supported_needs_review","","0.67","0.77","29","very_low","medium","medical_aesthetics_silver_v1","No meaningful commercial-intent signals detected | Contains treatment or outcome discussion | News or reporting publication structure | Research language appears without validated research-source metadata | Publication classified as news article | Intent selected by precedence","","","","","","","","","","unreviewed_machine_prelabel",""
"""""""EhA53NCpsv0lglgDv7INJtF4XR8""""""","https://ayushmanskin.wordpress.com/2026/03/19/best-skin-clinic-for-skin-treatment-in-delhi-ayushman-skin-cosmetology-centre/","wordpress.com","Ayushman Skin & Cosmetology","ayushman skin & cosmetology","","Best Skin Clinic for Skin Treatment in Delhi – Ayushman Skin & Cosmetology Centre","common. Choosing the right skin clinic is essential for safe, effective, and long-lasting results. If you are searching for the best skin clinic for skin treatment in Delhi, Ayushman Skin & Cosmetology Centre is a trusted destination known for advanced dermatology care,","2026-03-19T07:06","","blog","company","clinic","unknown","blog_post","clinic_marketing","commercial","noise_or_low_trust","none","yes","no","profile_supported_needs_review","","0.52","0.40","15","very_low","high","medical_aesthetics_silver_v1","Domain rule: wordpress.com | No meaningful commercial-intent signals detected | Publication type supports social or community conversation | Contains treatment or outcome discussion | Author metadata exists, but it does not establish a reliable voice category | No validated research indicators","","","","","","","","","","unreviewed_machine_prelabel",""
"""""""3gDzyS1SeA1_Xbzpma0QMII1D7M""""""","https://www.ludhiananewsmagazine.in/story/193718/sakose-joins-forces-with-nobel-laureate-professor-to-advance-scientific-innovation-and-set-a-germanstyle-petroleum-jelly-skincare-benchmark.html","Ludhiananewsmagazine","","","","Sakose Joins Forces with Nobel Laureate Professor to Advance Scientific Innovation and Set a German-Style Petroleum Jelly Skincare Benchmark","... -style petroleum jelly skincare specialist Sakose has officially entered into a strategic R&D partnership with Nobel laureate Professor ...","2026-03-02T12:01","India","online news","media","journalist","news_reporting","news_article","consumer_news","editorial","market_context","none","no","no","profile_supported_needs_review","","0.67","0.76","44","low","medium","medical_aesthetics_silver_v1","No meaningful commercial-intent signals detected | News or reporting publication structure | No validated research indicators | Publication classified as news article | Intent selected by precedence | Mapped from publication type: news_article","","","","","","","","","","unreviewed_machine_prelabel",""
"""""""yt-TOWGj4X-uEs""""""","https://www.youtube.com/watch?v=TOWGj4X-uEs","Youtube","Aesthetics of Fayetteville","","","Soft Refresh, Real Results | PRP Skin Rejuvenation✨","✨ Natural, subtle rejuvenation ✨ Today’s treatment focused on under-eyes and smile lines using PRP — harnessing your body’s own healing power to refresh and restore from within, without traditional filler. Why choose PRP? * Gradual improvement that still looks like you * A","2026-03-19T14:00","","social network","other","unknown","unknown","educational_video","unknown","unknown","noise_or_low_trust","none","no","no","theme_supported","regenerative_biology","0.43","0.24","40","low","high","medical_aesthetics_silver_v1","Domain rule: youtube.com | No meaningful commercial-intent signals detected | Publication type supports social or community conversation | Contains treatment or outcome discussion | Author metadata exists, but it does not establish a reliable voice category | No validated research indicators","","","","","","","","","","unreviewed_machine_prelabel",""
"""""""yt-PmMeOS-W7dU""""""","https://www.youtube.com/watch?v=PmMeOS-W7dU","Youtube","Shree Educational Hub","","","Shree Educational Hub I Podcast Episode 1 I Dr Deepak Soam (Dermatologist & Tricologist)","और ट्राइकोलॉजी के मशहूर एक्सपर्ट Dr. Deepak Soam sir (Dermatologist & Tricologist) से विस्तार से बातचीत की है। 26 Paradise park shobit university Modipuram District: Meerut Mobile number : +91 8791373729 RSD skin clinic Website : www.rsdskinclinc.com जानें एलर्जी के असली","2026-01-04T14:44","","social network","company","clinic","clinic_promotion","promotional_video","clinic_marketing","commercial","commercial_signal","none","yes","no","theme_supported","provider_led_trust","0.71","0.75","15","very_low","medium","medical_aesthetics_silver_v1","Domain rule: youtube.com | No meaningful commercial-intent signals detected | Publication type supports social or community conversation | Contains first-person language | Contains treatment or outcome discussion | Author metadata exists, but it does not establish a reliable voice category","","","","","","","","","","unreviewed_machine_prelabel",""
"""""""iRkA7ISNdi-qptFhvErOIgPakvc""""""","https://www.wxow.com/online_features/press_releases/revision-skincare-dej-daily-boosting-serum-wins-advanced-clinical-beauty-performance-category-at-the-2025/article_cbe0207f-e5d4-53df-a1d3-d931c03b1578.html","WXOW-TV","","","","Revision Skincare® DEJ Daily Boosting Serum™ Wins Advanced Clinical Beauty & Performance Category at the 2025-2026 Beauty & Longevity CHOICE Awards","... demand for longevity‑focused, clinically validated skincare solutions. About the Beauty & Longevity CHOICE Awards The Beauty & Longevity ...","2026-02-20T16:51","United States","online news","company","brand","brand_announcement","press_release","corporate_pr","commercial","commercial_signal","none","yes","no","profile_supported_needs_review","","0.78","0.83","19","very_low","low","medical_aesthetics_silver_v1","Domain rule: URL press-release path | No meaningful commercial-intent signals detected | Contains treatment or outcome discussion | Publication is classified as a press release | No validated research indicators | Press release establishes announcement intent","","","","","","","","","","unreviewed_machine_prelabel",""
"""""""sY8fcf4h3sop3hMbIQM-501yZr4""""""","https://ie.pinterest.com/pin/336995984640784890/","Pinterest","Amanda Ratych","aratych","","Looking to improve the appearance of scars naturally? These luxury carrier oils and resins are known for supporting skin regeneration, barrier repair, and improved texture. Learn why rosehip, tamanu, frankincense, myrrh, and helichrysum are trusted in high-end clean beauty routines for scar care and skin healing. Save this guide for luxury skincare education.","resins are known for supporting skin regeneration, barrier repair, and improved texture. Learn why rosehip, tamanu, frankincense, myrrh, and helichrysum are trusted in high-end clean beauty routines for scar care and skin healing. Save this guide for luxury skincare education.","2026-06-11T06:25","Canada","social network","other","unknown","unknown","social_post","unknown","unknown","noise_or_low_trust","none","no","no","theme_supported","skin_quality_over_volume","0.33","0.19","26","very_low","high","medical_aesthetics_silver_v1","No meaningful commercial-intent signals detected | Publication type supports social or community conversation | Author metadata exists, but it does not establish a reliable voice category | No validated research indicators | Provider identity signal: rn | No intent candidate satisfied eligibility requirements","","","","","","","","","","unreviewed_machine_prelabel",""
"""""""Ffb_6Oh-uMeZBT0-e8Wl44YrzEU""""""","https://smb.poplarvilledemocrat.com/article/Moxie-Helps-Aesthetic-Providers-Reclaim-Clinical-Leadership-with-Treatment-Plans/6a2193cde80eb70d15dfa33f","Poplarville Democrat","","","","Moxie Helps Aesthetic Providers Reclaim Clinical Leadership with Treatment Plans","... , skincare, education, an artful eye for aesthetics, and an advanced practice education to educate clients on aging prevention and ...","2026-06-04T11:00","United States","online news","media","journalist","news_reporting","news_article","consumer_news","editorial","market_context","none","no","no","profile_supported_needs_review","","0.68","0.77","44","low","medium","medical_aesthetics_silver_v1","No meaningful commercial-intent signals detected | Contains treatment or outcome discussion | News or reporting publication structure | No validated research indicators | Publication classified as news article | Intent selected by precedence","","","","","","","","","","unreviewed_machine_prelabel",""
"""""""dVXyMn6J6zMapENKXQp8Lvg2Juk""""""","https://smb.farmvilleherald.com/article/ANUA-SPOTLIGHTS-ITS-NEWEST-PDRN-PRODUCT-INNOVATION-WITH-LAUNCH-EVENT-IN-NEW-YORK-CITY?storyId=69890005c8b155128b4171eb","The Farmville Herald","","","","ANUA SPOTLIGHTS ITS NEWEST PDRN PRODUCT INNOVATION WITH LAUNCH EVENT IN NEW YORK CITY","Anua's PDRN Collagen Glow Facial Serum Spray , the newest innovation within the brand's growing PDRN collection. Already recognized in ...","2026-02-08T16:28","United States","online news","media","journalist","news_reporting","news_article","consumer_news","editorial","market_context","none","no","no","theme_supported","collagen_biostimulation|regenerative_biology","0.67","0.76","44","low","medium","medical_aesthetics_silver_v1","No meaningful commercial-intent signals detected | News or reporting publication structure | No validated research indicators | Publication classified as news article | Intent selected by precedence | Mapped from publication type: news_article","","","","","","","","","","unreviewed_machine_prelabel",""
"""""""1_uWqWL8n6StT4CHiPWWgR1oyTY""""""","http://finance.minyanville.com/minyanville/article/marketersmedia-2026-3-9-korean-prp-and-prf-treatments-for-indonesian-medical-tourists-guide-published","Minyanville","","","","Korean PRP & PRF Treatments For Indonesian Medical Tourists: Guide Published","... for evidence-based information about regenerative aesthetic procedures that combine clinical efficacy with cost accessibility. More ...","2026-03-09T12:46","United States","online news","media","journalist","news_reporting","news_article","consumer_news","editorial","market_context","none","no","no","theme_supported","regenerative_biology","0.68","0.77","44","low","medium","medical_aesthetics_silver_v1","No meaningful commercial-intent signals detected | Contains treatment or outcome discussion | News or reporting publication structure | No validated research indicators | Publication classified as news article | Intent selected by precedence","","","","","","","","","","unreviewed_machine_prelabel",""
"""""""nwPjayQAEP4_IEGaJRPu2sOfUzE""""""","https://www.wboy.com/business/press-releases/cision/20260605CN76057/aphranel-marks-first-anniversary-with-eu-mdr-certification-arc-launch-and-over-150000-syringes-delivered/","WBOY-TV","","","","Aphranel® Marks First Anniversary with EU MDR Certification, Arc™ Launch, and Over 150,000 Syringes Delivered","... 's vision through facial contouring and regenerative aesthetics. A multidisciplinary roundtable examined biomaterial innovation, ...","2026-06-05T01:20","United States","online news","company","brand","brand_announcement","press_release","corporate_pr","commercial","commercial_signal","none","yes","no","theme_supported","regenerative_biology","0.77","0.83","19","very_low","low","medical_aesthetics_silver_v1","Domain rule: URL press-release path | No meaningful commercial-intent signals detected | Publication is classified as a press release | No validated research indicators | Press release establishes announcement intent | Intent selected by semantic_override","","","","","","","","","","unreviewed_machine_prelabel",""
"""""""yt-MMl76tTjUlA""""""","https://www.youtube.com/watch?v=MMl76tTjUlA","Youtube","Pure Radiance MedSpa & Wellness","","","Botox Isn’t the Answer for Everything (Especially Skin Laxity)","what will truly deliver results. 📍 4830 Rusina Rd., Ste. C, Colorado Springs, CO 80907 🌐 pureradiancemedspas.com #SkinLaxity #BeyondBotox #Biostimulators #LaserTreatment #CollagenBoost #AestheticMedicine #PersonalizedSkincare #SkinTightening #NaturalResults #ColoradoMedSpa","2026-05-04T20:00","","social network","company","clinic","clinic_promotion","promotional_video","clinic_marketing","commercial","commercial_signal","none","yes","no","theme_supported","collagen_biostimulation","0.69","0.73","15","very_low","medium","medical_aesthetics_silver_v1","Domain rule: youtube.com | No meaningful commercial-intent signals detected | Publication type supports social or community conversation | Contains treatment or outcome discussion | Author metadata exists, but it does not establish a reliable voice category | No validated research indicators","","","","","","","","","","unreviewed_machine_prelabel",""
"""""""yt-NdwzD1vbtrw""""""","https://www.youtube.com/watch?v=NdwzD1vbtrw","Youtube","SCULPT AESTHETICS HYDERABAD","","","What Are Skin Boosters? Hyaluronic Acid, Exosomes & Salmon DNA Explained |Skin Boosters",", delivering intense hydration and regenerative actives like Salmon DNA and Exosomes to improve skin quality over time. Think of skin boosters as a long-term multivitamin for your skin—subtle, effective, and backed by science. 💉✨ Why Skin Boosters? 💧 Deep hydration for a","2026-01-30T02:29","","social network","provider_hcp","provider","provider_education","educational_video","provider_conversation","professional","professional_interpretation","none","no","no","theme_supported","skin_quality_over_volume|regenerative_biology","0.72","0.79","96","very_high","medium","medical_aesthetics_silver_v1","Domain rule: youtube.com | No meaningful commercial-intent signals detected | Publication type supports social or community conversation | Author metadata exists, but it does not establish a reliable voice category | No validated research indicators | Provider identity signal: do","","","","","","","","","","unreviewed_machine_prelabel",""
"""""""yt-T4fQT5r5kR0""""""","https://www.youtube.com/watch?v=T4fQT5r5kR0","Youtube","Dermatology Education Foundation","","","PsO Now What? Case-based Treatment Selection for Psoriasis","MPAS, PA-C discuss case presentations. Plus, an update on PRP from Gilly Munivalli, MD and rosacea tips from Wendy Cantrell, DNP, CRNP. Like what you're hearing? Want to learn more about the Dermatology Education Foundation? Explore assets and resources on our website (https:","2026-04-27T10:19","","social network","company","clinic","clinic_promotion","promotional_video","clinic_marketing","commercial","commercial_signal","low","yes","no","theme_supported","regenerative_biology","0.73","0.68","13","very_low","medium","medical_aesthetics_silver_v1","Domain rule: youtube.com | Possible commercial phrase: learn more | Publication type supports social or community conversation | Contains first-person language | Contains treatment or outcome discussion | Author or source metadata indicates a clinic account","","","","","","","","","","unreviewed_machine_prelabel",""
"""""""1771836275000_rEyuGsjy7pIcGBYss2gZhoOeAXYA""""""","https://twitter.com/KoOKKikkk___/statuses/2025854289261043823","Twitter","Nattawat2people​ 🍑🌻","@kookkikkk___","","","#SKINTIFICTH #SKTTH #SKINTIFICPDRN #มอยส์ผิวเบบี้ #SKINTIFICXFOURT #Fourthnattawat #โฟร์ทณัฐวรรธน์ 💖 SKINTIFIC PDRN — The Most Innovative Moisturizer with Clinical Results 🔬✨ SKINTIFIC PDRN Bright & Smooth Moisture Gel ที่สุดของมอยเจอร์ไรเซอร์จาก SKINTIFIC ที่ผ่านการทดสอบแล้ว","2026-02-23T03:44","","social network","provider_hcp","provider","unknown","social_repost","provider_conversation","professional","noise_or_low_trust","none","no","yes","theme_supported","regenerative_biology","0.61","0.57","97","very_high","high","medical_aesthetics_silver_v1","Domain rule: twitter.com | No meaningful commercial-intent signals detected | Publication type supports social or community conversation | Contains treatment or outcome discussion | Author metadata exists, but it does not establish a reliable voice category | No validated research indicators","","","","","","","","","","unreviewed_machine_prelabel",""
"""""""8pLLtT2Ze3xdCogkEMm9QIkD9sQ""""""","https://ie.pinterest.com/pin/66568900739690576/","Pinterest","Nicole Guzman","nicolemguzman","","Struggling to turn followers into paying clients? These three powerful med spa marketing videos are exactly what your practice needs to build trust and get booked. Whether you're new to content or stuck on what to film, this guide breaks it all down. Includes bonus SEO tips and trending treatments like medical tape for wrinkles and salmon sperm facials. Tap to read the full blog post now.","med spa marketing videos are exactly what your practice needs to build trust and get booked. Whether you're new to content or stuck on what to film, this guide breaks it all down. Includes bonus SEO tips and trending treatments like medical tape for wrinkles and salmon sperm","2026-02-23T08:24","","social network","provider_hcp","provider","unknown","social_post","provider_conversation","professional","noise_or_low_trust","none","no","no","profile_supported_needs_review","","0.38","0.28","78","high","high","medical_aesthetics_silver_v1","No meaningful commercial-intent signals detected | Publication type supports social or community conversation | Contains treatment or outcome discussion | Author metadata exists, but it does not establish a reliable voice category | No validated research indicators | Provider identity signal: do","","","","","","","","","","unreviewed_machine_prelabel",""
"""""""M2-gL9wrQJYGVOBwnoguKy2NiXA""""""","https://smartsbusinesswire.com/article/889897874-global-healing-skin-care-products-market-intelligence-report-technology-shifts-demand-dynamics-investment-outlook","Smarts Business Wire","","","","Global Healing Skin Care Products Market Intelligence Report: Technology Shifts, Demand Dynamics & Investment Outlook","Healing Skin Care Products Market set for steady growth as demand rises for dermatologically tested, soothing formulations driven by ...","2026-02-06T04:40","United States","online news","company","brand","brand_announcement","press_release","corporate_pr","commercial","commercial_signal","none","yes","no","profile_supported_needs_review","","0.73","0.85","4","very_low","medium","medical_aesthetics_silver_v1","No meaningful commercial-intent signals detected | Publication is classified as a press release | No validated research indicators | Brand signal: global | Press release establishes announcement intent | Intent selected by semantic_override","","","","","","","","","","unreviewed_machine_prelabel",""
"""""""4205b371114dd7b03300a27275e88bffb202e0db""""""","https://www.realself.com/dr/philip-k-robb-alpharetta-ga","Product Review","Darmst","","","","in good hands! A big shout out to Sonia, an aesthetician in Dr Robb’s practice. Her professionalism and expertise in skin care and esthetic procedures are above and beyond! Today I had my first of 3 series of micro-needling with exosomes! I highly recommend Dr Robb’s practice and","2026-02-12T07:42","United States","reviews","patient","patient","community_discussion","community_review","patient_conversation","lived_experience","community_signal","none","no","no","theme_supported","regenerative_biology","0.71","0.73","96","very_high","medium","medical_aesthetics_silver_v1","No meaningful commercial-intent signals detected | Publication type supports social or community conversation | Contains first-person language | Contains lived-experience language | Contains treatment or outcome discussion | Meets threshold for authentic social conversation","","","","","","","","","","unreviewed_machine_prelabel",""
"""""""yt-8oA93r94s6o""""""","https://www.youtube.com/watch?v=8oA93r94s6o","Youtube","Sumitra Healthcare Clinic & Derma Aesthetics","","","HydraFacial Results After 1 Session | Instant Glow Treatment in Thane #drpratikshakhade #thane","Clinic & Derma Aesthetics — where skin, hair, and wellness meet expert care! Led by Dr. Pratiksha Khade, our clinic offers advanced dermatology and aesthetic treatments designed to help you achieve healthy, glowing skin and confident hair. From acne, pigmentation, and anti-aging","2026-01-06T01:26","","social network","company","clinic","clinic_promotion","promotional_video","clinic_marketing","commercial","commercial_signal","none","yes","no","profile_supported_needs_review","","0.72","0.75","15","very_low","medium","medical_aesthetics_silver_v1","Domain rule: youtube.com | No meaningful commercial-intent signals detected | Publication type supports social or community conversation | Contains first-person language | Contains treatment or outcome discussion | Author metadata exists, but it does not establish a reliable voice category","","","","","","","","","","unreviewed_machine_prelabel",""
"""""""1771843920000_5C5qv5xTzaCfzFxNr_3CDYIk98wA""""""","https://twitter.com/m_a_t__27/statuses/2025886354215964899","Twitter","sunshine97☀️","@m_a_t__27","","","#SKTTH #SKINTIFICPDRN #มอยส์ผิวเบบี้ #SKINTIFICXFOURT #Fourthnattawat #โฟร์ทณัฐวรรธน์ @tawattannn 💖 SKINTIFIC PDRN — The Most Innovative Moisturizer with Clinical Results 🔬✨ SKINTIFIC PDRN Bright & Smooth Moisture Gel ที่สุดของมอยเจอร์ไรเซอร์จาก SKINTIFIC ที่ผ่านการทดสอบแล้วว่า","2026-02-23T05:52","","social network","provider_hcp","provider","unknown","social_repost","provider_conversation","professional","noise_or_low_trust","none","no","yes","theme_supported","regenerative_biology","0.61","0.57","97","very_high","high","medical_aesthetics_silver_v1","Domain rule: twitter.com | No meaningful commercial-intent signals detected | Publication type supports social or community conversation | Contains treatment or outcome discussion | Author metadata exists, but it does not establish a reliable voice category | No validated research indicators","","","","","","","","","","unreviewed_machine_prelabel",""
"""""""yt-o5Ui1YTQZLc""""""","https://www.youtube.com/watch?v=o5Ui1YTQZLc","Youtube","First Medical Center","","","Sculptra for Wrinkles & Fine Lines | سكولبترا للتجاعيد والخطوط الدقيقة | First Medical Center Dubai","Aesthetic Clinic in Dubai 💥 Sculptra Collagen Booster – Special Anniversary Offer: 1499 AED ✨ Benefits: ✅ Stimulates natural collagen production ✅ Restores facial volume gradually & naturally ✅ Improves skin firmness & elasticity ✅ Smooths fine lines & wrinkles ✅ Enhances facial","2026-01-25T07:20","","social network","company","clinic","clinic_promotion","promotional_video","clinic_marketing","commercial","commercial_signal","none","yes","no","theme_supported","skin_quality_over_volume|collagen_biostimulation","0.70","0.74","15","very_low","medium","medical_aesthetics_silver_v1","Domain rule: youtube.com | No meaningful commercial-intent signals detected | Publication type supports social or community conversation | Contains treatment or outcome discussion | Author metadata exists, but it does not establish a reliable voice category | No validated research indicators","","","","","","","","","","unreviewed_machine_prelabel",""
"""""""3nyMPVCqj0Qg-ZghH9tXvu82Pes""""""","https://bambuup.com/news-by-prnewswire?rkey=20260323AE16393&filter=23620","BambuUP - Prnewswire","","","","Sisram Medical Reports Solid Growth in 2025","... medical aesthetics segment. Injectables Expanding Market Presence with Strong Growth Sisram continued to expand its injectables portfolio ...","2026-03-23T11:16","Vietnam","online news","company","brand","brand_announcement","press_release","corporate_pr","commercial","commercial_signal","none","yes","no","theme_supported","provider_led_trust","0.72","0.83","4","very_low","medium","medical_aesthetics_silver_v1","No meaningful commercial-intent signals detected | Contains treatment or outcome discussion | Publication is classified as a press release | No validated research indicators | Press release establishes announcement intent | Intent selected by semantic_override","","","","","","","","","","unreviewed_machine_prelabel",""
"""""""1771843040000_T4jxZztiNZGsXXtCihaKti_BNkYA""""""","https://twitter.com/SaeMaryam78061/statuses/2025882662251176301","Twitter","Maryam Sae","@saemaryam78061","","","#SKTTH #SKINTIFICPDRN #มอยส์ผิวเบบี้ #SKINTIFICXFOURT #Fourthnattawat #โฟร์ทณัฐวรรธน์ @tawattannn 💖 SKINTIFIC PDRN — The Most Innovative Moisturizer with Clinical Results 🔬✨ SKINTIFIC PDRN Bright & Smooth Moisture Gel ที่สุดของมอยเจอร์ไรเซอร์จาก SKINTIFIC ที่ผ่านการทดสอบแล้วว่า","2026-02-23T05:37","","social network","provider_hcp","provider","unknown","social_repost","provider_conversation","professional","noise_or_low_trust","none","no","yes","theme_supported","regenerative_biology","0.61","0.57","97","very_high","high","medical_aesthetics_silver_v1","Domain rule: twitter.com | No meaningful commercial-intent signals detected | Publication type supports social or community conversation | Contains treatment or outcome discussion | Author metadata exists, but it does not establish a reliable voice category | No validated research indicators","","","","","","","","","","unreviewed_machine_prelabel",""
"""""""1770636049000_znuQNixk9nZNR1LufdnlYn64BPQA""""""","https://twitter.com/TwimgL22098/statuses/2020820173729501620","Twitter","Twimg Ribas Lamon","@twimgl22098","","","Skin longevity replacing anti-aging feels emotionally healthier.","2026-02-09T06:20","","social network","provider_hcp","provider","thought_leadership","provider_social_post","provider_conversation","professional","professional_interpretation","none","no","no","profile_supported_needs_review","","0.66","0.67","96","very_high","medium","medical_aesthetics_silver_v1","Domain rule: twitter.com | No meaningful commercial-intent signals detected | Publication type supports social or community conversation | Author metadata exists, but it does not establish a reliable voice category | No validated research indicators | Provider identity signal: do","","","","","","","","","","unreviewed_machine_prelabel",""
"""""""RuLeTq48rJgSoFdgm7vLLs8QIlY""""""","https://www.businesspostexaminer.com/article/916741037-jasi-skin-wellness-med-spa-brings-skin-of-color-expertise-to-las-vegas-aesthetic-market","Business Post Examiner","","","","JASI Skin + Wellness Med Spa Brings Skin-of-Color Expertise to Las Vegas Aesthetic Market","About JASI Skin + Wellness Med Spa JASI Skin + Wellness Med Spa is an aesthetic medicine and wellness practice founded by Ginille Brown, NP ...","2026-06-02T05:01","United States","online news","media","journalist","news_reporting","news_article","consumer_news","editorial","market_context","none","no","no","theme_supported","provider_led_trust","0.67","0.76","44","low","medium","medical_aesthetics_silver_v1","No meaningful commercial-intent signals detected | News or reporting publication structure | No validated research indicators | Publication classified as news article | Intent selected by precedence | Mapped from publication type: news_article","","","","","","","","","","unreviewed_machine_prelabel",""
"""""""zkLfZrXP4c2j7p62asMB238Cuxs""""""","https://finance.yahoo.com/news/sofwave-medical-reports-fourth-quarter-123000127.html","Yahoo! Finance","","","","Sofwave Medical Reports Fourth Quarter and Full Year 2025 Financial Results and Achieves Full-Year Profitability","... on delivering sustainable, innovative, non-invasive regenerative aesthetic solutions, like Pure Impact VIP™, our next-generation ...","2026-03-17T08:30","United States","online news","media","journalist","news_reporting","news_article","consumer_news","editorial","market_context","none","no","no","profile_supported_needs_review","","0.68","0.77","44","low","medium","medical_aesthetics_silver_v1","No meaningful commercial-intent signals detected | Contains first-person language | Contains treatment or outcome discussion | News or reporting publication structure | No validated research indicators | Publication classified as news article","","","","","","","","","","unreviewed_machine_prelabel",""
"""""""dNyB043dH67qZBatT6_VNK5oL3c""""""","https://news.southcarolina-magazine.com/story/614519/aromatica-targets-global-kderma-market-with-new-azelaic-pdrn-serum.html","Southcarolina Magazine","","","","AROMATICA Targets Global K-Derma Market with New ‘Azelaic + PDRN’ Serum","Acid with plant-based Tea Tree PDRN, targeting the global shift toward ingredient-focused skincare. The new serum is a high-performance ...","2026-05-23T23:05","United States","online news","media","journalist","news_reporting","news_article","consumer_news","editorial","market_context","none","no","no","theme_supported","regenerative_biology","0.67","0.76","44","low","medium","medical_aesthetics_silver_v1","No meaningful commercial-intent signals detected | News or reporting publication structure | No validated research indicators | Publication classified as news article | Intent selected by precedence | Mapped from publication type: news_article","","","","","","","","","","unreviewed_machine_prelabel",""
"""""""3dMA0tAhzCfa4-tIJla0Gdc1DEk""""""","https://www.marcomworld.com/article/916741037-jasi-skin-wellness-med-spa-brings-skin-of-color-expertise-to-las-vegas-aesthetic-market","MarCom World","","","","JASI Skin + Wellness Med Spa Brings Skin-of-Color Expertise to Las Vegas Aesthetic Market","About JASI Skin + Wellness Med Spa JASI Skin + Wellness Med Spa is an aesthetic medicine and wellness practice founded by Ginille Brown, NP ...","2026-06-02T05:26","United States","online news","media","journalist","news_reporting","news_article","consumer_news","editorial","market_context","none","no","no","theme_supported","provider_led_trust","0.67","0.76","44","low","medium","medical_aesthetics_silver_v1","No meaningful commercial-intent signals detected | News or reporting publication structure | No validated research indicators | Publication classified as news article | Intent selected by precedence | Mapped from publication type: news_article","","","","","","","","","","unreviewed_machine_prelabel",""
"""""""tiktok_7594350174160358687""""""","https://www.tiktok.com/@jennifer_may833/video/7594350174160358687?utm_campaign=tt4d_open_api&utm_source=mapi","Tiktok","jennifer_may833","jennifer_may833","","","My skincare for tonight! My cosrx 6 peptide skin booster serum is almost empty! @Bubble Skincare @Thayers @Good Molecules @COSRX US @SHISEIDO","2026-01-12T00:57","","social network","provider_hcp","provider","unknown","social_post","provider_conversation","professional","noise_or_low_trust","none","no","no","theme_supported","skin_quality_over_volume","0.43","0.25","97","very_high","high","medical_aesthetics_silver_v1","Domain rule: tiktok.com | No meaningful commercial-intent signals detected | Publication type supports social or community conversation | Contains first-person language | Author metadata exists, but it does not establish a reliable voice category | No validated research indicators","","","","","","","","","","unreviewed_machine_prelabel",""
"""""""oqu3GuD-wDPL3SOsFp25Vu9dPhU""""""","https://indoinquirer.com/news/techdriven-nonsurgical-enhancements-expand-patient-choices-at-pincus-plastic-surgery/551178","Indo Inquirer","","","","Tech-Driven Non-Surgical Enhancements Expand Patient Choices at Pincus Plastic Surgery","Preventative Aesthetic Treatments Dr. Pincus has also noticed a significant increase in patients seeking preventative care earlier than ...","2026-06-03T19:59","Indonesia","online news","media","journalist","news_reporting","news_article","consumer_news","editorial","market_context","none","no","no","theme_supported","preventative_aesthetics","0.66","0.75","44","low","medium","medical_aesthetics_silver_v1","No meaningful commercial-intent signals detected | Contains treatment or outcome discussion | News or reporting publication structure | No validated research indicators | Publication classified as news article | Intent selected by precedence","","","","","","","","","","unreviewed_machine_prelabel",""
"""""""FTWkKjKWindp34Hh9Ygo_wD0UM0""""""","https://smb.kenbridgevictoriadispatch.com/article/Glamory-MicroLift-2026-Claims-Examined-Pricing-Verified-andamp-What-Consumers-Should-Confirm-Before-Buying?storyId=69fce7e6d56b553ce63b470f","The Kenbridge Victoria Dispatch","","","","Glamory MicroLift 2026: Claims Examined, Pricing Verified & What Consumers Should Confirm Before Buying","""... reasons for it. The """"dupe clinic treatment"""" moment is here. There's been a significant cultural shift in beauty around the idea that you ...""","2026-05-07T12:59","United States","online news","media","journalist","news_reporting","news_article","consumer_news","editorial","market_context","none","no","no","profile_supported_needs_review","","0.68","0.77","44","low","medium","medical_aesthetics_silver_v1","No meaningful commercial-intent signals detected | Contains treatment or outcome discussion | News or reporting publication structure | No validated research indicators | Publication classified as news article | Intent selected by precedence","","","","","","","","","","unreviewed_machine_prelabel",""
"""""""iNcqD7axuB8rlju2vpapRA61dp0""""""","https://www.islandernews.com/online_features/press_releases/the-collagen-blueprint-why-beaconsfield-s-elite-are-swapping-fillers-for-advanced-microneedling/article_36e85c91-2a6a-5dcd-997a-ef797a4d082c.html","The Islander News","","","","The Collagen Blueprint: Why Beaconsfield’s Elite are Swapping Fillers for Advanced Microneedling","... micro-injuries. Results develop gradually, improving skin texture and volume over time while supporting natural-looking outcomes and ...","2026-06-01T21:55","United States","online news","company","brand","brand_announcement","press_release","corporate_pr","commercial","commercial_signal","none","yes","no","theme_supported","natural_results|skin_quality_over_volume|collagen_biostimulation","0.79","0.84","19","very_low","low","medical_aesthetics_silver_v1","Domain rule: URL press-release path | No meaningful commercial-intent signals detected | Contains treatment or outcome discussion | Publication is classified as a press release | No validated research indicators | Press release establishes announcement intent","","","","","","","","","","unreviewed_machine_prelabel",""
"""""""fU74mqp79_kxwRPG3d8V5O5KIp8""""""","https://lifestyle.us-az-culturalfoundation.com/story/84447/from-ivf-science-to-skin-longevity-av-laboratories-translates-biotechnology-into-breakthrough-skincare/","Cultural Foundation","","","","From IVF Science to Skin Longevity: AV Laboratories Translates Biotechnology into Breakthrough Skincare","... the future of skincare by translating decades of advanced biotechnology research into clinically driven formulations designed for everyday ...","2026-04-21T18:32","United States","online news","media","journalist","news_reporting","news_article","consumer_news","editorial","market_context","none","no","no","profile_supported_needs_review","","0.67","0.76","44","low","medium","medical_aesthetics_silver_v1","No meaningful commercial-intent signals detected | Contains treatment or outcome discussion | News or reporting publication structure | No validated research indicators | Publication classified as news article | Intent selected by precedence","","","","","","","","","","unreviewed_machine_prelabel",""
"""""""RuGYwS7O03VJfD1Iy8J3tlLVwi4""""""","https://business.starkvilledailynews.com/starkvilledailynews/article/pressadvantage-2026-2-6-perfect-esthetics-addresses-growing-trends-in-aesthetic-medicine-with-advanced-non-surgical-solutions","Starkville Daily News - FinancialContent","","","","Perfect Esthetics Addresses Growing Trends in Aesthetic Medicine with Advanced Non-Surgical Solutions","... loss to skin texture improvement. Particularly noteworthy is the clinic's implementation of Sylfirm X radiofrequency technology and ...","2026-02-05T19:03","United States","online news","media","journalist","news_reporting","news_article","consumer_news","editorial","market_context","none","no","no","theme_supported","skin_quality_over_volume|provider_led_trust","0.68","0.77","44","low","medium","medical_aesthetics_silver_v1","No meaningful commercial-intent signals detected | Contains treatment or outcome discussion | News or reporting publication structure | No validated research indicators | Publication classified as news article | Intent selected by precedence","","","","","","","","","","unreviewed_machine_prelabel",""
"""""""JTYYWiu7AL-f1kpt_U3G3n0zU0w""""""","https://www.ledger-enquirer.com/living/article314850879.html","Ledger-Enquirer","Emily Laurence","","","Are Red Light Therapy Masks Worth It? My Honest Thoughts After Trying It for 30 Days","""... and aid in cellular repair, which can improve overall skin quality, tone and radiance over time,"""" explains Maegan Griffin, NP , a nurse ...""","2026-02-26T12:45","United States","online news","media","journalist","news_reporting","news_article","consumer_news","editorial","market_context","none","no","no","theme_supported","skin_quality_over_volume|regenerative_biology","0.68","0.76","44","low","medium","medical_aesthetics_silver_v1","No meaningful commercial-intent signals detected | Contains first-person language | Contains community-question or discussion language | Contains treatment or outcome discussion | News or reporting publication structure | No validated research indicators","","","","","","","","","","unreviewed_machine_prelabel",""
"""""""I4Sj6EXV9FHWR3jzJsLjxyKvO14""""""","https://www.worldadvertisingreport.com/article/911174667-glamory-microlift-2026-claims-examined-pricing-verified-what-consumers-should-confirm-before-buying","World Advertising Report","","","","Glamory MicroLift 2026: Claims Examined, Pricing Verified & What Consumers Should Confirm Before Buying","""... reasons for it. The """"dupe clinic treatment"""" moment is here. There's been a significant cultural shift in beauty around the idea that you ...""","2026-05-07T18:17","United States","online news","media","journalist","news_reporting","news_article","consumer_news","editorial","market_context","none","no","no","profile_supported_needs_review","","0.68","0.77","44","low","medium","medical_aesthetics_silver_v1","No meaningful commercial-intent signals detected | Contains treatment or outcome discussion | News or reporting publication structure | No validated research indicators | Publication classified as news article | Intent selected by precedence","","","","","","","","","","unreviewed_machine_prelabel",""
"""""""ljdwWU4wgly4HvpHNHxLIRD5mC8""""""","https://www.recorder.ca/newsfile/290671-seoulceuticals-publishes-first-official-pdrn-layering-protocol-citing-incorrect-application-as-the-1-reason-users-see-no-results?20260331","The Recorder & Times","","","","SeoulCeuticals Publishes First Official PDRN Layering Protocol, Citing Incorrect Application as the #1 Reason Users See No Results","... toner, PDRN serum on damp skin, optional additional serum after full PDRN absorption, and moisturizer. The retinol routine resolves the ...","2026-03-31T13:44","Canada","online news","media","journalist","news_reporting","news_article","consumer_news","editorial","market_context","none","no","no","theme_supported","regenerative_biology","0.68","0.77","44","low","medium","medical_aesthetics_silver_v1","No meaningful commercial-intent signals detected | Contains community-question or discussion language | Contains treatment or outcome discussion | News or reporting publication structure | No validated research indicators | Publication classified as news article","","","","","","","","","","unreviewed_machine_prelabel",""
"""""""zrO6Q_jWClOxhLFZwsop90HPwFw""""""","https://www.cosmopolitan.com/style-beauty/beauty/a71123263/international-beauty-editor-picks/","Cosmopolitan US","Lauren Balsamo","","","Cosmo’s First-Ever Global Beauty Issue Is Here—18 International Editors Share Their Must-Haves","... 962 Poison color that gives me such a natural, fresh look.” MAC Cosmetics Pro Locked Brow Gel $24 at MAC Cosmetics “I LIVE for the ...","2026-04-29T09:35","United States","online news","media","journalist","news_reporting","news_article","consumer_news","editorial","market_context","none","no","no","profile_supported_needs_review","","0.67","0.75","44","low","medium","medical_aesthetics_silver_v1","No meaningful commercial-intent signals detected | Contains first-person language | News or reporting publication structure | No validated research indicators | Publication classified as news article | Intent selected by precedence","","","","","","","","","","unreviewed_machine_prelabel",""
"""""""ixU0kxgseKXKKbPSYYsKmoVtRLA""""""","https://www.desertnews.com/online_features/press_releases/article_b719e1fa-7ea8-5ddf-86a6-e3bc6a4c240c.html","Mojave Desert News","","","","The Collagen Blueprint: Why Beaconsfield’s Elite are Swapping Fillers for Advanced Microneedling","... micro-injuries. Results develop gradually, improving skin texture and volume over time while supporting natural-looking outcomes and ...","2026-06-01T21:55","United States","online news","company","brand","brand_announcement","press_release","corporate_pr","commercial","commercial_signal","none","yes","no","theme_supported","natural_results|skin_quality_over_volume|collagen_biostimulation","0.79","0.84","19","very_low","low","medical_aesthetics_silver_v1","Domain rule: URL press-release path | No meaningful commercial-intent signals detected | Contains treatment or outcome discussion | Publication is classified as a press release | No validated research indicators | Press release establishes announcement intent","","","","","","","","","","unreviewed_machine_prelabel",""
"""""""yt-SwKUeR1JgtE""""""","https://www.youtube.com/watch?v=SwKUeR1JgtE","Youtube","Bella Viságe Medical & Aesthetic Rejuvenation","","","✨ Bella Glow Facial | Glo2Facial in Lakeland, FL ✨",". Bella Glow Facial Glo2Facial Glo2Facial Lakeland Bella Glow Lakeland Glo2 Facial results Glo2Facial before and after facial in Lakeland FL medical spa Lakeland Lakeland med spa Downtown Lakeland spa oxygen facial treatment hydrating facial Lakeland anti aging facial Florida","2026-02-17T07:03","","social network","company","clinic","clinic_promotion","promotional_video","clinic_marketing","commercial","commercial_signal","none","yes","no","profile_supported_needs_review","","0.71","0.75","15","very_low","medium","medical_aesthetics_silver_v1","Domain rule: youtube.com | No meaningful commercial-intent signals detected | Publication type supports social or community conversation | Contains community-question or discussion language | Contains treatment or outcome discussion | Author metadata exists, but it does not establish a reliable voice category","","","","","","","","","","unreviewed_machine_prelabel",""
"""""""9OqCEiQxwYxKsryW65Zn1l4wZAQ""""""","https://pr.westjordanjournal.com/article/Anathapindika-Healths-Detoxification-Supplements-Shine-as-Anti-Aging-Takes-the-Spotlight-in-2026?storyId=6985e6acc8b155128b416f25","West Jordan Journal","","","","Anathapindika Health’s Detoxification Supplements Shine as Anti-Aging Takes the Spotlight in 2026","... and youthful appearance. Advances in skincare, supplements, and cosmetic treatments are also driving higher adoption in North America.” ...","2026-02-06T08:39","United States","online news","media","journalist","news_reporting","news_article","consumer_news","editorial","market_context","none","no","no","profile_supported_needs_review","","0.66","0.75","44","low","medium","medical_aesthetics_silver_v1","No meaningful commercial-intent signals detected | Contains treatment or outcome discussion | News or reporting publication structure | No validated research indicators | Publication classified as news article | Intent selected by precedence","","","","","","","","","","unreviewed_machine_prelabel",""
"""""""TeKDKJeOCu3UdqLSMM8EO48S75g""""""","http://www.ishencheng.cn/zx/91520.html","申城网","","","","IMCAS 2026: Galderma Showcases the Latest Scientific Advances Behind the Industry’s Broadest Injectable Aesthetics Portfolio","Biostimulation: Sculptra’s innovative approach to regenerative aesthetics for the face and body backed by experts In response to patients ...","2026-01-22T07:14","China","online news","media","journalist","news_reporting","news_article","consumer_news","editorial","market_context","none","no","no","theme_supported","collagen_biostimulation|regenerative_biology","0.68","0.78","44","low","medium","medical_aesthetics_silver_v1","No meaningful commercial-intent signals detected | Contains treatment or outcome discussion | News or reporting publication structure | No validated research indicators | Publication classified as news article | Intent selected by precedence","","","","","","","","","","unreviewed_machine_prelabel",""
"""""""4vfX-s5JitnzO3Cfgzy1XLVVEaw""""""","https://pr.boreal.org/article/Anathapindika-Healths-Detoxification-Supplements-Shine-as-Anti-Aging-Takes-the-Spotlight-in-2026?storyId=6985e6acc8b155128b416f25","Boreal Community Media","","","","Anathapindika Health’s Detoxification Supplements Shine as Anti-Aging Takes the Spotlight in 2026","... and youthful appearance. Advances in skincare, supplements, and cosmetic treatments are also driving higher adoption in North America.” ...","2026-02-06T08:00","United States","online news","media","journalist","news_reporting","news_article","consumer_news","editorial","market_context","none","no","no","profile_supported_needs_review","","0.67","0.76","44","low","medium","medical_aesthetics_silver_v1","No meaningful commercial-intent signals detected | Contains treatment or outcome discussion | News or reporting publication structure | No validated research indicators | Publication classified as news article | Intent selected by precedence","","","","","","","","","","unreviewed_machine_prelabel",""
"""""""6sZKcM_1I_gM7YeyzgLk1wOx-88""""""","https://lifestyle.cosmeticsurgeryinsider.com/story/477047/revance-executives-to-present-at-imcas-world-congress-2026/","lifestyle.cosmeticsurgeryinsider.com","","","","Revance Executives to Present at IMCAS World Congress 2026","... 27, 2026 Jeff Bedard and Conor Gallagher to share insights on aesthetic and therapeutic innovation NASHVILLE, Tenn. , Jan. 27, 2026 / ...","2026-02-06T00:23","United States","online news","media","journalist","news_reporting","news_article","consumer_news","editorial","market_context","none","no","no","profile_supported_needs_review","","0.68","0.78","44","low","medium","medical_aesthetics_silver_v1","No meaningful commercial-intent signals detected | News or reporting publication structure | No validated research indicators | Publication classified as news article | Intent selected by precedence | Mapped from publication type: news_article","","","","","","","","","","unreviewed_machine_prelabel",""
"""""""yt-5nFgqgoub9w""""""","https://www.youtube.com/watch?v=5nFgqgoub9w","Youtube","DrLiv","","","Dermatologist recommends: 5 Foods & Supplements for clear Skin","too 🥬🫘⁠ ⁠ If you’re dealing with breakouts, try supporting your skin from within:⁠ ❕ Zinc⁠ ❕ Vitamin D⁠ ❕ Boswellia Extract⁠ ❕ Omega-3⁠ ❕ Probiotics⁠ ⁠ Read more about skin & diet in my book 'Skin Longevity' 🥰⁠ ⁠ #clearskin #skinlongevity #guthealth #skingutaxis #dermatologist","2026-04-27T05:35","Switzerland","social network","provider_hcp","provider","unknown","educational_video","provider_conversation","professional","noise_or_low_trust","none","no","no","theme_supported","provider_led_trust","0.43","0.25","97","very_high","high","medical_aesthetics_silver_v1","Domain rule: youtube.com | No meaningful commercial-intent signals detected | Publication type supports social or community conversation | Contains first-person language | Contains treatment or outcome discussion | Author metadata exists, but it does not establish a reliable voice category","","","","","","","","","","unreviewed_machine_prelabel",""
"""""""DtSvMEta-TXEIoQrOKgADCMAlCg""""""","https://okmagazine.com/p/chloe-fineman-botched-med-spa-saga/","OK! Magazine","","","","Chloe Fineman's 'Botched' Med Spa Saga: Shocking Before and After Photos","""... they'll be going ham at a med spa doing crazy s--- like laser stuff, salmon j---, sculptra plaster or whatever the h--- this was,"""" she ...""","2026-01-10T12:00","United States","online news","media","journalist","news_reporting","news_article","consumer_news","editorial","market_context","none","no","no","theme_supported","collagen_biostimulation","0.67","0.75","44","low","medium","medical_aesthetics_silver_v1","No meaningful commercial-intent signals detected | Contains community-question or discussion language | News or reporting publication structure | No validated research indicators | Publication classified as news article | Intent selected by precedence","","","","","","","","","","unreviewed_machine_prelabel",""
"""""""iYwzk9445Dzxu2IbS7zUcLdF-tU""""""","http://www.mediherald.com/news/articleView.html?idxno=88595","메디컬헤럴드","","","","시지바이오, 세계 최대 미용성형학회 'IMCAS 2026' 성료…'글로벌 의료진 대상 페이스템 임상 교육 운영' CaHA 콜라겐 스티뮬레이터 경쟁력 부각","... 피부 퀄리티(Skin Quality) 개선과 얼굴을 넘어 신체 부위 전반으로 확장되는 피부 재생 치료 접근을 제시했다. 아울러 행사 기간 동안 자사 에스테틱 제품을 중심으로 한 글로벌 의료진 대상 임상 교육 프로그램을 운영했다. CaHA 기반 ...","2026-02-11T20:26","South Korea","online news","media","journalist","news_reporting","news_article","consumer_news","editorial","market_context","none","no","no","theme_supported","skin_quality_over_volume","0.67","0.76","44","low","medium","medical_aesthetics_silver_v1","No meaningful commercial-intent signals detected | News or reporting publication structure | No validated research indicators | Publication classified as news article | Intent selected by precedence | Mapped from publication type: news_article","","","","","","","","","","unreviewed_machine_prelabel",""
"""""""oLPo3s0DhrFcLKA5i42UD2TmQFM""""""","https://www.tiktok.com/@win.tanaa/video/7627707765850492180?utm_campaign=tt4d_open_api&utm_source=mapi","Tiktok","win.tanaa","win.tanaa","","","let me put your guys onto my new skincare routine — these are all the products I got in south korea!!! 🫧🧴 cleanser @CeraVe toner: @MEDIHEAL - Phyto Enzyme Exfoliating Peeling Pad serum: tea tree calming hydra serum rejuran derma healer pore tightening ampoule retinol @COSRX","2026-04-11T23:22","","social network","patient","patient","personal_experience","testimonial_video","youtube_review","lived_experience","primary_experience","none","no","no","profile_supported_needs_review","","0.69","0.70","75","high","medium","medical_aesthetics_silver_v1","Domain rule: tiktok.com | No meaningful commercial-intent signals detected | Publication type supports social or community conversation | Contains first-person language | Author metadata exists, but it does not establish a reliable voice category | No validated research indicators","","","","","","","","","","unreviewed_machine_prelabel",""
"""""""yt-ZLyvWkLMfZ0""""""","https://www.youtube.com/watch?v=ZLyvWkLMfZ0","Youtube","Insights with Vince Nigro","","","Botox & Fillers: Your Questions Answered! #BotoxFillerFacts #YouthfulSkinTips","! She breaks down the difference between Botox (muscle relaxer for wrinkles) and fillers (volume boosters). Learn about exciting trends like PRP for natural skin rejuvenation! Thinking about trying injectables? Yara emphasizes choosing qualified pros and understanding realistic","2026-01-19T12:01","","social network","provider_hcp","provider","unknown","educational_video","provider_conversation","professional","noise_or_low_trust","none","no","no","theme_supported","regenerative_biology","0.46","0.30","97","very_high","high","medical_aesthetics_silver_v1","Domain rule: youtube.com | No meaningful commercial-intent signals detected | Publication type supports social or community conversation | Contains community-question or discussion language | Contains treatment or outcome discussion | Author metadata exists, but it does not establish a reliable voice category","","","","","","","","","","unreviewed_machine_prelabel",""
"""""""ehdFBVJe8vaOuD22BCMf154Rmf0""""""","https://travelstylo.com/news/600k-japanese-patients-seeking-premium-skin-rejuvenation-lydian-clinic-announce/549118","Travel Stylo","","","","600K Japanese Patients Seeking Premium Skin Rejuvenation: Lydian Clinic Announce","... dermatology market, stem cell and exosome therapies gaining traction, and a strong cultural pull toward Korean beauty innovation, Lydian ...","2026-05-19T00:59","Canada","online news","media","journalist","news_reporting","news_article","consumer_news","editorial","market_context","none","no","no","profile_supported_needs_review","","0.66","0.75","44","low","medium","medical_aesthetics_silver_v1","No meaningful commercial-intent signals detected | Contains treatment or outcome discussion | News or reporting publication structure | No validated research indicators | Publication classified as news article | Intent selected by precedence","","","","","","","","","","unreviewed_machine_prelabel",""
"""""""yt-QBKTCpoKntA""""""","https://www.youtube.com/watch?v=QBKTCpoKntA","Youtube","More Maria","","","TJ Maxx & Marshalls NEW FINDS 😱 Chantecaille, Fenty, NARS + Designer Bags & CLEARANCE HAUL!","from brands like Chantecaille, NARS, Too Faced, MAC, and Fenty Beauty 🤯 plus so much BareMinerals! There’s also so much new Korean skincare, trendy handbags from brands like Fendi-inspired styles and Kate Spade, plus cute footwear, clothing, and AMAZING clearance deals!! And","2026-04-03T17:10","","social network","other","unknown","unknown","educational_video","unknown","unknown","noise_or_low_trust","none","no","no","profile_supported_needs_review","","0.38","0.15","40","low","high","medical_aesthetics_silver_v1","Domain rule: youtube.com | No meaningful commercial-intent signals detected | Publication type supports social or community conversation | Contains first-person language | Author metadata exists, but it does not establish a reliable voice category | No validated research indicators","","","","","","","","","","unreviewed_machine_prelabel",""
"""""""yt-vKggO1jfCL8""""""","https://www.youtube.com/watch?v=vKggO1jfCL8","Youtube","Estetik International","","","BOTOX & FILLER Q&A Part 3 Dr. Yuşa ASLANDAĞ","on cloudy days and the blue light from our screens while exploring collagen-stimulating alternatives like Mesotherapy, PRP, and Exosomes for those seeking a filler-free approach. True skin quality is not just about protection; it is about activating your skin's own natural repair","2026-03-25T07:02","","social network","provider_hcp","provider","unknown","provider_social_post","provider_conversation","professional","noise_or_low_trust","none","no","no","theme_supported","skin_quality_over_volume|collagen_biostimulation|regenerative_biology","0.60","0.44","100","very_high","high","medical_aesthetics_silver_v1","Domain rule: youtube.com | No meaningful commercial-intent signals detected | Publication type supports social or community conversation | Contains first-person language | Contains treatment or outcome discussion | Author metadata contains a professional healthcare credential or role","","","","","","","","","","unreviewed_machine_prelabel",""
"""""""cB-nrPBvx_TmkciI5UM97ZGP1do""""""","https://smb.farmvilleherald.com/article/Perfect-Esthetics-Addresses-Growing-Trends-in-Aesthetic-Medicine-with-Advanced-Non-Surgical-Solutions?storyId=6985336a7101230002d0b1d6","The Farmville Herald","","","","Perfect Esthetics Addresses Growing Trends in Aesthetic Medicine with Advanced Non-Surgical Solutions","... loss to skin texture improvement. Particularly noteworthy is the clinic's implementation of Sylfirm X radiofrequency technology and ...","2026-02-05T19:18","United States","online news","media","journalist","news_reporting","news_article","consumer_news","editorial","market_context","none","no","no","theme_supported","skin_quality_over_volume|provider_led_trust","0.68","0.77","44","low","medium","medical_aesthetics_silver_v1","No meaningful commercial-intent signals detected | Contains treatment or outcome discussion | News or reporting publication structure | No validated research indicators | Publication classified as news article | Intent selected by precedence","","","","","","","","","","unreviewed_machine_prelabel",""
"""""""qVFSQ0m2KKJBV717yu0kk9FvlQM""""""","http://ashleybcm.blogspot.com/2026/02/2025-skincare-and-makeup-empties.html","Ash2theb","noreply@blogger.com (Ashley)","","","2025 Skincare and Makeup Empties","a couple a minutes and than go in with my second cleanse. Rejuran/PDRN is probably the best thing to happen to Eczema just based on it's anti-inflammatory and tissue-regenerating properties. If you like Hangbang skincare with Ginseng as a secondary ingredient but without the high","2026-02-05T14:56","","blog","patient","patient","community_discussion","blog_post","patient_conversation","lived_experience","community_signal","none","no","no","theme_supported","regenerative_biology","0.78","0.74","100","very_high","medium","medical_aesthetics_silver_v1","Domain rule: blogspot.com | No meaningful commercial-intent signals detected | Publication type supports social or community conversation | Contains first-person language | Contains lived-experience language | Meets threshold for authentic social conversation","","","","","","","","","","unreviewed_machine_prelabel",""
"""""""nBDOH1P8-Co11aZz01w87E9zKvY""""""","https://www.themarcomjournal.com/article/885442182-cosmetic-procedures-market-grows-at-4-6-cagr-through-2033-persistence-market-research","The MarCom Journal","","","","Cosmetic Procedures Market Grows at 4.6% CAGR Through 2033 | Persistence Market Research","... supported by high consumer spending, strong awareness of aesthetic treatments, and a well-established network of board-certified plastic ...","2026-01-22T18:13","United States","online news","media","journalist","news_reporting","news_article","consumer_news","editorial","market_context","none","no","no","profile_supported_needs_review","","0.66","0.74","44","low","medium","medical_aesthetics_silver_v1","No meaningful commercial-intent signals detected | Contains treatment or outcome discussion | News or reporting publication structure | No validated research indicators | Publication classified as news article | Intent selected by precedence","","","","","","","","","","unreviewed_machine_prelabel",""
"""""""yt-zyxSTvoP5Dk""""""","https://www.youtube.com/watch?v=zyxSTvoP5Dk","Youtube","Dr Anand Hair And Skin","","","Latest Psoriasis Treatment – Biologics Explained by Doctor | Dr Anand Hair And Skin","work • Who is eligible for biologic treatment • Benefits and side effects • Cost and safety in India 👨‍⚕️ Dr Anand – Dermatologist 🏥 Anand Skin and Hair International | Advanced Skin Care Center 📌 Don’t suffer silently. New science is changing psoriasis treatment. 👉 Book a","2026-01-28T04:22","","social network","company","clinic","clinic_promotion","promotional_video","clinic_marketing","commercial","commercial_signal","none","yes","no","theme_supported","provider_led_trust","0.69","0.71","15","very_low","medium","medical_aesthetics_silver_v1","Domain rule: youtube.com | No meaningful commercial-intent signals detected | Publication type supports social or community conversation | Contains treatment or outcome discussion | Author metadata exists, but it does not establish a reliable voice category | No validated research indicators","","","","","","","","","","unreviewed_machine_prelabel",""
"""""""YhbxfGLlp8jbjHufC8EsdsdeMMo""""""","https://www.viveretrentinoaltoadige.it/altrigiornali/1012/97246-2026","Trentino-Alto Adige","","","","Aphranel® Marks First Anniversary with EU MDR Certification, Arc™ Launch, and Over 150,000 Syringes Delivered","... 's vision through facial contouring and regenerative aesthetics. A multidisciplinary roundtable examined biomaterial innovation, ...","2026-06-05T03:00","Italy","online news","media","journalist","news_reporting","news_article","consumer_news","editorial","market_context","none","no","no","theme_supported","regenerative_biology","0.66","0.75","44","low","medium","medical_aesthetics_silver_v1","No meaningful commercial-intent signals detected | News or reporting publication structure | No validated research indicators | Publication classified as news article | Intent selected by precedence | Mapped from publication type: news_article","","","","","","","","","","unreviewed_machine_prelabel",""
"""""""_98evgiSRfla8hn3Yw4IwqLVBco""""""","https://ie.pinterest.com/pin/716846465731950803/","Pinterest","Khizh Yana","khizhyana","","Korean Anti-Aging Creams ✨ from barrier repair to real skin regeneration K-beauty anti-aging is not just about wrinkles — it’s about improving overall skin quality, resilience, and long-term health. Here are some standout creams, from gentle support to more advanced formulas: 👉🏻 Centellian24 Madeca Cream Time Reverse One of the most “derma-style” formulas in K-beauty. TECA + madecassoside help repair skin and support collagen → great balance of calming + firming. Retinol here doesn’t feel ...","Korean Anti-Aging Creams ✨ from barrier repair to real skin regeneration K-beauty anti-aging is not just about wrinkles — it’s about improving overall skin quality, resilience, and long-term health. Here are some standout creams, from gentle support to more advanced formulas:","2026-05-02T05:38","","social network","provider_hcp","provider","unknown","social_post","provider_conversation","professional","noise_or_low_trust","none","no","no","theme_supported","skin_quality_over_volume|collagen_biostimulation","0.36","0.25","78","high","high","medical_aesthetics_silver_v1","No meaningful commercial-intent signals detected | Publication type supports social or community conversation | Author metadata exists, but it does not establish a reliable voice category | No validated research indicators | Provider identity signal: do | Provider identity signal: rn","","","","","","","","","","unreviewed_machine_prelabel",""
"""""""1771567499000_SILhgi2mir-PVkOg_VKc-2OZP0MA""""""","https://twitter.com/grok/statuses/2024726958370660808","Twitter","Grok","@grok","","","These facial injections (human collagen, salmon sperm polynucleotides, stem cells) may boost collagen production, improve hydration, elasticity, and texture, reduce wrinkles, and aid skin regeneration. Results vary; potential risks include redness, swelling, or rare allergies.","2026-02-20T01:04","","social network","other","unknown","unknown","social_reply","unknown","unknown","noise_or_low_trust","none","no","no","theme_supported","skin_quality_over_volume|collagen_biostimulation|regenerative_biology","0.43","0.24","40","low","high","medical_aesthetics_silver_v1","Domain rule: twitter.com | No meaningful commercial-intent signals detected | Publication type supports social or community conversation | Contains treatment or outcome discussion | Author metadata exists, but it does not establish a reliable voice category | No validated research indicators","","","","","","","","","","unreviewed_machine_prelabel",""
"""""""zQYtWwVc4rWh71D3-izQDPSWHCw""""""","https://www.msn.com/en-us/health/other/kris-jenner-and-john-travolta-young-olds-in-their-70s-who-look-30-thanks-to-deep-facelifts-injections-and-vip-technology/ar-AA1U818P","MSN.com","Beatriz Miranda","","","Kris Jenner and John Travolta: 'young-olds' in their 70s who look 30 thanks to deep facelifts, injections, and VIP technology","... to proactively consider a medical-aesthetic approach that includes skin quality treatments and facial volume repositioning to prevent ...","2026-01-13T09:41","United States","online news","media","journalist","news_reporting","news_article","consumer_news","editorial","market_context","none","no","no","theme_supported","skin_quality_over_volume","0.68","0.77","44","low","medium","medical_aesthetics_silver_v1","No meaningful commercial-intent signals detected | Contains treatment or outcome discussion | News or reporting publication structure | No validated research indicators | Publication classified as news article | Intent selected by precedence","","","","","","","","","","unreviewed_machine_prelabel",""
"""""""QX04_pYghjh1Zke0PrcfPP5uKBA""""""","https://lexiegyua724696.digiblogbox.com/64611765/safety-and-compliance-in-red-light-therapy-masks-for-dermatology-practices","Takemyclass61594 Blog","","","","Safety and Compliance in Red Light Therapy Masks for Dermatology Practices","... Rejuvenation and Collagen Stimulation Benefits The appeal of red light therapy masks centers on their ability to deliver non-invasive skin ...","2026-03-06T11:05","United Kingdom","online news","media","journalist","news_reporting","news_article","consumer_news","editorial","market_context","none","no","no","theme_supported","collagen_biostimulation","0.67","0.76","44","low","medium","medical_aesthetics_silver_v1","No meaningful commercial-intent signals detected | Contains treatment or outcome discussion | News or reporting publication structure | No validated research indicators | Publication classified as news article | Intent selected by precedence","","","","","","","","","","unreviewed_machine_prelabel",""
"""""""1771821460000_0JPsKrVoF50ZBlmoaH7nn0zoo3QA""""""","https://twitter.com/supforfot/statuses/2025792148743061756","Twitter","ต้นไม้เป็นพืช","@supforfot","","","#SKINTIFICTH #SKTTH #SKINTIFICPDRN #มอยส์ผิวเบบี้ #SKINTIFICXFOURT #Fourthnattawat #โฟร์ทณัฐวรรธน์ 💖 SKINTIFIC PDRN — The Most Innovative Moisturizer with Clinical Results 🔬✨ SKINTIFIC PDRN Bright & Smooth Moisture Gel ที่สุดของมอยเจอร์ไรเซอร์จาก SKINTIFIC ที่ผ่านการทดสอบแล้ว","2026-02-22T23:37","Thailand","social network","provider_hcp","provider","unknown","social_repost","provider_conversation","professional","noise_or_low_trust","none","no","yes","theme_supported","regenerative_biology","0.61","0.57","97","very_high","high","medical_aesthetics_silver_v1","Domain rule: twitter.com | No meaningful commercial-intent signals detected | Publication type supports social or community conversation | Contains treatment or outcome discussion | Author metadata exists, but it does not establish a reliable voice category | No validated research indicators","","","","","","","","","","unreviewed_machine_prelabel",""
"""""""mNI9ZT3O9fjiBzMio4HFl1xzzGk""""""","https://ie.pinterest.com/pin/697917273549512704/","Pinterest","Вера","verysechkab","","PRF Microneedling, utilizing your body’s Platelet-Rich Fibrin, enhances the traditional microneedling process by combining it with natural growth factors. This advanced technique creates controlled micro-injuries on the skin’s surface, triggering the body’s natural healing response. The addition of PRF significantly boosts collagen and elastin production, leading to enhanced skin rejuvenation and structural improvement. Clinical studies support the efficacy of microneedling in improving the appearance of facial acne scars in individuals aged 22 and older and addressing neck wrinkles, with PRF further amplifying these results.","healing response. The addition of PRF significantly boosts collagen and elastin production, leading to enhanced skin rejuvenation and structural improvement. Clinical studies support the efficacy of microneedling in improving the appearance of facial acne scars in individuals","2026-05-28T10:48","","social network","other","unknown","unknown","social_post","unknown","unknown","noise_or_low_trust","none","no","no","theme_supported","collagen_biostimulation|regenerative_biology","0.36","0.24","27","very_low","high","medical_aesthetics_silver_v1","No meaningful commercial-intent signals detected | Publication type supports social or community conversation | Contains treatment or outcome discussion | Author metadata exists, but it does not establish a reliable voice category | No validated research indicators | Provider identity signal: rn","","","","","","","","","","unreviewed_machine_prelabel",""
"""""""yt-7T5kg0NTz5U""""""","https://www.youtube.com/watch?v=7T5kg0NTz5U","Youtube","BubuBeauty","","","BEST FACE MASKS of 2025 🔥 #bestskincare #bestof2025 #sheetmasks #favoritemask #kbeauty","mask, skincare favorites, best of 2025, end of the year skincare rating, skincare recommendations, beauty reviews, kbeauty, Korean skincare, skincare tips, beauty hacks, combo skin, sensitive skin, rosacea, glass skin, glowy skin, healthy skin, trending skincare, viral skincare,","2026-01-19T04:11","","social network","provider_hcp","provider","unknown","educational_video","provider_conversation","professional","noise_or_low_trust","none","no","no","theme_supported","skin_quality_over_volume|regenerative_biology","0.42","0.24","96","very_high","high","medical_aesthetics_silver_v1","Domain rule: youtube.com | No meaningful commercial-intent signals detected | Publication type supports social or community conversation | Author metadata exists, but it does not establish a reliable voice category | No validated research indicators | Provider identity signal: do","","","","","","","","","","unreviewed_machine_prelabel",""
"""""""yt-o0U0OfBmJDY""""""","https://www.youtube.com/watch?v=o0U0OfBmJDY","Youtube","Rivela Plastic Surgery","","","Microneedling + PRP = the ultimate glow-up combo!","✨ Microneedling + PRP = the ultimate glow-up combo! Adding PRP (your own platelet-rich plasma) supercharges your microneedling results by: - Boosting collagen production even more - Speeding up healing & recovery - Enhancing skin texture & tone - Maximizing that natural radiance","2026-02-06T12:40","","social network","company","clinic","clinic_promotion","promotional_video","clinic_marketing","commercial","commercial_signal","none","yes","no","theme_supported","skin_quality_over_volume|collagen_biostimulation|regenerative_biology","0.70","0.74","15","very_low","medium","medical_aesthetics_silver_v1","Domain rule: youtube.com | No meaningful commercial-intent signals detected | Publication type supports social or community conversation | Contains treatment or outcome discussion | Author metadata exists, but it does not establish a reliable voice category | No validated research indicators","","","","","","","","","","unreviewed_machine_prelabel",""
"""""""QsffblNDX03esJdZznsRy_0et9Y""""""","https://pr.bendbulletin.com/article/Glamory-MicroLift-2026-Claims-Examined-Pricing-Verified-andamp-What-Consumers-Should-Confirm-Before-Buying?storyId=69fce7e6d56b553ce63b470f","The Bulletin","","","","Glamory MicroLift 2026: Claims Examined, Pricing Verified & What Consumers Should Confirm Before Buying","""... reasons for it. The """"dupe clinic treatment"""" moment is here. There's been a significant cultural shift in beauty around the idea that you ...""","2026-05-07T15:26","United States","online news","media","journalist","news_reporting","news_article","consumer_news","editorial","market_context","none","no","no","profile_supported_needs_review","","0.68","0.77","44","low","medium","medical_aesthetics_silver_v1","No meaningful commercial-intent signals detected | Contains treatment or outcome discussion | News or reporting publication structure | No validated research indicators | Publication classified as news article | Intent selected by precedence","","","","","","","","","","unreviewed_machine_prelabel",""
"""""""OrMEasJpY-DRPn90_KfVnOkCx8Y""""""","https://pr.thembnews.com/article/PRP-vs-Microneedling-Comparing-Skin-Renewal-Options-with-Less-Downtime?storyId=6970517b5cf2ba00029c5975","MB News","","","","PRP vs. Microneedling: Comparing Skin Renewal Options with Less Downtime","... PRP vs. Regular Microneedling: Which Gives Better Results? Lakewood, United States - January 20, 2026 / Cleveland Cosmetic Surgery / ...","2026-01-19T23:00","United States","online news","media","journalist","news_reporting","news_article","consumer_news","editorial","market_context","none","no","no","theme_supported","regenerative_biology","0.68","0.77","44","low","medium","medical_aesthetics_silver_v1","No meaningful commercial-intent signals detected | Contains community-question or discussion language | Contains treatment or outcome discussion | News or reporting publication structure | No validated research indicators | Publication classified as news article","","","","","","","","","","unreviewed_machine_prelabel",""
"""""""RZEx_cX5BY7MibZKZhaFopuD-2o""""""","https://www.op-online.de/welt/skin-longevity-wie-wir-hautalterung-verlangsamen-interview-mit-dr-timm-goluecke-zr-94286418.html","Offenbach-Post","","","","Skin Longevity: Wie wir Hautalterung verlangsamen – Interview mit Dr. Timm Golücke","... , Resveratrol, sowie pflanzliche Extrakte, beispielsweise aus Farn. PRP (Eigenblutbehandlungen, oft als „Vampir-Lifting“ bezeichnet), ...","2026-05-03T09:30","Germany","online news","media","journalist","news_reporting","news_article","consumer_news","editorial","market_context","none","no","no","theme_supported","regenerative_biology","0.66","0.75","44","low","medium","medical_aesthetics_silver_v1","No meaningful commercial-intent signals detected | News or reporting publication structure | No validated research indicators | Publication classified as news article | Intent selected by precedence | Mapped from publication type: news_article","","","","","","","","","","unreviewed_machine_prelabel",""
"""""""i8J9T-1F6HB2NJjWIyIWoHSgfus""""""","https://amazingnewface.wordpress.com/2026/02/05/botox-or-prp-which-one-is-better-for-aging-skin/","wordpress.com","Alireza Hashemnejad","alireza hashemnejad","","Botox or PRP: Which One is Better for Aging Skin?","no downtime. However, Botox does not address skin quality or structure itself—its main job is controlling muscle movement to reduce the formation of wrinkles caused by facial expressions. What is PRP (Platelet-Rich Plasma)? PRP therapy is a natural treatment that","2026-02-05T12:32","","blog","other","unknown","unknown","blog_post","personal_blog","unknown","noise_or_low_trust","none","no","no","theme_supported","skin_quality_over_volume|regenerative_biology","0.46","0.30","67","moderate","high","medical_aesthetics_silver_v1","Domain rule: wordpress.com | No meaningful commercial-intent signals detected | Publication type supports social or community conversation | Contains first-person language | Contains treatment or outcome discussion | Author metadata exists, but it does not establish a reliable voice category","","","","","","","","","","unreviewed_machine_prelabel",""
"""""""cYVYkem3EG4cAD6tpgQClN37LiA""""""","https://ie.pinterest.com/pin/736268239121548284/","Pinterest","Lily Sykora","lsykora65","","Anti-age is not about looking different — it’s about looking like yourself, only fresher Modern aesthetic treatments don’t aim to “change” the face. Their goal is to restore what time has gradually taken away: volume, elasticity, clear contours, skin glow. Botulinotherapy smooths expression lines. Fillers bring back natural volume and balance. Skin boosters and collagen stimulators improve skin quality from within. Peels and PRP renew texture and tone. Step by step, these treatments create...","elasticity, clear contours, skin glow. Botulinotherapy smooths expression lines. Fillers bring back natural volume and balance. Skin boosters and collagen stimulators improve skin quality from within. Peels and PRP renew texture and tone. Step by step, these treatments create...","2026-01-12T11:58","","social network","provider_hcp","provider","unknown","social_post","provider_conversation","professional","noise_or_low_trust","none","no","no","theme_supported","skin_quality_over_volume|collagen_biostimulation|regenerative_biology","0.36","0.25","79","high","high","medical_aesthetics_silver_v1","No meaningful commercial-intent signals detected | Publication type supports social or community conversation | Contains treatment or outcome discussion | Author metadata exists, but it does not establish a reliable voice category | No validated research indicators | Provider identity signal: do","","","","","","","","","","unreviewed_machine_prelabel",""
"""""""2Z2Vj2GNhOsZu-lP8faaYNn050U""""""","https://link.springer.com/article/10.1007/s12325-026-03536-0","Springer","Akio Tanaka","","","Treatment Patterns and Perceptions of Treatment Options in Japanese Pediatric and Adolescent Patients with Atopic Dermatitis","... as the patient-oriented eczema measure (POEM) [ ] and either the Dermatology Life Quality Index (DLQI) or the Children’s Dermatology Life ...","2026-04-18T17:59","Switzerland","online news","other","researcher","research_dissemination","journal_article","research_journal","authoritative","research_evidence","none","no","no","profile_supported_needs_review","","0.78","0.80","100","very_high","medium","medical_aesthetics_silver_v1","Domain rule: springer.com | No meaningful commercial-intent signals detected | Contains treatment or outcome discussion | Research-oriented publication type | Research-domain journal content | Validated research source establishes research-dissemination intent","","","","","","","","","","unreviewed_machine_prelabel",""
"""""""WI21XC9ZXKIJUAC2AEkF3lUYtYU""""""","https://www.newsfilecorp.com/release/290671/SeoulCeuticals-Publishes-First-Official-PDRN-Layering-Protocol-Citing-Incorrect-Application-as-the-1-Reason-Users-See-No-Results","NewsFile","","","","SeoulCeuticals Publishes First Official PDRN Layering Protocol, Citing Incorrect Application as the #1 Reason Users See No Results","... toner, PDRN serum on damp skin, optional additional serum after full PDRN absorption, and moisturizer. The retinol routine resolves the ...","2026-03-31T13:49","Canada","online news","media","journalist","news_reporting","news_article","consumer_news","editorial","market_context","none","no","no","theme_supported","regenerative_biology","0.67","0.76","44","low","medium","medical_aesthetics_silver_v1","No meaningful commercial-intent signals detected | Contains treatment or outcome discussion | News or reporting publication structure | No validated research indicators | Publication classified as news article | Intent selected by precedence","","","","","","","","","","unreviewed_machine_prelabel",""
"""""""r_45DVVmKS6AeBwzd_2Euk99Gmg""""""","https://peekintofield.com/news/seoulceuticals-publishes-first-official-pdrn-layering-protocol-citing-incorrect-application-as-the-1-reason-users-see-no-results/543056","Peek Into Field","","","","SeoulCeuticals Publishes First Official PDRN Layering Protocol, Citing Incorrect Application as the #1 Reason Users See No Results","... toner, PDRN serum on damp skin, optional additional serum after full PDRN absorption, and moisturizer. The retinol routine resolves the ...","2026-03-31T00:59","United States","online news","media","journalist","news_reporting","news_article","consumer_news","editorial","market_context","none","no","no","theme_supported","regenerative_biology","0.67","0.76","44","low","medium","medical_aesthetics_silver_v1","No meaningful commercial-intent signals detected | Contains treatment or outcome discussion | News or reporting publication structure | No validated research indicators | Publication classified as news article | Intent selected by precedence","","","","","","","","","","unreviewed_machine_prelabel",""
"""""""1771817565000_F3gAYuaTgAsh3Fl3N_lJYNRK2QwA""""""","https://twitter.com/JSuranya/statuses/2025775812042170758","Twitter","Süränyä_ J","@jsuranya","","","#SKINTIFICTH #SKTTH #SKINTIFICPDRN #มอยส์ผิวเบบี้ #SKINTIFICXFOURT #Fourthnattawat #โฟร์ทณัฐวรรธน์ 💖 SKINTIFIC PDRN — The Most Innovative Moisturizer with Clinical Results 🔬✨ SKINTIFIC PDRN Bright & Smooth Moisture Gel ที่สุดของมอยเจอร์ไรเซอร์จาก SKINTIFIC ที่ผ่านการทดสอบแล้ว","2026-02-22T22:32","","social network","provider_hcp","provider","unknown","social_repost","provider_conversation","professional","noise_or_low_trust","none","no","yes","theme_supported","regenerative_biology","0.61","0.57","97","very_high","high","medical_aesthetics_silver_v1","Domain rule: twitter.com | No meaningful commercial-intent signals detected | Publication type supports social or community conversation | Contains treatment or outcome discussion | Author metadata exists, but it does not establish a reliable voice category | No validated research indicators","","","","","","","","","","unreviewed_machine_prelabel",""
"""""""TBeJqdXfqp4Ie1FkRKFNeXa7RwQ""""""","https://www.melbournenews.net/news/278806849/what-shaping-aesthetic-surgery-in-2026-board-certified-plastic-surgeon-dr-kevin-r-hanz-breaks-down-the-trends-defining-the-year-ahead","Melbourne News","","","","What's Shaping Aesthetic Surgery in 2026: Board-Certified Plastic Surgeon Dr. Kevin R. Hanz Breaks Down the Trends Defining the Year Ahead","Facelifts Redefine Facial Rejuvenation Deep-plane facelift techniques continue to gain momentum as patients seek more natural and durable ...","2026-01-13T07:59","Australia","online news","media","journalist","news_reporting","news_article","consumer_news","editorial","market_context","none","no","no","profile_supported_needs_review","","0.63","0.69","44","low","medium","medical_aesthetics_silver_v1","No meaningful commercial-intent signals detected | News or reporting publication structure | No validated research indicators | Publication classified as news article | Intent selected by precedence | Mapped from publication type: news_article","","","","","","","","","","unreviewed_machine_prelabel",""
"""""""2x7C5zrUjM1HFcQrcdCIT3raVyk""""""","https://lifestyle.filmtelevisionauditions.com/story/78990/why-this-honolulu-plastic-surgeon-knew-led-therapy-worked-years-before-npr/","Film Television Auditions - Lifestyle","","","","Why This Honolulu Plastic Surgeon Knew LED Therapy Worked Years Before NPR","... because the clinical evidence on collagen stimulation and tissue recovery is clear. The problem is most consumer LED masks use weak LEDs at ...","2026-04-18T03:23","United States","online news","media","journalist","news_reporting","news_article","consumer_news","editorial","market_context","none","no","no","theme_supported","collagen_biostimulation","0.65","0.73","29","very_low","medium","medical_aesthetics_silver_v1","No meaningful commercial-intent signals detected | Contains treatment or outcome discussion | News or reporting publication structure | Research language appears without validated research-source metadata | Publication classified as news article | Intent selected by precedence","","","","","","","","","","unreviewed_machine_prelabel",""
"""""""FTl82LAeV8TifTajfNFqYoK4Q1Y""""""","https://ie.pinterest.com/pin/369506344450040370/","Pinterest","Gabriela B","cooklovesbooks","","This luxury healing trio — helichrysum, frankincense, and myrrh — is widely used in clean beauty skincare to support skin regeneration, scar repair, and barrier restoration. Learn how to properly blend these potent oils with gentle carrier oils like jojoba, rosehip, plum oil, and evening primrose to create a balanced, skin-safe formulation. Save this guide for luxury skincare education and natural skin healing.","This luxury healing trio — helichrysum, frankincense, and myrrh — is widely used in clean beauty skincare to support skin regeneration, scar repair, and barrier restoration. Learn how to properly blend these potent oils with gentle carrier oils like jojoba, rosehip, plum oil, and","2026-04-15T13:35","","social network","other","unknown","unknown","social_post","unknown","unknown","noise_or_low_trust","none","no","no","profile_supported_needs_review","","0.33","0.19","26","very_low","high","medical_aesthetics_silver_v1","No meaningful commercial-intent signals detected | Publication type supports social or community conversation | Author metadata exists, but it does not establish a reliable voice category | No validated research indicators | Provider identity signal: rn | No intent candidate satisfied eligibility requirements","","","","","","","","","","unreviewed_machine_prelabel",""
"""""""TPFH-3HzUMnfvt2wM6zluRmaWp0""""""","https://pr.gulfmainmagazine.com/article/BioRestorative-Therapies-Inc-to-Participate-in-the-BeWell-Beauty-and-Wellness-Show-in-New-York-City-March-8-10-2026?storyId=69a97f3890f5a98f8db792ef","Gulf & Main Magazine (Press Release)","","","","BioRestorative Therapies, Inc. to Participate in the Be+Well Beauty and Wellness Show in New York City, March 8-10, 2026","... regenerative biologics technology to the rapidly evolving aesthetics and longevity markets. The event brings together leading companies, ...","2026-03-05T08:00","United States","online news","media","journalist","news_reporting","news_article","consumer_news","editorial","market_context","none","no","no","profile_supported_needs_review","","0.67","0.76","44","low","medium","medical_aesthetics_silver_v1","No meaningful commercial-intent signals detected | News or reporting publication structure | No validated research indicators | Publication classified as news article | Intent selected by precedence | Mapped from publication type: news_article","","","","","","","","","","unreviewed_machine_prelabel",""
"""""""F4a_4Tffz6BmC_Ukx5FeVJfgHiQ""""""","https://arizonanewstoday.com/press/indonesian-trust-in-korean-skin-rejuvenation-kbeauty-report-released/156150","Arizona News Today","","","","Indonesian Trust in Korean Skin Rejuvenation: K-Beauty Report Released","... results within one to two weeks. The clinic integrates exosomes with laser-assisted rejuvenation and PRP procedures, creating a holistic ...","2026-05-12T11:06","United States","online news","media","journalist","news_reporting","news_article","consumer_news","editorial","market_context","none","no","no","theme_supported","regenerative_biology","0.67","0.76","44","low","medium","medical_aesthetics_silver_v1","No meaningful commercial-intent signals detected | Contains treatment or outcome discussion | News or reporting publication structure | No validated research indicators | Publication classified as news article | Intent selected by precedence","","","","","","","","","","unreviewed_machine_prelabel",""
"""""""Ewd0FeJMm7I3WpndHkP135atQLs""""""","https://www.streetinsider.com/PRNewswire/Aphranel%C2%AE+Marks+First+Anniversary+with+EU+MDR+Certification%2C+Arc%E2%84%A2+Launch%2C+and+Over+150%2C000+Syringes+Delivered/26607512.html","StreetInsider","","","","Aphranel® Marks First Anniversary with EU MDR Certification, Arc™ Launch, and Over 150,000 Syringes Delivered","... brand's vision through facial contouring and regenerative aesthetics. A multidisciplinary roundtable examined biomaterial innovation, ...","2026-06-05T01:43","United States","online news","company","brand","brand_announcement","press_release","corporate_pr","commercial","commercial_signal","none","yes","no","theme_supported","regenerative_biology","0.71","0.82","4","very_low","medium","medical_aesthetics_silver_v1","No meaningful commercial-intent signals detected | Publication is classified as a press release | No validated research indicators | Press release establishes announcement intent | Intent selected by semantic_override | Intent override: Press-release semantic override","","","","","","","","","","unreviewed_machine_prelabel",""
"""""""3Q3CKcCcagduKC5YSfUIRUAL8W8""""""","https://www.thenorthwestern.com/story/shopping/2026/01/05/winter-skincare-reset-timebeam-deals/87949417007/","Oshkosh Northwestern","Kasey Caminiti","","","Reset your winter skincare with 15% off Timebeam NAD+ boosters and ceramides","... barrier and accelerate visible aging. Save 15% on Timebeam’s clinically proven skincare. The brand, founded by a medical doctor, ...","2026-01-05T01:00","United States","online news","media","journalist","news_reporting","news_article","consumer_news","editorial","market_context","none","no","no","profile_supported_needs_review","","0.66","0.74","29","very_low","medium","medical_aesthetics_silver_v1","No meaningful commercial-intent signals detected | Contains treatment or outcome discussion | News or reporting publication structure | Research language appears without validated research-source metadata | Publication classified as news article | Intent selected by precedence","","","","","","","","","","unreviewed_machine_prelabel",""
"""""""sAiJdC9qglahQcNkDr_kz0sxiiY""""""","https://www.cagliarilivemagazine.it/aphranel-marks-first-anniversary-with-eu-mdr-certification-arc-launch-and-over-150000-syringes-delivered","Cagliari Live Magazine","","","","Aphranel® Marks First Anniversary with EU MDR Certification, Arc™ Launch, and Over 150,000 Syringes Delivered","... ’s vision through facial contouring and regenerative aesthetics. A multidisciplinary roundtable examined biomaterial innovation, ...","2026-06-05T02:00","Italy","online news","media","journalist","news_reporting","news_article","consumer_news","editorial","market_context","none","no","no","theme_supported","regenerative_biology","0.67","0.76","44","low","medium","medical_aesthetics_silver_v1","No meaningful commercial-intent signals detected | News or reporting publication structure | No validated research indicators | Publication classified as news article | Intent selected by precedence | Mapped from publication type: news_article","","","","","","","","","","unreviewed_machine_prelabel",""
"""""""MLMWVEr9Mv5NEiPt6lNb4mI-ISw""""""","https://markets.financialcontent.com/ibtimes/article/bizwire-2026-6-5-beyond-anti-aging-av-laboratories-puts-amino-acids-at-the-forefront-of-science-led-skin-longevity","International Business Times - FinancialContent","","","","Beyond Anti-Aging: AV Laboratories Puts Amino Acids at the Forefront of Science-Led Skin Longevity","... one of the most precise and enduring opportunities in cosmetic skincare. About AV Laboratories AV Laboratories is a biotechnology-led ...","2026-06-05T14:40","United States","online news","media","journalist","news_reporting","news_article","consumer_news","editorial","market_context","none","no","no","profile_supported_needs_review","","0.66","0.75","44","low","medium","medical_aesthetics_silver_v1","No meaningful commercial-intent signals detected | News or reporting publication structure | No validated research indicators | Publication classified as news article | Intent selected by precedence | Mapped from publication type: news_article","","","","","","","","","","unreviewed_machine_prelabel",""
"""""""-irJpSgGJuE0wI-eUDTX4GR-F8g""""""","https://www.smallbusinessworldjournal.com/article/900000003-sofwave-medical-reports-fourth-quarter-and-full-year-2025-financial-results-and-achieves-full-year-profitability","Small Business World Journal","","","","Sofwave Medical Reports Fourth Quarter and Full Year 2025 Financial Results and Achieves Full-Year Profitability","... on delivering sustainable, innovative, non-invasive regenerative aesthetic solutions, like Pure Impact VIP™, our next-generation ...","2026-03-17T10:49","United States","online news","media","journalist","news_reporting","news_article","consumer_news","editorial","market_context","none","no","no","profile_supported_needs_review","","0.68","0.77","44","low","medium","medical_aesthetics_silver_v1","No meaningful commercial-intent signals detected | Contains first-person language | Contains treatment or outcome discussion | News or reporting publication structure | No validated research indicators | Publication classified as news article","","","","","","","","","","unreviewed_machine_prelabel",""
"""""""VbqorKaNXT1XbIv7zbCkPLwTypY""""""","https://starjournals.com/news/honolulus-top-plastic-surgeon-ahead-of-the-curve-following-npr-science-report/545329","Star Journals","","","","Honolulu’s Top Plastic Surgeon Ahead of the Curve Following NPR Science Report","""... clinical evidence on collagen stimulation and tissue recovery is clear,"""" says Dr. Ching. """"The problem is most consumer LED masks use weak ...""","2026-04-17T23:42","United States","online news","media","journalist","news_reporting","news_article","consumer_news","editorial","market_context","none","no","no","theme_supported","collagen_biostimulation","0.64","0.71","29","very_low","medium","medical_aesthetics_silver_v1","No meaningful commercial-intent signals detected | Contains treatment or outcome discussion | News or reporting publication structure | Research language appears without validated research-source metadata | Publication classified as news article | Intent selected by precedence","","","","","","","","","","unreviewed_machine_prelabel",""
"""""""TIPcgUO1Guhj3HrKHcKuN9XFdJQ""""""","https://pr.millismedwaynews.com/article/Perfect-Esthetics-Addresses-Growing-Trends-in-Aesthetic-Medicine-with-Advanced-Non-Surgical-Solutions?storyId=6985336a7101230002d0b1d6","Medway & Millis Town News","","","","Perfect Esthetics Addresses Growing Trends in Aesthetic Medicine with Advanced Non-Surgical Solutions","... loss to skin texture improvement. Particularly noteworthy is the clinic's implementation of Sylfirm X radiofrequency technology and ...","2026-02-05T19:03","United States","online news","media","journalist","news_reporting","news_article","consumer_news","editorial","market_context","none","no","no","theme_supported","skin_quality_over_volume|provider_led_trust","0.68","0.77","44","low","medium","medical_aesthetics_silver_v1","No meaningful commercial-intent signals detected | Contains treatment or outcome discussion | News or reporting publication structure | No validated research indicators | Publication classified as news article | Intent selected by precedence","","","","","","","","","","unreviewed_machine_prelabel",""
"""""""Fdqq1mtlVucwdCDklB06jmhMU3A""""""","https://indiacurrentaffairs.co.in/2026/01/16/institute-of-facial-aesthetic-medicine-ifam-redefines-medical-aesthetics-education-in-india/","India Current Affairs","","","","Institute of Facial Aesthetic Medicine (IFAM) Redefines Medical Aesthetics Education in India","... medical education institution dedicated to advancing standards in facial aesthetics, clinical cosmetology, and aesthetic medicine . ...","2026-01-16T13:29","India","online news","media","journalist","news_reporting","news_article","consumer_news","editorial","market_context","none","no","no","theme_supported","provider_led_trust","0.67","0.76","44","low","medium","medical_aesthetics_silver_v1","No meaningful commercial-intent signals detected | Contains treatment or outcome discussion | News or reporting publication structure | No validated research indicators | Publication classified as news article | Intent selected by precedence","","","","","","","","","","unreviewed_machine_prelabel",""
"""""""C2AbejnPbQDp32o_AtNaVMoVdp8""""""","https://www.newsoforange.com/online_features/press_releases/article_5b83f770-6b34-547d-8c51-061898107cc2.html","The News of Orange County","","","","5 Signs It’s Time to Visit an Aesthetics Clinic in Garden City for a Skin Refresh","... most patients. About Zoyya Anti-Aging & Aesthetics Zoyya Anti-Aging & Aesthetics is a physician-led aesthetics clinic in Garden City that ...","2026-05-02T13:05","United States","online news","company","brand","brand_announcement","press_release","corporate_pr","commercial","commercial_signal","none","yes","no","theme_supported","provider_led_trust","0.77","0.82","19","very_low","low","medical_aesthetics_silver_v1","Domain rule: URL press-release path | No meaningful commercial-intent signals detected | Contains treatment or outcome discussion | Publication is classified as a press release | No validated research indicators | Press release establishes announcement intent","","","","","","","","","","unreviewed_machine_prelabel",""
"""""""Cj0EBa5PbztBJli6k4XSSjvWxfY""""""","https://ie.pinterest.com/pin/152840981100420134/","Pinterest","Sarah Rachelle","sdeault24","","Japan’s beauty market is six months ahead of everywhere else. And right now, it’s signalling something that most European beauty founders haven’t clocked yet. I’ve been looking at keyword data from the top 50 exosome skincare products on Qoo10, and what it reveals isn’t really about exosomes at all. It’s about a fundamental shift in how premium consumers are making purchase decisions. The research happens one way. The buy happens another. And the gap between those two things is where a lo...","European beauty founders haven’t clocked yet. I’ve been looking at keyword data from the top 50 exosome skincare products on Qoo10, and what it reveals isn’t really about exosomes at all. It’s about a fundamental shift in how premium consumers are making purchase decisions. The","2026-05-31T21:05","","social network","other","unknown","unknown","social_post","unknown","unknown","noise_or_low_trust","none","no","no","theme_supported","regenerative_biology","0.31","0.15","27","very_low","high","medical_aesthetics_silver_v1","No meaningful commercial-intent signals detected | Publication type supports social or community conversation | Contains first-person language | Author metadata exists, but it does not establish a reliable voice category | No validated research indicators | No intent candidate satisfied eligibility requirements","","","","","","","","","","unreviewed_machine_prelabel",""
"""""""uUjjKqAAflNh73fHM3T3qdeVjes""""""","https://vbngtv.com/just-released-news/?rkey=20260326LA20182&filter=25993","VYRE Business News Global","","","","BENEV® Partners with LaserAway® to Launch XTherma®: The First High-Frequency RF and Cryogen Combination Therapy Device in the U.S.","... a leader in the medical aesthetics market. Designed to deliver exceptional clinical outcomes, XTherma® offers a virtually pain-free, ...","2026-03-26T09:44","United States","online news","media","journalist","news_reporting","news_article","consumer_news","editorial","market_context","none","no","no","theme_supported","provider_led_trust","0.69","0.77","44","low","medium","medical_aesthetics_silver_v1","No meaningful commercial-intent signals detected | Contains treatment or outcome discussion | Contains clinical discussion language | News or reporting publication structure | No validated research indicators | Publication classified as news article","","","","","","","","","","unreviewed_machine_prelabel",""
"""""""RNZlX1XlpwKz5Dlj3tWCWd1_5mU""""""","https://www.femina.in/beauty/skin/6-under-eye-brighteners-that-hide-dark-circles-instantly-288936.html","Femina","Unnati Sheth","","","6 Under Eye Brighteners That Hide Dark Circles Instantly","... and environmental stressors, this serum supports overall skin longevity. Its makeup-friendly finish primes the under-eye area, ...","2026-01-05T06:46","India","online news","media","journalist","news_reporting","news_article","consumer_news","editorial","market_context","none","no","no","profile_supported_needs_review","","0.67","0.76","44","low","medium","medical_aesthetics_silver_v1","No meaningful commercial-intent signals detected | News or reporting publication structure | No validated research indicators | Publication classified as news article | Intent selected by precedence | Mapped from publication type: news_article","","","","","","","","","","unreviewed_machine_prelabel",""
"""""""T1b7XWSbpRVhUr3i-O70j9Fqzfg""""""","https://lifestyle.eastmnweeklynews.com/story/494783/global-medical-aesthetics-market-to-reach-usd-40-70-billion-by-2031-driven-by-surge-in-minimally-invasive-procedures/","East Minnesota Weekly News","","","","Global Medical Aesthetics Market to Reach USD 40.70 Billion by 2031, Driven by Surge in Minimally Invasive Procedures","... demand across both developed and emerging economies. Facial Aesthetics Products Dominate the Market by Product By product, the medical ...","2026-02-16T17:21","United States","online news","media","journalist","news_reporting","news_article","consumer_news","editorial","market_context","none","no","no","theme_supported","provider_led_trust","0.67","0.76","44","low","medium","medical_aesthetics_silver_v1","No meaningful commercial-intent signals detected | Contains treatment or outcome discussion | News or reporting publication structure | No validated research indicators | Publication classified as news article | Intent selected by precedence","","","","","","","","","","unreviewed_machine_prelabel",""
"""""""yt-LzHF_3olzU8""""""","https://www.youtube.com/watch?v=LzHF_3olzU8","Youtube","The Perfect Secret","","","PRF Under Eyes Explained | Why We Love Regenerative Under Eye Treatment","performing PRF under eyes. Natural results. Regenerative aesthetics. Thoughtful treatment planning. Because beautiful aesthetic work is rarely about changing your features. It is about supporting them thoughtfully over time. The Perfect Secret Scottsdale, Arizona #PRF #","2026-05-26T16:20","","social network","provider_hcp","provider","provider_education","educational_video","provider_conversation","professional","professional_interpretation","none","no","no","theme_supported","natural_results|regenerative_biology|provider_led_trust","0.75","0.81","98","very_high","low","medical_aesthetics_silver_v1","Domain rule: youtube.com | No meaningful commercial-intent signals detected | Publication type supports social or community conversation | Contains first-person language | Contains treatment or outcome discussion | Contains clinical discussion language","","","","","","","","","","unreviewed_machine_prelabel",""
"""""""inLBp6MzD85101FX-OcIaVl_vJk""""""","https://ie.pinterest.com/pin/491173903132123738/","Pinterest","Diann Scott","diannscott45","","Discover how to make a natural homemade anti-aging cream for wrinkles using simple kitchen ingredients like garlic, potato, and flaxseed. This easy DIY wrinkle cream recipe supports collagen stimulation, improves skin texture, and helps tighten and hydrate the face, neck, and eye area. Perfect for anyone looking for home remedies for wrinkles, anti-aging skin care, and natural beauty tips without expensive products. In this video we explain the science behind natural collagen support, how antioxidants from garlic and soothing compounds from potatoes can help with fine lines, and how flaxseed gel adds hydration and film-forming benefits. You’ll learn step-by-step how to make this homemade cream for wrinkles, how to apply it safely, and tips for storage and best results.","Discover how to make a natural homemade anti-aging cream for wrinkles using simple kitchen ingredients like garlic, potato, and flaxseed. This easy DIY wrinkle cream recipe supports collagen stimulation, improves skin texture, and helps tighten and hydrate the face, neck, and eye","2026-03-05T03:57","","social network","company","retailer","product_promotion","influencer_social_post","retail_or_product","commercial","commercial_signal","none","yes","no","theme_supported","skin_quality_over_volume|collagen_biostimulation","0.59","0.65","0","very_low","medium","medical_aesthetics_silver_v1","No meaningful commercial-intent signals detected | Publication type supports social or community conversation | Contains first-person language | Contains treatment or outcome discussion | Author metadata exists, but it does not establish a reliable voice category | No validated research indicators","","","","","","","","","","unreviewed_machine_prelabel",""
"""""""1774449328000_2K3fc_syIEXeNO6d2xBRXeNSGpcA""""""","https://twitter.com/untitled0529/statuses/2036814227412045918","Twitter","TTC•พ่อน้องsoft","@untitled0529","","","RT @doranslawyer: doran looking extra round today since hes swollen from skin procedures 🥺 chat are all saying rejuRAN haha 🐿️ my face is swollen everyone~ i went to the skin clinic.. my face has been stung by a bee, its red now isnt it? https://t.co/2vl6DEIyXO","2026-03-25T10:35","Saint Helena","social network","patient","patient","unknown","social_repost","unknown","lived_experience","noise_or_low_trust","none","no","yes","profile_supported_needs_review","","0.68","0.69","40","low","high","medical_aesthetics_silver_v1","Domain rule: twitter.com | No meaningful commercial-intent signals detected | Publication type supports social or community conversation | Contains first-person language | Contains treatment or outcome discussion | Author metadata exists, but it does not establish a reliable voice category","","","","","","","","","","unreviewed_machine_prelabel",""
"""""""dtpm_FtVmAd0g-wNrBf18V5Xt0g""""""","https://alltagreport.de/pressemitteilungen/bioq-praesentiert-sich-erstmals-auf-der-incosmetics-global-und-demonstriert-chinas-wachsende_1cfca3a4/","Alltag Report","","","","BioQ präsentiert sich erstmals auf der incosmetics Global und demonstriert Chinas wachsende Stärke im Bereich der Inhaltsstoffinnovation","Verhältnis von Wirkstoffen auf Genebene, wie miRNA, siRNA, NAD+ und PDRN, um seine Anti-Aging-Wirkung deutlich zu verstärken. Labortests ...","2026-05-14T00:57","Germany","online news","media","journalist","news_reporting","news_article","consumer_news","editorial","market_context","none","no","no","theme_supported","regenerative_biology","0.67","0.76","44","low","medium","medical_aesthetics_silver_v1","No meaningful commercial-intent signals detected | News or reporting publication structure | No validated research indicators | Publication classified as news article | Intent selected by precedence | Mapped from publication type: news_article","","","","","","","","","","unreviewed_machine_prelabel",""
"""""""V58b3CZmhGzNJVlCUcx1-E6TBXE""""""","https://www.businesstimesjournal.com/article/889778377-youshine-medspa-breaks-down-prp-therapy-cost-and-value-for-health-and-aesthetic-investment","Business Times Journal","","","","YouShine Medspa Breaks Down PRP Therapy Cost and Value for Health and Aesthetic Investment","What Influences PRP Therapy Cost According to YouShine Medspa, PRP therapy cost is not a one size fits all figure. Pricing is influenced ...","2026-02-13T00:29","United States","online news","media","journalist","news_reporting","news_article","consumer_news","editorial","market_context","none","no","no","theme_supported","regenerative_biology","0.67","0.77","44","low","medium","medical_aesthetics_silver_v1","No meaningful commercial-intent signals detected | Contains treatment or outcome discussion | News or reporting publication structure | No validated research indicators | Journalistic signal: according to | Publication classified as news article","","","","","","","","","","unreviewed_machine_prelabel",""
"""""""_oYWsraPIkkHeBV8wDcBGgHY968""""""","https://www.beautypackaging.com/breaking-news/estee-lauder-cos-is-open-to-ma-opportunities/","Beauty Packaging","","","","Estee Lauder Cos. Is Open to M&A Opportunities","... year of its restructuring plans . Read Next ELC Advances Skin Longevity and Regenerative Aesthetics Estee Lauder Reformulates Its ...","2026-02-23T15:23","United States","online news","media","journalist","news_reporting","news_article","consumer_news","editorial","market_context","none","no","no","theme_supported","regenerative_biology","0.67","0.76","44","low","medium","medical_aesthetics_silver_v1","No meaningful commercial-intent signals detected | News or reporting publication structure | No validated research indicators | Publication classified as news article | Intent selected by precedence | Mapped from publication type: news_article","","","","","","","","","","unreviewed_machine_prelabel",""
"""""""KbSLxP9hrmT2JoZR4uqInKmkqUo""""""","https://www.globalmediawatch.com/article/890724573-solid-under-eye-masks-market-set-to-reach-usd-1-7-billion-by-2036-as-skin-tech-rituals-replace-disposable-skincare","Global Media Watch","","","","Solid Under-Eye Masks Market Set to Reach USD 1.7 Billion by 2036 as 'Skin-Tech' Rituals Replace Disposable Skincare","... a structural transformation as consumers pivot from decorative cosmetics toward high-performance, tool-based skincare. According to the ...","2026-02-09T10:45","United States","online news","media","journalist","news_reporting","news_article","consumer_news","editorial","market_context","none","no","no","profile_supported_needs_review","","0.68","0.78","44","low","medium","medical_aesthetics_silver_v1","No meaningful commercial-intent signals detected | News or reporting publication structure | No validated research indicators | Journalistic signal: according to | Publication classified as news article | Intent selected by precedence","","","","","","","","","","unreviewed_machine_prelabel",""
"""""""ytuJzzThXYI_DyeX2Rdf72Wr3BA""""""","https://smb.oxfordeagle.com/article/BENEVr-Partners-with-LaserAwayr-to-Launch-XThermar-The-First-High-Frequency-RF-and-Cryogen-Combination-Therapy-Device-in-the-US?storyId=69c52eae3971457808b0d103","The Oxford Eagle Small Business","","","","BENEV® Partners with LaserAway® to Launch XTherma®: The First High-Frequency RF and Cryogen Combination Therapy Device in the U.S.","... as a leader in the medical aesthetics market. Designed to deliver exceptional clinical outcomes, XTherma® offers a virtually pain-free, ...","2026-03-26T09:27","United States","online news","media","journalist","news_reporting","news_article","consumer_news","editorial","market_context","none","no","no","theme_supported","provider_led_trust","0.69","0.77","44","low","medium","medical_aesthetics_silver_v1","No meaningful commercial-intent signals detected | Contains treatment or outcome discussion | Contains clinical discussion language | News or reporting publication structure | No validated research indicators | Publication classified as news article","","","","","","","","","","unreviewed_machine_prelabel",""
"""""""7nfasjcCHs-0mFdANkCdHdLW3ho""""""","https://smb.panews.com/article/Debut-and-Natura-Partner-to-Commercialize-AI-Discovered-Skin-Longevity-Ingredient-for-Latin-America?storyId=6a16f9ba004597ee6ba13089","Port Arthur News","","","","Debut and Natura Partner to Commercialize AI-Discovered Skin Longevity Ingredient for Latin America","... will commercialize the AI-discovered complex upon successful clinical validation, uniting Debut's novel actives with Natura's ...","2026-05-27T10:16","United States","online news","media","journalist","news_reporting","news_article","consumer_news","editorial","market_context","none","no","no","profile_supported_needs_review","","0.67","0.76","44","low","medium","medical_aesthetics_silver_v1","No meaningful commercial-intent signals detected | Contains treatment or outcome discussion | News or reporting publication structure | No validated research indicators | Publication classified as news article | Intent selected by precedence","","","","","","","","","","unreviewed_machine_prelabel",""
"""""""yt-185OfxsCfNc""""""","https://www.youtube.com/watch?v=185OfxsCfNc","Youtube","The Perfect Secret","","","She Wanted to Stay 100% Natural","by stimulating what your body already knows how to do. 📍 Scottsdale, Arizona 📞 480-647-8991 🌐 www.itstheperfectsecret.com #Sculptra #PRF #RFMicroneedling #NaturalResults #Biostimulator #CollagenStimulation #FacialRejuvenation #HealthyAging #ScottsdaleMedSpa #ThePerfectSecret","2026-05-29T20:05","","social network","company","clinic","clinic_promotion","promotional_video","clinic_marketing","commercial","commercial_signal","none","yes","no","theme_supported","collagen_biostimulation|regenerative_biology","0.69","0.73","14","very_low","medium","medical_aesthetics_silver_v1","Domain rule: youtube.com | No meaningful commercial-intent signals detected | Publication type supports social or community conversation | Contains treatment or outcome discussion | Author metadata exists, but it does not establish a reliable voice category | No validated research indicators","","","","","","","","","","unreviewed_machine_prelabel",""
"""""""g1sEHwqcvdy0Rq-VG2TTMMmcLrA""""""","https://lifestyle.mediatrainingforceos.com/story/572569/benev-partners-with-laseraway-to-launch-xtherma-the-first-high-frequency-rf-and-cryogen-combination-therapy-device-in-the-us/","XPR Lifestyle","","","","BENEV® Partners with LaserAway® to Launch XTherma®: The First High-Frequency RF and Cryogen Combination Therapy Device in the U.S.","... as a leader in the medical aesthetics market. Designed to deliver exceptional clinical outcomes, XTherma® offers a virtually pain-free, ...","2026-03-26T00:00","United States","online news","media","journalist","news_reporting","news_article","consumer_news","editorial","market_context","none","no","no","theme_supported","provider_led_trust","0.69","0.77","44","low","medium","medical_aesthetics_silver_v1","No meaningful commercial-intent signals detected | Contains treatment or outcome discussion | Contains clinical discussion language | News or reporting publication structure | No validated research indicators | Publication classified as news article","","","","","","","","","","unreviewed_machine_prelabel",""
"""""""yt-pkxVJLtqdhM""""""","https://www.youtube.com/watch?v=pkxVJLtqdhM","Youtube","Skin Avenue Clinic","","","Skin Avenue Clinic | Each treatment serves a unique purpose!","#skinavenueclinic #skincare #dermatologist #skintreatment #shorts #antiagingsupplements #dermalfillers When patients ask me my favourite treatment, it’s never just one. From dermal fillers and skin boosters to microneedling, HydraFacial Syndeo, and laser toning; each","2026-04-23T23:30","","social network","company","clinic","clinic_promotion","promotional_video","clinic_marketing","commercial","commercial_signal","none","yes","no","theme_supported","skin_quality_over_volume|provider_led_trust","0.71","0.74","15","very_low","medium","medical_aesthetics_silver_v1","Domain rule: youtube.com | No meaningful commercial-intent signals detected | Publication type supports social or community conversation | Contains first-person language | Contains treatment or outcome discussion | Author metadata exists, but it does not establish a reliable voice category","","","","","","","","","","unreviewed_machine_prelabel",""
"""""""_F_u_g1Okpu1QQazyHTqxCCFZVI""""""","https://www.pblmagazine.co.uk/news/what-is-platysma-botox-and-why-is-it-having-a-moment","PBL Magazine","Natalia Kulak","","","What is Platysma Botox and Why is it Having a Moment","... contour in appropriate patients. That appeal is reflected in clinic demand, as Dr Ash Soni , UK & US trained Plastic Surgeon based at ...","2026-03-26T06:10","United Kingdom","online news","media","journalist","news_reporting","news_article","consumer_news","editorial","market_context","none","no","no","profile_supported_needs_review","","0.66","0.75","44","low","medium","medical_aesthetics_silver_v1","No meaningful commercial-intent signals detected | Contains treatment or outcome discussion | News or reporting publication structure | No validated research indicators | Publication classified as news article | Intent selected by precedence","","","","","","","","","","unreviewed_machine_prelabel",""
"""""""Ze9FJuzIaHoSeAsQkOWzg-a_lhM""""""","https://pr.mysugarhousejournal.com/article/Perfect-Esthetics-Advances-Aesthetic-Medicine-Standards-in-Switzerland-with-Technology-Enhanced-Patient-Safety?storyId=695d8322201f1c00028b7641","Sugar House Journal","","","","Perfect Esthetics Advances Aesthetic Medicine Standards in Switzerland with Technology-Enhanced Patient Safety","... a specialized aesthetic medicine facility offering comprehensive non-surgical cosmetic treatments. The clinic combines medical expertise ...","2026-01-06T16:02","United States","online news","provider_hcp","provider","news_reporting","news_article","provider_conversation","professional","market_context","none","no","no","theme_supported","provider_led_trust","0.63","0.66","90","very_high","medium","medical_aesthetics_silver_v1","No meaningful commercial-intent signals detected | Contains treatment or outcome discussion | Contains clinical discussion language | Author metadata contains a professional healthcare credential or role | Professional identity signal | Clinical or patient-care language","","","","","","","","","","unreviewed_machine_prelabel",""
"""""""9SgQahPtAvH4SCzBLmYfjhZaOE8""""""","https://pr.bonitaesteromagazine.com/article/Debut-and-Natura-Partner-to-Commercialize-AI-Discovered-Skin-Longevity-Ingredient-for-Latin-America?storyId=6a16f9ba004597ee6ba13089","Bonitaestero Magazine","","","","Debut and Natura Partner to Commercialize AI-Discovered Skin Longevity Ingredient for Latin America","... will commercialize the AI-discovered complex upon successful clinical validation, uniting Debut's novel actives with Natura's ...","2026-05-27T10:00","United States","online news","media","journalist","news_reporting","news_article","consumer_news","editorial","market_context","none","no","no","profile_supported_needs_review","","0.67","0.76","44","low","medium","medical_aesthetics_silver_v1","No meaningful commercial-intent signals detected | Contains treatment or outcome discussion | News or reporting publication structure | No validated research indicators | Publication classified as news article | Intent selected by precedence","","","","","","","","","","unreviewed_machine_prelabel",""
"""""""_xAQXt5fm7sFeEDC1l468kzHq0Y""""""","https://www.mamager.hr/life/akademija-za-plasticnu-kirurgiju-i-health-hub-ujedinili-vizije-na-prvom-academia-aesthetica-meetup-u-susret-znanosti-trendova-i-odgovornosti-struke/","Mamager","","","","Akademija za plastičnu kirurgiju i Health Hub ujedinili vizije na prvom ACADEMIA AESTHETICA MeetUp-u: Susret znanosti, trendova i odgovornosti struke","... naglasak se stavlja na kvalitetu kože , a ne na volumen. Biostimulatori, kolagenski i skin boosteri, polinukleotidi i kombinirane ...","2026-02-16T03:00","Croatia","online news","media","journalist","news_reporting","news_article","consumer_news","editorial","market_context","none","no","no","theme_supported","skin_quality_over_volume|collagen_biostimulation","0.67","0.75","44","low","medium","medical_aesthetics_silver_v1","No meaningful commercial-intent signals detected | Contains first-person language | News or reporting publication structure | No validated research indicators | Publication classified as news article | Intent selected by precedence","","","","","","","","","","unreviewed_machine_prelabel",""
"""""""li_ondg0va87W79VqjBcBYjTFhCZY0""""""","https://www.linkedin.com/feed/update/urn%3Ali%3Aactivity%3A7450937126571028480","LinkedIn","","","","","A big day in the Big Apple celebrating all things ariessence pure PDGF+® 🌸 Filled with meaningful connection, elevated education, and a forward look at the future of regenerative aesthetics.","2026-04-17T12:04","","social network","provider_hcp","provider","thought_leadership","provider_social_post","provider_conversation","professional","professional_interpretation","none","no","no","theme_supported","regenerative_biology","0.68","0.72","96","very_high","medium","medical_aesthetics_silver_v1","Domain rule: linkedin.com | No meaningful commercial-intent signals detected | Publication type supports social or community conversation | No reliable author-voice classification | No validated research indicators | Provider identity signal: rn","","","","","","","","","","unreviewed_machine_prelabel",""
"""""""cItjqtWEgY1ZEQlXtOfabDSuFa0""""""","https://smb.dailyleader.com/article/Experience-Truly-Natural-Results-Aesthetics-International-Leads-the-Region-with-Expressive-Botox-Expertise?storyId=69830eed513d4aa3482304d2","The Daily Leader","","","","Experience Truly Natural Results: Aesthetics International Leads the Region with Expressive Botox Expertise","... hub for medical excellence, Aesthetics International is leading a seismic shift in the beauty landscape. The clinic has officially unveiled ...","2026-02-04T04:15","United States","online news","media","journalist","news_reporting","news_article","consumer_news","editorial","market_context","none","no","no","theme_supported","natural_results","0.67","0.77","49","low","medium","medical_aesthetics_silver_v1","No meaningful commercial-intent signals detected | Contains treatment or outcome discussion | News or reporting publication structure | News or trade content reporting research | Publication classified as news article | Intent selected by precedence","","","","","","","","","","unreviewed_machine_prelabel",""
"""""""KrawRVBVSEmj5iHH99qbuMAxfQo""""""","https://www.merkur.de/produktempfehlung/nad-hautpflege-der-longevity-trend-soll-die-zellen-verjuengen-zr-94243961.html","Münchner Merkur","Laura Wittstruck","","","Jungbrunnen-„Code“ für die Zellen: Revolutioniert der Longevity-Trend NAD+ jetzt unsere Hautpflege?","Jetzt für 23,60 € sichern 4. Die Kombi-Lösung: Soleneva NAD+ PDRN Essence Die Essence von Soleneva vereint zwei Beauty-Trends in ...","2026-04-06T06:00","Germany","online news","media","journalist","news_reporting","news_article","consumer_news","editorial","market_context","none","no","no","theme_supported","regenerative_biology","0.67","0.76","44","low","medium","medical_aesthetics_silver_v1","No meaningful commercial-intent signals detected | News or reporting publication structure | No validated research indicators | Publication classified as news article | Intent selected by precedence | Mapped from publication type: news_article","","","","","","","","","","unreviewed_machine_prelabel",""
"""""""hqksZanzimBNztgAjYl816xbyjM""""""","https://www.northamericatoday.com/article/913466808-laser-goddess-introduces-glac-treatment-a-gentle-skin-purifying-ritual-for-a-grounding-glowing-complexion","North America Today","","","","Laser Goddess Introduces Glacē™ Treatment: A Gentle, Skin-Purifying Ritual for a Grounding, Glowing Complexion","... types, including those with sensitive or mature skin. Clinical Results and Client Satisfaction: The Glacē treatment is backed by clinical ...","2026-05-18T23:59","United States","online news","media","journalist","news_reporting","news_article","consumer_news","editorial","market_context","none","no","no","profile_supported_needs_review","","0.68","0.77","44","low","medium","medical_aesthetics_silver_v1","No meaningful commercial-intent signals detected | Contains treatment or outcome discussion | News or reporting publication structure | No validated research indicators | Publication classified as news article | Intent selected by precedence","","","","","","","","","","unreviewed_machine_prelabel",""
"""""""T1CnBU70VweGRp6MLAGYB_tL5ho""""""","https://ie.pinterest.com/pin/344666177754373543/","Pinterest","Fer G.","ferzz","","Before salmon sperm facials took over BeautyTok, we launched The BARRIER Bioactive Treatment, which already featured PDRN (Sodium DNA). Get to know the buzzy ingredient powering our bestselling barrier mask.","Before salmon sperm facials took over BeautyTok, we launched The BARRIER Bioactive Treatment, which already featured PDRN (Sodium DNA). Get to know the buzzy ingredient powering our bestselling barrier mask.","2026-04-28T18:52","","social network","other","unknown","unknown","social_post","unknown","unknown","noise_or_low_trust","none","no","no","theme_supported","regenerative_biology","0.35","0.21","27","very_low","high","medical_aesthetics_silver_v1","No meaningful commercial-intent signals detected | Publication type supports social or community conversation | Contains first-person language | Contains treatment or outcome discussion | Author metadata exists, but it does not establish a reliable voice category | No validated research indicators","","","","","","","","","","unreviewed_machine_prelabel",""
"""""""wUZhcUhLlBOEuQiSdVwWxQ_Te3I""""""","https://lifestyle.us-az-culturalfoundation.com/story/80981/how-to-maximize-anti-aging-results-expert-tips-from-garden-citys-leading-medical-spa/","Cultural Foundation","","","","How to Maximize Anti-Aging Results: Expert Tips from Garden City’s Leading Medical Spa","... a growing shift toward anti-aging care that feels balanced rather than excessive. About Zoyya Anti-Aging & Aesthetics Zoyya Anti-Aging & ...","2026-04-20T16:13","United States","online news","media","journalist","news_reporting","news_article","consumer_news","editorial","market_context","none","no","no","profile_supported_needs_review","","0.66","0.76","49","low","medium","medical_aesthetics_silver_v1","No meaningful commercial-intent signals detected | Contains treatment or outcome discussion | News or reporting publication structure | News or trade content reporting research | Publication classified as news article | Intent selected by precedence","","","","","","","","","","unreviewed_machine_prelabel",""
"""""""s3YwG68eiTTctnigf5FfQeHgps0""""""","https://www.newsminimalist.com/articles/new-anti-aging-trend-focuses-on-skin-regeneration-for-lasting-results-a534b23e","News Minimalist","","","","New anti-aging trend focuses on skin regeneration for lasting results","A new anti-aging trend prioritizes biological skin regeneration over solely corrective procedures like Botox and fillers. This shift ...","2026-04-27T01:01","Canada","online news","media","journalist","news_reporting","news_article","consumer_news","editorial","market_context","none","no","no","profile_supported_needs_review","","0.68","0.77","44","low","medium","medical_aesthetics_silver_v1","No meaningful commercial-intent signals detected | Contains treatment or outcome discussion | News or reporting publication structure | No validated research indicators | Publication classified as news article | Intent selected by precedence","","","","","","","","","","unreviewed_machine_prelabel",""
"""""""yt-YFPrYTQWwKs""""""","https://www.youtube.com/watch?v=YFPrYTQWwKs","Youtube","Dr. Ayesha Skin Lounge","","","Sculptra (PLLA) combined with Hyaluronic Acid (HA) At Dr. Ayesha’s Skin Lounge","✨ Ready to lift sagging skin and soften wrinkles from within? At Dr. Ayesha’s Skin Lounge, we rejuvenate your face with the power of Sculptra (PLLA) combined with Hyaluronic Acid (HA) — for medical-grade, natural-looking results. 🌟 Our Advanced Treatment: Sculptra (PLLA) + HA:","2026-02-19T15:12","","social network","other","unknown","unknown","educational_video","unknown","unknown","noise_or_low_trust","none","no","no","theme_supported","natural_results|collagen_biostimulation","0.44","0.25","40","low","high","medical_aesthetics_silver_v1","Domain rule: youtube.com | No meaningful commercial-intent signals detected | Publication type supports social or community conversation | Contains first-person language | Contains treatment or outcome discussion | Author metadata exists, but it does not establish a reliable voice category","","","","","","","","","","unreviewed_machine_prelabel",""
"""""""-RG1cPh29k0r-frtp-6aWWFvcD4""""""","https://pr.taylorsvillecityjournal.com/article/Chin-Up-Aesthetics-Introduces-Clinical-Treatment-Planning-Protocol-to-Standardize-Conservative-Aesthetic-Outcomes?storyId=69e666f389481d0002f100c8","Taylorsville City Journal","","","","Chin Up! Aesthetics Introduces Clinical Treatment Planning Protocol to Standardize Conservative Aesthetic Outcomes","... patients understand the value of patience in achieving optimal aesthetic outcomes. The clinical treatment planning protocol extends ...","2026-04-20T13:30","United States","online news","provider_hcp","provider","news_reporting","news_article","provider_conversation","professional","market_context","none","no","no","theme_supported","provider_led_trust","0.64","0.66","90","very_high","medium","medical_aesthetics_silver_v1","No meaningful commercial-intent signals detected | Contains treatment or outcome discussion | Contains clinical discussion language | Author metadata contains a professional healthcare credential or role | Professional identity signal | Clinical or patient-care language","","","","","","","","","","unreviewed_machine_prelabel",""
"""""""ybXyOS3FGRw7D6yJy_mvbRH4gEQ""""""","https://pr.fayettevilleconnect.com/article/Debut-and-Natura-Partner-to-Commercialize-AI-Discovered-Skin-Longevity-Ingredient-for-Latin-America?storyId=6a16f9ba004597ee6ba13089","Connect Fayetteville","","","","Debut and Natura Partner to Commercialize AI-Discovered Skin Longevity Ingredient for Latin America","... will commercialize the AI-discovered complex upon successful clinical validation, uniting Debut's novel actives with Natura's ...","2026-05-27T10:00","United States","online news","media","journalist","news_reporting","news_article","consumer_news","editorial","market_context","none","no","no","profile_supported_needs_review","","0.67","0.76","44","low","medium","medical_aesthetics_silver_v1","No meaningful commercial-intent signals detected | Contains treatment or outcome discussion | News or reporting publication structure | No validated research indicators | Publication classified as news article | Intent selected by precedence","","","","","","","","","","unreviewed_machine_prelabel",""
"""""""1772751474000_rbXU3boY0ATnt4C1zg7S10q4iqoA""""""","https://twitter.com/natethe_gr8/statuses/2029692910480851356","Twitter","Nathaniel G.","@natethe_gr8","","","collagen + elastin • RCTs show improvement in acne scars and wrinkles 2. Botox • Reduces dynamic wrinkles • Indirect anti-aging effect over time • Prevents repetitive mechanical skin folding • Doesn’t improve skin quality but improves appearance C. SUPPLEMENTS (human trials only)","2026-03-05T17:57","United States","social network","provider_hcp","provider","unknown","social_repost","provider_conversation","professional","noise_or_low_trust","none","no","yes","theme_supported","skin_quality_over_volume|collagen_biostimulation","0.61","0.58","96","very_high","high","medical_aesthetics_silver_v1","Domain rule: twitter.com | No meaningful commercial-intent signals detected | Publication type supports social or community conversation | Contains treatment or outcome discussion | Author metadata exists, but it does not establish a reliable voice category | No validated research indicators","","","","","","","","","","unreviewed_machine_prelabel",""
"""""""3J079xq38xN4yOsMPL874s7vRcg""""""","https://lifestyle.nextmentors.com/story/555911/sofwave-medical-reports-fourth-quarter-and-full-year-2025-financial-results-and-achieves-full-year-profitability/","XPR Lifestyle","","","","Sofwave Medical Reports Fourth Quarter and Full Year 2025 Financial Results and Achieves Full-Year Profitability","... on delivering sustainable, innovative, non-invasive regenerative aesthetic solutions, like Pure Impact VIP™, our next-generation ...","2026-03-17T08:42","United States","online news","media","journalist","news_reporting","news_article","consumer_news","editorial","market_context","none","no","no","profile_supported_needs_review","","0.68","0.77","44","low","medium","medical_aesthetics_silver_v1","No meaningful commercial-intent signals detected | Contains first-person language | Contains treatment or outcome discussion | News or reporting publication structure | No validated research indicators | Publication classified as news article","","","","","","","","","","unreviewed_machine_prelabel",""
"""""""yt-T5e5aNXYsjI""""""","https://www.youtube.com/watch?v=T5e5aNXYsjI","Youtube","AnnEvolving","","","What is PDRN (Would You Put this On Your Skin?) #pdrn #capsulecream #kbeauty #trendingskincare","creams on mature skin and break down what PDRN actually does, whether it really boosts collagen or “repairs” skin, and if these formulas are worth it — or just a very satisfying skincare trend. Learn about PDRN salmon DNA fragments and hydrolized collagen featured inside the","2026-05-10T11:31","","social network","patient","patient","provider_education","educational_video","unknown","lived_experience","noise_or_low_trust","none","no","no","theme_supported","collagen_biostimulation|regenerative_biology","0.81","0.80","40","low","low","medical_aesthetics_silver_v1","Domain rule: youtube.com | No meaningful commercial-intent signals detected | Publication type supports social or community conversation | Contains first-person language | Contains lived-experience language | Contains community-question or discussion language","","","","","","","","","","unreviewed_machine_prelabel",""
"""""""PEr56IPFZ1qYy3rHUJn7WWfliAA""""""","https://igenyesno.hu/uncategorized/lazac-dns-madarurulek-es-vampirkezelesek-tenyleg-mukodnek-a-legfurcsabb-skincare-trendek","IF-Group Kft","","","","Lazac DNS, madárürülék és vámpírkezelések: tényleg működnek a legfurcsább skincare trendek?","... „vámpír arckezelés” (PRP) viszont komolyabb tudományos érdeklődést vált ki: a saját vérből kivont növekedési faktorok segíthetik a ...","2026-04-03T17:04","Hungary","online news","media","journalist","news_reporting","news_article","consumer_news","editorial","market_context","none","no","no","theme_supported","regenerative_biology","0.67","0.76","44","low","medium","medical_aesthetics_silver_v1","No meaningful commercial-intent signals detected | News or reporting publication structure | No validated research indicators | Publication classified as news article | Intent selected by precedence | Mapped from publication type: news_article","","","","","","","","","","unreviewed_machine_prelabel",""
"""""""RVSgSrwKLGLJBQzG13HXgx3tOkY""""""","https://www.prnewswire.com/news-releases/new-markets-new-treatments-skinspirit-and-nordstrom-expand-their-growing-partnership-302753016.html","PR Newswire","","","","New Markets, New Treatments: SkinSpirit and Nordstrom Expand Their Growing Partnership","... will offer its signature, award-winning facials, injectables including BOTOX ® Cosmetic and dermal fillers, microneedling with customized ...","2026-04-24T10:36","United States","online news","company","brand","brand_announcement","press_release","corporate_pr","commercial","commercial_signal","none","yes","no","profile_supported_needs_review","","0.80","0.84","22","very_low","low","medical_aesthetics_silver_v1","Domain rule: prnewswire.com | No meaningful commercial-intent signals detected | Contains treatment or outcome discussion | Publication is classified as a press release | No validated research indicators | Press release establishes announcement intent","","","","","","","","","","unreviewed_machine_prelabel",""
"""""""yt-PtNoQVBLEC8""""""","https://www.youtube.com/watch?v=PtNoQVBLEC8","Youtube","Glam Derma","","","uvelook vs Juvelook Volume 💉✨ What's the difference?","intended for use by licensed professionals only. Individual results may vary. #Juvelook #JuvelookVolume #PDLLA #CollagenStimulation #SkinBooster #AestheticMedicine #Dermatology #SkinQuality #AntiAging #FacialRejuvenation #VolumeRestoration #KoreanAesthetics #AestheticComparison","2026-05-29T21:03","","social network","company","clinic","clinic_promotion","promotional_video","clinic_marketing","commercial","commercial_signal","none","yes","no","theme_supported","collagen_biostimulation","0.70","0.74","15","very_low","medium","medical_aesthetics_silver_v1","Domain rule: youtube.com | No meaningful commercial-intent signals detected | Publication type supports social or community conversation | Contains treatment or outcome discussion | Author metadata exists, but it does not establish a reliable voice category | No validated research indicators","","","","","","","","","","unreviewed_machine_prelabel",""
"""""""kGA3tzUl8PDu-jyhIBvjugPwr-A""""""","https://creativebharat.com/from-snail-slime-to-vampire-facials-dermatologist-says-social-media-is-driving-trends-for-glowing-skin-treatments/","Creativebharat","","","","From snail slime to Vampire facials: Dermatologist says social media is driving trends for glowing skin treatments","... images on social media. This has resulted in unconventional skincare trends, such as snail mucin skincare or vampire facials”. The rise of ...","2026-01-05T05:10","India","online news","media","journalist","news_reporting","news_article","consumer_news","editorial","market_context","none","no","no","theme_supported","provider_led_trust","0.67","0.75","44","low","medium","medical_aesthetics_silver_v1","No meaningful commercial-intent signals detected | Contains treatment or outcome discussion | News or reporting publication structure | No validated research indicators | Publication classified as news article | Intent selected by precedence","","","","","","","","","","unreviewed_machine_prelabel",""
"""""""PgcOH3FjuIjGYX4LsL5EgsB2Sgw""""""","http://finance.sausalito.com/camedia.sausalito/article/pressadvantage-2026-1-6-perfect-esthetics-advances-aesthetic-medicine-standards-in-switzerland-with-technology-enhanced-patient-safety","Sausalito.com","","","","Perfect Esthetics Advances Aesthetic Medicine Standards in Switzerland with Technology-Enhanced Patient Safety","... a specialized aesthetic medicine facility offering comprehensive non-surgical cosmetic treatments. The clinic combines medical expertise ...","2026-01-06T16:02","United States","online news","media","journalist","news_reporting","news_article","consumer_news","editorial","market_context","none","no","no","theme_supported","provider_led_trust","0.68","0.77","44","low","medium","medical_aesthetics_silver_v1","No meaningful commercial-intent signals detected | Contains treatment or outcome discussion | Contains clinical discussion language | News or reporting publication structure | No validated research indicators | Publication classified as news article","","","","","","","","","","unreviewed_machine_prelabel",""
"""""""-xKo5dkPtC8imNR0GeIa18A2x5k""""""","https://www.interndaily.com/reports/prnewswire-interndaily-news.html?rkey=20260406CN27406&filter=1622","Intern Daily","","","","CGBIO Showcases Comprehensive Medical Device Portfolio at KIMES 2026 Achieves KRW 5.3 Billion in Contract Results","FACETEM (aesthetic), Curasys ME (wound care), NOVOSIS (bone substitute), and CG GEL (endoscopic hemostatic agent). FACETEM is a collagen ...","2026-04-06T09:59","Australia","online news","company","brand","brand_announcement","press_release","corporate_pr","commercial","commercial_signal","none","yes","no","theme_supported","collagen_biostimulation","0.73","0.83","4","very_low","medium","medical_aesthetics_silver_v1","No meaningful commercial-intent signals detected | Contains first-person language | Contains treatment or outcome discussion | Publication is classified as a press release | No validated research indicators | Press release establishes announcement intent","","","","","","","","","","unreviewed_machine_prelabel",""
"""""""S6O4_2yGmccnuaLCkTAF-91KOv0""""""","https://www.thehealthsite.com/beauty/the-truth-about-snail-mucinmiracle-skincare-ingredient-or-just-a-trend-1290775/","The Health Site","Bhavya Gulati","","","The Truth About Snail Mucin:Miracle Skincare Ingredient Or Just A Trend?","... from Korean Beauty Trends and taken the global skincare industry by storm.Since rehydrating serums to repair creams, this bizarre substance ...","2026-01-06T04:13","India","online news","media","journalist","news_reporting","news_article","consumer_news","editorial","market_context","none","no","no","profile_supported_needs_review","","0.67","0.76","44","low","medium","medical_aesthetics_silver_v1","No meaningful commercial-intent signals detected | News or reporting publication structure | No validated research indicators | Publication classified as news article | Intent selected by precedence | Mapped from publication type: news_article","","","","","","","","","","unreviewed_machine_prelabel",""
"""""""yt-UgyUlz9Ih7GHXpdM16Z4AaABAg""""""","https://www.youtube.com/watch?v=s-JPiVs3xqU&lc=UgyUlz9Ih7GHXpdM16Z4AaABAg","Youtube","Comment on Shallon Lester","","","","I’ve gotten Radiesse to add a jawline and chin on my face in 2021. It’s been years and my face still looks snatched. I’ve also added facial gua sha everyday to help enhance it since.","2026-05-16T13:41","United States","social network","patient","patient","unknown","educational_video","unknown","lived_experience","noise_or_low_trust","none","no","no","theme_supported","collagen_biostimulation","0.50","0.37","40","low","high","medical_aesthetics_silver_v1","Domain rule: youtube.com | No meaningful commercial-intent signals detected | Publication type supports social or community conversation | Contains first-person language | Author metadata exists, but it does not establish a reliable voice category | No validated research indicators","","","","","","","","","","unreviewed_machine_prelabel",""
"""""""GXAK9XOdu0now372P-zfhnkIYBM""""""","https://allhiphop.com/uncategorized/kim-kardashian-sofwave-skin-treatment-does-it-really-firm-the-skin/","AllHipHop","","","","Kim Kardashian Sofwave Skin Treatment: Does It Really Firm the Skin?","... question remains: does Sofwave actually firm the skin? Based on clinical studies and user feedback Sofwave has shown promising results and ...","2026-03-26T20:00","United States","online news","media","journalist","news_reporting","news_article","consumer_news","editorial","market_context","none","no","no","profile_supported_needs_review","","0.67","0.76","44","low","medium","medical_aesthetics_silver_v1","No meaningful commercial-intent signals detected | Contains treatment or outcome discussion | News or reporting publication structure | No validated research indicators | Publication classified as news article | Intent selected by precedence","","","","","","","","","","unreviewed_machine_prelabel",""
"""""""AUYghBtDzOOye39RCzMCXm6Z6lg""""""","https://www.harpersbazaar.com/uk/beauty/skincare/a69670642/skin-tightening-treatments/","Harper's Bazaar","Bridget March","","","7 best skin-tightening treatments for a youthful lift, from injectables to microneedling","... ,” she confirms. Illuminate Skin Clinic Bridget March before and after Sofwave Injectables (Sculptra, Juläine, Profhilo Body) Dr Soni’s ...","2026-01-06T05:15","United Kingdom","online news","media","journalist","news_reporting","news_article","consumer_news","editorial","market_context","none","no","no","theme_supported","collagen_biostimulation","0.68","0.76","44","low","medium","medical_aesthetics_silver_v1","No meaningful commercial-intent signals detected | Contains community-question or discussion language | Contains treatment or outcome discussion | News or reporting publication structure | No validated research indicators | Publication classified as news article","","","","","","","","","","unreviewed_machine_prelabel",""
"""""""07BN13fmUYZ3Ne8Wf9pD5zh6DWM""""""","https://districtdailynews.in/before-you-try-another-trend-read-this-about-your-skin/","District Daily News","","","","Before You Try Another Trend, Read This About Your Skin","... qualified medical professional who understands both anatomy and aesthetics. Dr. Gunjan Gangaraju, Medical Graduate and Aesthetic ...","2026-02-20T01:45","India","online news","media","journalist","news_reporting","news_article","consumer_news","editorial","market_context","none","no","no","profile_supported_needs_review","","0.68","0.78","44","low","medium","medical_aesthetics_silver_v1","No meaningful commercial-intent signals detected | News or reporting publication structure | No validated research indicators | Publication classified as news article | Intent selected by precedence | Mapped from publication type: news_article","","","","","","","","","","unreviewed_machine_prelabel",""
"""""""mFzPj89BJfeSoAIEcSgc9egW0j0""""""","https://www.mk.co.kr/en/business/11924654","매경LUXMEN - 매일경제","","","","At CES, the world's largest information technology (IT) technology exhibition, which opened in Las V..","""... years since 2022. 사진 확대 Cosmax Cosmetics Customized Maker 'Max Face' Cosmax won the Innovation Award with its customized device """"Max Face"""" ...""","2026-01-06T02:03","South Korea","online news","media","journalist","news_reporting","news_article","consumer_news","editorial","market_context","none","no","no","profile_supported_needs_review","","0.68","0.78","44","low","medium","medical_aesthetics_silver_v1","No meaningful commercial-intent signals detected | News or reporting publication structure | No validated research indicators | Publication classified as news article | Intent selected by precedence | Mapped from publication type: news_article","","","","","","","","","","unreviewed_machine_prelabel",""
"""""""p7n4vFSlufAJRFPKbMFCaULKUxo""""""","https://www.augsburger-allgemeine.de/empfehlungen/skin-longevity-trockene-haut-114106576","Augsburger Allgemeine","Wolfgang Winter","","","Skin Longevity trockene Haut: Die besten Pflege-Deals für jugendliche Ausstrahlung","... die Feuchtigkeit in der Haut, perfekt für langanhaltende Skin Longevity bei trockener Haut. Absolute Preisbrecher: Diese Skin ...","2026-04-29T09:43","Germany","online news","media","journalist","news_reporting","news_article","consumer_news","editorial","market_context","none","no","no","profile_supported_needs_review","","0.67","0.76","44","low","medium","medical_aesthetics_silver_v1","No meaningful commercial-intent signals detected | News or reporting publication structure | No validated research indicators | Publication classified as news article | Intent selected by precedence | Mapped from publication type: news_article","","","","","","","","","","unreviewed_machine_prelabel",""
"""""""yt-dYsdlcnExp8""""""","https://www.youtube.com/watch?v=dYsdlcnExp8","Youtube","Body Catalyst","","","Ozempic doing the weight loss… but leaving you with a sagging chin?","weight loss can mean less facial support, especially around the jawline and under the chin. At Body Catalyst, we focus on rebuilding structure, not just chasing weight loss. Think skin tightening, collagen stimulation and visible jawline definition, no injectables, no downtime.","2026-02-24T02:01","","social network","provider_hcp","provider","provider_education","educational_video","provider_conversation","professional","professional_interpretation","none","no","no","theme_supported","collagen_biostimulation","0.74","0.80","97","very_high","medium","medical_aesthetics_silver_v1","Domain rule: youtube.com | No meaningful commercial-intent signals detected | Publication type supports social or community conversation | Contains first-person language | Contains treatment or outcome discussion | Author metadata exists, but it does not establish a reliable voice category","","","","","","","","","","unreviewed_machine_prelabel",""
"""""""f8hhqntt3sFLYlLleM738GV9VJc""""""","https://pr.newsaegis.com/article/REJURAN-COSMETICS-Debuts-at-Sephora-Expanding-Its-Footprint-Across-the-US-Market?storyId=69b350d53971457808b098c1","St. Clair News-Aegis","","","","REJURAN COSMETICS Debuts at Sephora, Expanding Its Footprint Across the U.S. Market","... REJURAN Cosmetics as a leading global derma-cosmetic brand. About REJURAN COSMETICS REJURAN® COSMETICS is a premium derma-skincare brand ...","2026-03-12T19:45","United States","online news","media","journalist","news_reporting","news_article","consumer_news","editorial","market_context","none","no","no","profile_supported_needs_review","","0.67","0.76","44","low","medium","medical_aesthetics_silver_v1","No meaningful commercial-intent signals detected | News or reporting publication structure | No validated research indicators | Publication classified as news article | Intent selected by precedence | Mapped from publication type: news_article","","","","","","","","","","unreviewed_machine_prelabel",""
"""""""o_88cWoiase3zj6K4H01vmAtMYg""""""","https://smb.theleesvilleleader.com/article/Pittsburgh-Aesthetics-Rebrands-as-Avere-Beauty-Expanding-Med-Spa-Services-in-Mars-Pennsylvania-and-Surrounding-Areas?storyId=69b742fd3971457808b09c9b","Leesville Leader","","","","Pittsburgh Aesthetics Rebrands as Avere Beauty, Expanding Med Spa Services in Mars, Pennsylvania and Surrounding Areas","... the same experience and care patients know and trust. Expanded med spa services : Patients can continue to access a full suite of ...","2026-03-15T19:37","United States","online news","media","journalist","news_reporting","news_article","consumer_news","editorial","market_context","none","no","no","profile_supported_needs_review","","0.67","0.76","44","low","medium","medical_aesthetics_silver_v1","No meaningful commercial-intent signals detected | News or reporting publication structure | No validated research indicators | Publication classified as news article | Intent selected by precedence | Mapped from publication type: news_article","","","","","","","","","","unreviewed_machine_prelabel",""
"""""""yt-F82BYHz218Y""""""","https://www.youtube.com/watch?v=F82BYHz218Y","Youtube","yasmeenhalbouni","","","Korean Skin Treatments in LA… My Face is GLOWING! ✨🇰🇷#short","glow-boosting treatments — the results are insane. Glass skin is REAL! ✨🇰🇷 Watch till the end to see the transformation. #koreanskincare #glassskin #skintreatment #losangeles #glowingskin #beautyshorts #facialtreatment #skincare #viralshorts #beforeandafter #koreanbeauty","2026-03-24T12:45","","social network","patient","patient","unknown","educational_video","unknown","lived_experience","noise_or_low_trust","none","no","no","profile_supported_needs_review","","0.53","0.41","40","low","high","medical_aesthetics_silver_v1","Domain rule: youtube.com | No meaningful commercial-intent signals detected | Publication type supports social or community conversation | Contains first-person language | Contains treatment or outcome discussion | Author metadata exists, but it does not establish a reliable voice category","","","","","","","","","","unreviewed_machine_prelabel",""
"""""""UpIw56Gg4C67uYi7xlkTeg1sQB0""""""","https://actionswift.com/news/600k-japanese-patients-seeking-premium-skin-rejuvenation-lydian-clinic-announce/549118","Action Swift","","","","600K Japanese Patients Seeking Premium Skin Rejuvenation: Lydian Clinic Announce","... dermatology market, stem cell and exosome therapies gaining traction, and a strong cultural pull toward Korean beauty innovation, Lydian ...","2026-05-18T15:59","United States","online news","media","journalist","news_reporting","news_article","consumer_news","editorial","market_context","none","no","no","profile_supported_needs_review","","0.66","0.75","44","low","medium","medical_aesthetics_silver_v1","No meaningful commercial-intent signals detected | Contains treatment or outcome discussion | News or reporting publication structure | No validated research indicators | Publication classified as news article | Intent selected by precedence","","","","","","","","","","unreviewed_machine_prelabel",""
"""""""V4ueXK-Lvp0DMm1NJlEXV8mPkBY""""""","https://smb.clemmonscourier.net/article/Sofwave-Medical-Reports-First-Quarter-Fiscal-2026-Financial-Results-and-Business-Highlights?storyId=69f9e3a8f625e38428138c03","The Clemmons Courier","","","","Sofwave Medical Reports First Quarter Fiscal 2026 Financial Results and Business Highlights","... demand for effective, non-invasive regenerative aesthetic solutions,” Mr. Scafuri concluded. Dr. Shimon Eckhouse, Chairman of the Board, ...","2026-05-05T08:58","United States","online news","media","journalist","news_reporting","news_article","consumer_news","editorial","market_context","none","no","no","profile_supported_needs_review","","0.67","0.76","44","low","medium","medical_aesthetics_silver_v1","No meaningful commercial-intent signals detected | Contains treatment or outcome discussion | News or reporting publication structure | No validated research indicators | Publication classified as news article | Intent selected by precedence","","","","","","","","","","unreviewed_machine_prelabel",""
"""""""DKpDhkWZLXKAOhIuN1bjOxHETDc""""""","https://pr.boreal.org/article/Perfect-Esthetics-Advances-Aesthetic-Medicine-Standards-in-Switzerland-with-Technology-Enhanced-Patient-Safety?storyId=695d8322201f1c00028b7641","Boreal Community Media","","","","Perfect Esthetics Advances Aesthetic Medicine Standards in Switzerland with Technology-Enhanced Patient Safety","... a specialized aesthetic medicine facility offering comprehensive non-surgical cosmetic treatments. The clinic combines medical expertise ...","2026-01-06T16:02","United States","online news","media","journalist","news_reporting","news_article","consumer_news","editorial","market_context","none","no","no","theme_supported","provider_led_trust","0.68","0.77","44","low","medium","medical_aesthetics_silver_v1","No meaningful commercial-intent signals detected | Contains treatment or outcome discussion | Contains clinical discussion language | News or reporting publication structure | No validated research indicators | Publication classified as news article","","","","","","","","","","unreviewed_machine_prelabel",""
"""""""yt-XFI5Ta2aYEQ""""""","https://www.youtube.com/watch?v=XFI5Ta2aYEQ","Youtube","MikiCarrBeauty","","","I LOVE KOREAN SKINCARE! Game changer for my skin & saving money! Visiting two K-Beauty stores!","FAM, Korean skincare has been 100 percent a game changer for me. My skin has never been healthier AND I'm saving money! I review and demo my skincare routine using exclusively KOREAN SKINCARE! I also had a chance to visit two skincare & beauty stores that sell Korean skincare and","2026-05-15T08:00","","social network","other","unknown","testimonial","testimonial_video","youtube_review","unknown","noise_or_low_trust","none","no","no","profile_supported_needs_review","","0.60","0.53","75","high","high","medical_aesthetics_silver_v1","Domain rule: youtube.com | No meaningful commercial-intent signals detected | Publication type supports social or community conversation | Contains first-person language | Author metadata exists, but it does not establish a reliable voice category | No validated research indicators","","","","","","","","","","unreviewed_machine_prelabel",""
"""""""1769316694000_0AIDiSAX7B4u-lJ98jCY0b3rErYA""""""","https://twitter.com/krishworlds/statuses/2015286401525510282","Twitter","B G KRISHNA","@krishworlds","","","RT @CNNnews18: Skin Boosters Vs Facials: Which One Gives Long-Lasting Results? #Skincare #Lifestyle https://t.co/IX20hOo7da","2026-01-24T23:51","","social network","other","unknown","unknown","social_repost","unknown","unknown","noise_or_low_trust","none","no","yes","theme_supported","skin_quality_over_volume","0.59","0.53","40","low","high","medical_aesthetics_silver_v1","Domain rule: twitter.com | No meaningful commercial-intent signals detected | Publication type supports social or community conversation | Contains community-question or discussion language | Contains treatment or outcome discussion | Author metadata exists, but it does not establish a reliable voice category","","","","","","","","","","unreviewed_machine_prelabel",""
"""""""Bx9OqI19BGeocv3aQxybL9jpNbQ""""""","https://lifestyle.ebusinessplanet.com/story/480987/global-cbd-skin-care-market-projected-to-reach-usd-581-billion-by-2036-driven-by-innovation-and-premiumization/","lifestyle.ebusinessplanet.com","","","","Global CBD Skin Care Market Projected to Reach USD 58.1 Billion by 2036 Driven by Innovation and Premiumization","... www.futuremarketinsights.com/reports/cbd-infused-skincare-market PDRN Skincare Market: https://www.futuremarketinsights.com/reports/pdrn- ...","2026-02-13T16:58","United States","online news","media","journalist","news_reporting","news_article","consumer_news","editorial","market_context","none","no","no","theme_supported","regenerative_biology","0.67","0.76","44","low","medium","medical_aesthetics_silver_v1","No meaningful commercial-intent signals detected | News or reporting publication structure | No validated research indicators | Publication classified as news article | Intent selected by precedence | Mapped from publication type: news_article","","","","","","","","","","unreviewed_machine_prelabel",""
"""""""yt-t6yC6K7y1lQ""""""","https://www.youtube.com/watch?v=t6yC6K7y1lQ","Youtube","AMRITVAM","","","Are We Purifying the Life Out of Our Water Part-1","Fix the base first, and watch everything else improve automatically. foundation of health, skin longevity, gut health and hydration, daily hydration tips, metabolic health, cell health, water vs skincare, body hydration percentage, science based wellness, back to basics health,","2026-05-26T07:54","","social network","other","unknown","unknown","educational_video","unknown","unknown","noise_or_low_trust","none","no","no","profile_supported_needs_review","","0.41","0.20","40","low","high","medical_aesthetics_silver_v1","Domain rule: youtube.com | No meaningful commercial-intent signals detected | Publication type supports social or community conversation | Contains first-person language | Author metadata exists, but it does not establish a reliable voice category | No validated research indicators","","","","","","","","","","unreviewed_machine_prelabel",""
"""""""JzbFjloRS6YlHRoCbsm_Duvgtk4""""""","https://lifestyle.thedam.fm/story/123673/springs-rejuvenation-miami-pioneers-live-stem-cell-therapy/","Thedam FM","","","","Springs Rejuvenation Miami Pioneers Live Stem Cell Therapy","... treatment options, the clinic is dedicated to helping patients achieve their health goals. As one of the first clinics to offer live stem ...","2026-03-19T12:36","United States","online news","media","journalist","news_reporting","news_article","consumer_news","editorial","market_context","none","no","no","profile_supported_needs_review","","0.68","0.77","44","low","medium","medical_aesthetics_silver_v1","No meaningful commercial-intent signals detected | Contains treatment or outcome discussion | News or reporting publication structure | No validated research indicators | Publication classified as news article | Intent selected by precedence","","","","","","","","","","unreviewed_machine_prelabel",""
"""""""Fy6EO81qk3JDauMa6Gh4jl8qmF0""""""","https://theindustry.beauty/lookfantastic-search-trends-highlight-top-k-beauty-brands-and-products/","The Industry Beauty","","","","Lookfantastic search trends highlight top K-beauty brands and products","... -based skincare remains strong, largely due to its association with hydration and smoother-looking skin. While topical collagen does not ...","2026-05-05T07:45","United Kingdom","online news","media","journalist","news_reporting","news_article","consumer_news","editorial","market_context","none","no","no","theme_supported","collagen_biostimulation","0.67","0.76","44","low","medium","medical_aesthetics_silver_v1","No meaningful commercial-intent signals detected | News or reporting publication structure | No validated research indicators | Publication classified as news article | Intent selected by precedence | Mapped from publication type: news_article","","","","","","","","","","unreviewed_machine_prelabel",""
"""""""Xm8CdIqu1tOOPhKdf0JC341KV74""""""","https://fabelish.com/craith-lab-serious-science-serious-skin/","Fabelish","Amanda","","","Craith Lab: Serious Science. Serious Skin.","Skincare that leans on epigenetics, collagen regeneration, and skin-barrier intelligence doesn’t need hype—it needs results. Craith Lab plays in that space with high-performance formulas designed to strengthen, protect, and visibly improve the skin, day and night. Think fast-","2026-02-02T12:25","","blog","other","unknown","unknown","blog_post","personal_blog","unknown","noise_or_low_trust","none","no","no","theme_supported","collagen_biostimulation","0.39","0.30","48","low","high","medical_aesthetics_silver_v1","No meaningful commercial-intent signals detected | Publication type supports social or community conversation | Contains treatment or outcome discussion | Author metadata exists, but it does not establish a reliable voice category | No validated research indicators | Provider identity signal: do","","","","","","","","","","unreviewed_machine_prelabel",""
"""""""JjZB3Gb8sr_sPMeEEQkqX9QEO1M""""""","https://www.francenetworktimes.com/news/reglow-skin-hair-aesthetic-clinic-kokapets-premier-destination-for-advanced-dermatology-aesthetic-treatments20260505172629/","France Network Times","","","","Reglow Skin Hair & Aesthetic Clinic: Kokapet's Premier Destination for Advanced Dermatology & Aesthetic Treatments","... , Treating Second In a market where dermatology clinics often compete on the latest machines or the most glamorous interiors, Reglow Skin ...","2026-05-05T10:01","France","online news","media","journalist","news_reporting","news_article","consumer_news","editorial","market_context","none","no","no","profile_supported_needs_review","","0.66","0.74","44","low","medium","medical_aesthetics_silver_v1","No meaningful commercial-intent signals detected | Contains treatment or outcome discussion | News or reporting publication structure | No validated research indicators | Publication classified as news article | Intent selected by precedence","","","","","","","","","","unreviewed_machine_prelabel",""
"""""""yt-XhdXiJpJI4U""""""","https://www.youtube.com/watch?v=XhdXiJpJI4U","Youtube","YAANCLINIC ENG","","","This treatment focuses on improving smile lines while preserving natural facial movement.","Sculptra supports collagen production gradually, rather than creating instant volume.Results develop over time and vary by individual. #sculptrabuttlift #SmileLines#rejuvenation#collagen#koreanskincare","2026-02-14T00:25","","social network","company","clinic","clinic_promotion","promotional_video","clinic_marketing","commercial","commercial_signal","none","yes","no","theme_supported","collagen_biostimulation","0.70","0.74","15","very_low","medium","medical_aesthetics_silver_v1","Domain rule: youtube.com | No meaningful commercial-intent signals detected | Publication type supports social or community conversation | Contains treatment or outcome discussion | Author metadata exists, but it does not establish a reliable voice category | No validated research indicators","","","","","","","","","","unreviewed_machine_prelabel",""
"""""""QRgKAsUHFB8DtNde-lQgFKK_v9Q""""""","https://www.mediaglobetoday.com/article/889778377-youshine-medspa-breaks-down-prp-therapy-cost-and-value-for-health-and-aesthetic-investment","Media Globe Today","","","","YouShine Medspa Breaks Down PRP Therapy Cost and Value for Health and Aesthetic Investment","What Influences PRP Therapy Cost According to YouShine Medspa, PRP therapy cost is not a one size fits all figure. Pricing is influenced ...","2026-02-13T00:28","United States","online news","media","journalist","news_reporting","news_article","consumer_news","editorial","market_context","none","no","no","theme_supported","regenerative_biology","0.68","0.78","44","low","medium","medical_aesthetics_silver_v1","No meaningful commercial-intent signals detected | Contains treatment or outcome discussion | News or reporting publication structure | No validated research indicators | Journalistic signal: according to | Publication classified as news article","","","","","","","","","","unreviewed_machine_prelabel",""
"""""""xl8Hi-05RYc6-o0KsfrwKm5oFAk""""""","https://ie.pinterest.com/pin/336714509704494919/","Pinterest","Your Skin Expert Advanced Aesthetic Clinic","corkskinexpert","","A close-up moment during Plasma Fusion treatment on male skin. This technology works with controlled plasma energy to support skin regeneration, texture refinement, and overall skin quality. Precise. Targeted. Non-invasive. If you have questions about this treatment, just text me.","A close-up moment during Plasma Fusion treatment on male skin. This technology works with controlled plasma energy to support skin regeneration, texture refinement, and overall skin quality. Precise. Targeted. Non-invasive. If you have questions about this treatment, just text me","2026-01-28T11:15","","social network","company","clinic","unknown","social_post","clinic_marketing","commercial","noise_or_low_trust","none","yes","no","theme_supported","skin_quality_over_volume","0.36","0.24","0","very_low","high","medical_aesthetics_silver_v1","No meaningful commercial-intent signals detected | Publication type supports social or community conversation | Contains first-person language | Contains treatment or outcome discussion | Author metadata exists, but it does not establish a reliable voice category | No validated research indicators","","","","","","","","","","unreviewed_machine_prelabel",""
"""""""DWbAzjVlJRNcBOYH7MSClF2i7C8""""""","https://ie.pinterest.com/pin/161214861661104160/","Pinterest","Beauty Blue Skincare","tararickettsstarfall","","Let your skin drink slowly. ✨ Real transformation isn’t rushed—it’s nurtured, day by day. Consistency with pure, nutrient-rich oils restores what time has taken, strengthening your barrier, softening fine lines, and bringing your natural glow back to life. This isn’t quick-fix skincare… this is skin longevity. 🌿 https://beautyblueskincare.etsy.com #BeautyBlue #MatureSkinCare #SkinBarrierRepair #NaturalGlow #FaceOilBenefits","has taken, strengthening your barrier, softening fine lines, and bringing your natural glow back to life. This isn’t quick-fix skincare… this is skin longevity. 🌿 https://beautyblueskincare.etsy.com #BeautyBlue #MatureSkinCare #SkinBarrierRepair #NaturalGlow #FaceOilBenefits","2026-03-23T15:40","","social network","other","unknown","unknown","social_post","unknown","unknown","noise_or_low_trust","none","no","no","profile_supported_needs_review","","0.33","0.19","26","very_low","high","medical_aesthetics_silver_v1","No meaningful commercial-intent signals detected | Publication type supports social or community conversation | Author metadata exists, but it does not establish a reliable voice category | No validated research indicators | Provider identity signal: do | No intent candidate satisfied eligibility requirements","","","","","","","","","","unreviewed_machine_prelabel",""
"""""""1779228009000_9ICfZZP-sdBdsjID4XZTpkLawxEA""""""","https://x.com/GetStyleMag/status/2056857468634820981","Twitter","Style Magazine","@getstylemag","","","aesthetics, one grounded in education, trust and helping people feel good in their own skin. A Medical Aesthetician for about a year, Soni embraces a natural approach to beauty, encouraging clients to care for and embrace their natural skin rather than cover it up. From facials","2026-05-19T18:00","United States","social network","other","unknown","unknown","social_post","unknown","unknown","noise_or_low_trust","none","no","no","profile_supported_needs_review","","0.37","0.14","40","low","high","medical_aesthetics_silver_v1","Domain rule: x.com | No meaningful commercial-intent signals detected | Publication type supports social or community conversation | Author metadata exists, but it does not establish a reliable voice category | No validated research indicators | No intent candidate satisfied eligibility requirements","","","","","","","","","","unreviewed_machine_prelabel",""
"""""""K4HrWst6sr5vAWtuWv5aaIO0XcU""""""","https://manamatopnews.com/post/amwc-2026-galderma-showcases-category-leading-innovation-with-a-comprehensive-portfolio-and-holistic-future-focused-aesthetic-strategies","ManamaTopNews.com","","","","AMWC 2026: Galderma Showcases Category‑leading Innovation With a Comprehensive Portfolio and Holistic, Future‑focused Aesthetic Strategies","... and services that span the full spectrum of the fast-growing dermatology market through Injectable Aesthetics, Dermatological Skincare ...","2026-03-17T16:59","Bahrain","online news","media","journalist","news_reporting","news_article","consumer_news","editorial","market_context","none","no","no","profile_supported_needs_review","","0.67","0.76","44","low","medium","medical_aesthetics_silver_v1","No meaningful commercial-intent signals detected | Contains treatment or outcome discussion | News or reporting publication structure | No validated research indicators | Publication classified as news article | Intent selected by precedence","","","","","","","","","","unreviewed_machine_prelabel",""
"""""""xJpVV1zG-a_RfdJfMqXJtSjmq48""""""","https://www.businesstimesjournal.com/article/900630557-dermal-filler-market-2026-growing-with-demand-for-non-surgical-aesthetic-procedures","Business Times Journal","","","","Dermal Filler Market 2026 growing with demand for non-surgical aesthetic procedures","... plc, NMC Healthcare Ltd., Aesthetic Partners Inc., LaserAway LLC, Ideal Image Development Corporation, Advanced Dermatology and Cosmetic ...","2026-03-22T22:00","United States","online news","media","journalist","news_reporting","news_article","consumer_news","editorial","market_context","none","no","no","profile_supported_needs_review","","0.66","0.75","44","low","medium","medical_aesthetics_silver_v1","No meaningful commercial-intent signals detected | Contains treatment or outcome discussion | News or reporting publication structure | No validated research indicators | Publication classified as news article | Intent selected by precedence","","","","","","","","","","unreviewed_machine_prelabel",""
"""""""k24htryDtEt_nGOKuDtSw8cFT_c""""""","https://lifestyle.hubspotes.com/story/552431/amwc-2026-galderma-showcases-categoryleading-innovation-with-a-comprehensive-portfolio-and-holistic-futurefocused-aesthetic-strategies/","lifestyle.hubspotes.com","","","","AMWC 2026: Galderma Showcases Category‑leading Innovation With a Comprehensive Portfolio and Holistic, Future‑focused Aesthetic Strategies","... and services that span the full spectrum of the fast-growing dermatology market through Injectable Aesthetics, Dermatological Skincare ...","2026-03-17T10:33","United States","online news","media","journalist","news_reporting","news_article","consumer_news","editorial","market_context","none","no","no","profile_supported_needs_review","","0.67","0.76","44","low","medium","medical_aesthetics_silver_v1","No meaningful commercial-intent signals detected | Contains treatment or outcome discussion | News or reporting publication structure | No validated research indicators | Publication classified as news article | Intent selected by precedence","","","","","","","","","","unreviewed_machine_prelabel",""
"""""""a_PdJe6f1pB2pdjJp7vECdpWv-s""""""","https://inspiredfoodery.com/prnewswirenewsfeed/?rkey=20260518LA61381&filter=24654","INSPIRED FOODERY","","","","""SKINformed Leads the Rise of """"Clean Clinical"""" Skincare -- Where Medical-Grade Science Meets Clean, Safe Ingredients""","""... as a trendsetting force in the rapidly growing """"clean clinical"""" beauty movement. Founded by aesthetic physician Dr. Adrienne O'Connell, ...""","2026-05-18T09:54","United States","online news","company","brand","brand_announcement","press_release","corporate_pr","commercial","commercial_signal","none","yes","no","theme_supported","provider_led_trust","0.72","0.82","4","very_low","medium","medical_aesthetics_silver_v1","No meaningful commercial-intent signals detected | Contains treatment or outcome discussion | Publication is classified as a press release | No validated research indicators | Press release establishes announcement intent | Intent selected by semantic_override","","","","","","","","","","unreviewed_machine_prelabel",""
"""""""Ag8JBSDTxhjENRLerdPv-2NQTcI""""""","https://lifestyle.dailydispatcher.com/news/600k-japanese-patients-seeking-premium-skin-rejuvenation-lydian-clinic-announce/549118","Lifestyle - Daily Dispatcher","","","","600K Japanese Patients Seeking Premium Skin Rejuvenation: Lydian Clinic Announce","... dermatology market, stem cell and exosome therapies gaining traction, and a strong cultural pull toward Korean beauty innovation, Lydian ...","2026-05-19T00:59","United States","online news","media","journalist","news_reporting","news_article","consumer_news","editorial","market_context","none","no","no","profile_supported_needs_review","","0.66","0.75","44","low","medium","medical_aesthetics_silver_v1","No meaningful commercial-intent signals detected | Contains treatment or outcome discussion | News or reporting publication structure | No validated research indicators | Publication classified as news article | Intent selected by precedence","","","","","","","","","","unreviewed_machine_prelabel",""
"""""""1775206094000_mvnYVscx2hVCnLLKE0yQPJbUgE8A""""""","https://x.com/thebeautysan594/status/2039988334685307340","Twitter","IVÁN POL","@thebeautysan594","","","Are you Beaming yet ? ✨✨ Snatched & Beaming after her Beauty Sandwich powered by NAD+ booster so she Glows from within . I start every Facial with BOUNCE MODE Healthy Pixie for Firm Skin + Mental Clarity - it's holistic skin longevity 🪄 Skin Sna... https://t.co/IHxM6J7pQr","2026-04-03T04:48","","social network","provider_hcp","provider","thought_leadership","provider_social_post","provider_conversation","professional","professional_interpretation","none","no","no","profile_supported_needs_review","","0.67","0.68","97","very_high","medium","medical_aesthetics_silver_v1","Domain rule: x.com | No meaningful commercial-intent signals detected | Publication type supports social or community conversation | Contains first-person language | Author metadata exists, but it does not establish a reliable voice category | No validated research indicators","","","","","","","","","","unreviewed_machine_prelabel",""
"""""""OTRrGTsvrQyBsDvUINSnB2J4oWc""""""","https://pr.franklintownnews.com/article/Skin-Boosters-Market-to-Surpass-USD-326380-Million-by-2032-Shows-New-Analysis-on-Injectable-Skin-Rejuvenation-and-Anti-Aging-Trends-MMR-Statistics?storyId=697a0cada28ebccd8b989b01","Franklin Town News","","","","Skin Boosters Market to Surpass USD 3,263.80 Million by 2032, Shows New Analysis on Injectable Skin Rejuvenation and Anti-Aging Trends: MMR Statistics","... e-commerce availability of professional skin booster treatments are accelerating awareness and adoption globally. Professional Skin Clinics ...","2026-01-28T08:18","United States","online news","media","journalist","news_reporting","news_article","consumer_news","editorial","market_context","none","no","no","theme_supported","skin_quality_over_volume","0.67","0.76","44","low","medium","medical_aesthetics_silver_v1","No meaningful commercial-intent signals detected | Contains treatment or outcome discussion | News or reporting publication structure | No validated research indicators | Publication classified as news article | Intent selected by precedence","","","","","","","","","","unreviewed_machine_prelabel",""
"""""""1775308469000_fB6XvUnnDL3hP8yL_h_ZurGLRakA""""""","https://x.com/dmusicv9/status/2040417725214867694","Twitter","Optimum Vessel","@dmusicv9","","","Skin Longevity is the new Anti-Aging. ✨ 2026 marks a conceptual turning point: Beauty is no longer just on the surface—it’s about cellular regeneration and nervous system safety. 🦋 From AI-driven diagnostics to high-frequency healing. https://t.co/89hCYmzHke","2026-04-04T09:14","","social network","provider_hcp","provider","thought_leadership","provider_social_post","provider_conversation","professional","professional_interpretation","none","no","no","profile_supported_needs_review","","0.66","0.67","96","very_high","medium","medical_aesthetics_silver_v1","Domain rule: x.com | No meaningful commercial-intent signals detected | Publication type supports social or community conversation | Author metadata exists, but it does not establish a reliable voice category | No validated research indicators | Provider identity signal: rn","","","","","","","","","","unreviewed_machine_prelabel",""
"""""""yt-DgP3Qt_vKhc""""""","https://www.youtube.com/watch?v=DgP3Qt_vKhc","Youtube","Dr Anand Hair And Skin","","","Acne Scars ఎందుకు వస్తాయి? ఈ తప్పు చేయొద్దు! | Causes of Acne Scars Explained | Dr Anand","#acne #acnescars #skincare #healthtips #doctoradvice #skinhealth #beautycare #wellness #selfcare #glowingskin #skincaretips #awareness #care #treatment #lifestyle Acne Scars ఎందుకు వస్తాయి? ఈ తప్పు చేయొద్దు! | Causes of Acne Scars Explained | Dr Anand Clinic Timings: 6pm-8pm","2026-04-14T06:32","India","social network","company","clinic","clinic_promotion","promotional_video","clinic_marketing","commercial","commercial_signal","none","yes","no","profile_supported_needs_review","","0.70","0.73","15","very_low","medium","medical_aesthetics_silver_v1","Domain rule: youtube.com | No meaningful commercial-intent signals detected | Publication type supports social or community conversation | Contains treatment or outcome discussion | Author metadata exists, but it does not establish a reliable voice category | No validated research indicators","","","","","","","","","","unreviewed_machine_prelabel",""
"""""""mHmJ-8_fgGVXgleGfUtmNZRscIk""""""","https://www.trinidadtobagowellnesstoday.com/article/900000003-sofwave-medical-reports-fourth-quarter-and-full-year-2025-financial-results-and-achieves-full-year-profitability","Trinidad & Tobago Wellness Today","","","","Sofwave Medical Reports Fourth Quarter and Full Year 2025 Financial Results and Achieves Full-Year Profitability","... on delivering sustainable, innovative, non-invasive regenerative aesthetic solutions, like Pure Impact VIP™, our next-generation ...","2026-03-17T09:16","Trinidad and Tobago","online news","media","journalist","news_reporting","news_article","consumer_news","editorial","market_context","none","no","no","profile_supported_needs_review","","0.68","0.77","44","low","medium","medical_aesthetics_silver_v1","No meaningful commercial-intent signals detected | Contains first-person language | Contains treatment or outcome discussion | News or reporting publication structure | No validated research indicators | Publication classified as news article","","","","","","","","","","unreviewed_machine_prelabel",""
"""""""1mFYLUIpip1_093CUWEmce-pbeA""""""","https://www.thecanadianpressnews.ca/businesswire_press_releases/amwc-2026-galderma-showcases-category-leading-innovation-with-a-comprehensive-portfolio-and-holistic-future-focused/article_84618fe1-e7be-5c28-bbba-e096456e7c89.html","The Canadian Press","","","","AMWC 2026: Galderma Showcases Category‑leading Innovation With a Comprehensive Portfolio and Holistic, Future‑focused Aesthetic Strategies","... and services that span the full spectrum of the fast-growing dermatology market through Injectable Aesthetics, Dermatological Skincare ...","2026-03-17T02:00","Canada","online news","company","brand","brand_announcement","press_release","corporate_pr","commercial","commercial_signal","none","yes","no","profile_supported_needs_review","","0.72","0.83","4","very_low","medium","medical_aesthetics_silver_v1","No meaningful commercial-intent signals detected | Contains treatment or outcome discussion | Publication is classified as a press release | No validated research indicators | Press release establishes announcement intent | Intent selected by semantic_override","","","","","","","","","","unreviewed_machine_prelabel",""
"""""""TjKwX96KYRxmogv_p5I071weTKQ""""""","https://ie.pinterest.com/pin/494059021649098245/","Pinterest","Laura Blancafort","laurablancafort","","WHO NEEDS SCULPTRA? Sculptra isn’t a filler — it’s a collagen stimulator. It doesn’t just “fill” lines — it helps your skin rebuild itself from within. It’s perfect if you notice: • loss of firmness or facial volume • sagging cheeks or jawline • dull, tired skin with less elasticity • hollow areas (temples, under cheeks) • you want slow, natural results without changing your face shape Sculptra works gradually — over several weeks your skin becomes denser, smoother, and lifted as new colla...","WHO NEEDS SCULPTRA? Sculptra isn’t a filler — it’s a collagen stimulator. It doesn’t just “fill” lines — it helps your skin rebuild itself from within. It’s perfect if you notice: • loss of firmness or facial volume • sagging cheeks or jawline • dull, tired skin with less","2026-04-02T05:23","","social network","provider_hcp","provider","unknown","social_post","provider_conversation","professional","noise_or_low_trust","none","no","no","theme_supported","natural_results|skin_quality_over_volume|collagen_biostimulation","0.38","0.29","78","high","high","medical_aesthetics_silver_v1","No meaningful commercial-intent signals detected | Publication type supports social or community conversation | Contains treatment or outcome discussion | Author metadata exists, but it does not establish a reliable voice category | No validated research indicators | Provider identity signal: do","","","","","","","","","","unreviewed_machine_prelabel",""
"""""""PLTFGzrCyMKDevpVpji3FMbIttM""""""","https://markets.financialcontent.com/buffnews/article/prlog-2026-1-18-biotech-breakthrough-in-tattoo-aftercare-biotech-technology-accelerates-recovery-by-40","The Buffalo News - FinancialContent","","","","Biotech Breakthrough in Tattoo Aftercare: BioTech Technology Accelerates Recovery by 40%","... biotechnology innovation. About TattMagic TattMagic is a biotech cosmetics company developing clinical-grade tattoo aftercare products ...","2026-01-17T20:38","United States","online news","media","journalist","news_reporting","news_article","consumer_news","editorial","market_context","none","no","no","profile_supported_needs_review","","0.67","0.76","44","low","medium","medical_aesthetics_silver_v1","No meaningful commercial-intent signals detected | Contains treatment or outcome discussion | News or reporting publication structure | No validated research indicators | Publication classified as news article | Intent selected by precedence","","","","","","","","","","unreviewed_machine_prelabel",""
"""""""PoHb--vKIujDsHU3qECDNUbdazE""""""","https://www.newhampshirestemnews.com/article/910507145-sofwave-medical-reports-first-quarter-fiscal-2026-financial-results-and-business-highlights","New Hampshire STEM News","","","","Sofwave Medical Reports First Quarter Fiscal 2026 Financial Results and Business Highlights","... demand for effective, non-invasive regenerative aesthetic solutions,” Mr. Scafuri concluded. Dr. Shimon Eckhouse, Chairman of the Board, ...","2026-05-05T08:51","United States","online news","media","journalist","news_reporting","news_article","consumer_news","editorial","market_context","none","no","no","profile_supported_needs_review","","0.67","0.76","44","low","medium","medical_aesthetics_silver_v1","No meaningful commercial-intent signals detected | Contains treatment or outcome discussion | News or reporting publication structure | No validated research indicators | Publication classified as news article | Intent selected by precedence","","","","","","","","","","unreviewed_machine_prelabel",""
"""""""yt-PcuVpE1s21k""""""","https://www.youtube.com/watch?v=PcuVpE1s21k","Youtube","James Edward","","","Korea's Best Barber Gave Me This Haircut","bold new style that combines the latest K pop trends with timeless men's grooming techniques, including a Rejuran skin treatment and some male makeup tips. If you're interested in K beauty, Korean skin care, or just want to see what it's like to get a haircut from a famous barber","2026-05-10T11:00","","social network","other","unknown","unknown","educational_video","unknown","unknown","noise_or_low_trust","none","no","no","profile_supported_needs_review","","0.38","0.15","40","low","high","medical_aesthetics_silver_v1","Domain rule: youtube.com | No meaningful commercial-intent signals detected | Publication type supports social or community conversation | Contains first-person language | Contains treatment or outcome discussion | Author metadata exists, but it does not establish a reliable voice category","","","","","","","","","","unreviewed_machine_prelabel",""
"""""""yt-K8zLcvlVqRI""""""","https://www.youtube.com/watch?v=K8zLcvlVqRI","Youtube","reNeo cosmetics","","","HYDRA GLOW SUMMER PROTOCOL with PDRN 💧| ReNeo cosmetics #shorts #skincare #cosmetology #moisturizer","exfoliation, transdermal hydration, and polynucleotide (PDRN) biostimulation, this protocol delivers immediate aesthetic improvements and long-term dermal repair with zero downtime. ----------- ----------- Order Reneo Cosmetics' products: https://reneo-cosmetics.com/profshop/ --","2026-06-04T08:55","","social network","provider_hcp","provider","provider_education","educational_video","provider_conversation","professional","professional_interpretation","none","no","no","theme_supported","collagen_biostimulation|regenerative_biology","0.73","0.80","96","very_high","medium","medical_aesthetics_silver_v1","Domain rule: youtube.com | No meaningful commercial-intent signals detected | Publication type supports social or community conversation | Contains treatment or outcome discussion | Author metadata exists, but it does not establish a reliable voice category | No validated research indicators","","","","","","","","","","unreviewed_machine_prelabel",""
"""""""li_8vj7P4kjLzQ8XhoELjpLGD7MNf0""""""","https://www.linkedin.com/feed/update/urn%3Ali%3Aactivity%3A7443318573617508353","LinkedIn","","","","","-prioritizing skin quality over excessive volume -reduced reliance on high-volume injectables -increased focus on anti-inflammatory strategies and tissue health The AI-powered practice Kay Durairaj, MD, FACS demonstrated how AI is transforming aesthetics — from facial scanning to","2026-03-27T11:30","","social network","provider_hcp","provider","thought_leadership","provider_social_post","provider_conversation","professional","professional_interpretation","none","no","no","theme_supported","skin_quality_over_volume","0.69","0.73","97","very_high","medium","medical_aesthetics_silver_v1","Domain rule: linkedin.com | No meaningful commercial-intent signals detected | Publication type supports social or community conversation | Contains treatment or outcome discussion | No reliable author-voice classification | No validated research indicators","","","","","","","","","","unreviewed_machine_prelabel",""
"""""""HkZC4xr2Zwci6Hr-xTQz3vVvkxI""""""","https://www.christabellescloset.com/hot-news-wire/?rkey=20260424NY42666&filter=8633","Christabelle's Closet","","","","New Markets, New Treatments: SkinSpirit and Nordstrom Expand Their Growing Partnership","... will offer its signature, award-winning facials, injectables including BOTOX ® Cosmetic and dermal fillers, microneedling with customized ...","2026-04-24T11:09","United States","online news","media","journalist","news_reporting","news_article","consumer_news","editorial","market_context","none","no","no","profile_supported_needs_review","","0.68","0.77","44","low","medium","medical_aesthetics_silver_v1","No meaningful commercial-intent signals detected | Contains treatment or outcome discussion | News or reporting publication structure | No validated research indicators | Publication classified as news article | Intent selected by precedence","","","","","","","","","","unreviewed_machine_prelabel",""
"""""""EYqGK-ijTeNhAQB09KZhlh_y-1U""""""","https://lifestyle.californiaconsumerbanking.com/story/482098/bio-stimulation-therapies-market-valuation-roi-potential-long-term-growth-prospects-2026-2036/","California Consumer Banking","","","","Bio-Stimulation Therapies Market Valuation, ROI Potential & Long-Term Growth Prospects 2026–2036","... to stimulate collagen synthesis, tissue regeneration, and aesthetic improvements in clinical settings. These therapies address ...","2026-02-03T23:02","United States","online news","media","journalist","news_reporting","news_article","consumer_news","editorial","market_context","none","no","no","theme_supported","collagen_biostimulation|regenerative_biology","0.67","0.75","44","low","medium","medical_aesthetics_silver_v1","No meaningful commercial-intent signals detected | Contains treatment or outcome discussion | News or reporting publication structure | No validated research indicators | Publication classified as news article | Intent selected by precedence","","","","","","","","","","unreviewed_machine_prelabel",""
"""""""iA6nm0-CQKh9ebF6NQy5VlseCFM""""""","https://ie.pinterest.com/pin/1046101819716689016/","Pinterest","Pure Med Spa","puremedicalspausa","","Experience deeper, long-lasting rejuvenation with 💎 $799 Radiesse 💎 $699 Sculptra . Because true luxury isn’t temporary… it builds over time. . Think lifted, sculpted, naturally radiant skin that feels as good as it looks 💖 This is for women who don’t just chase beauty - they invest in it. . ⚡ Limited Time Only ⚡ Buy Now, Pay Later available ⚡ Premium results. Real confidence. . Your future glow is calling - but not for long. . 👇 Comment “Glow” to secure your spot 📞 Call 312.312.7873 🌐 Book N...","Experience deeper, long-lasting rejuvenation with 💎 $799 Radiesse 💎 $699 Sculptra . Because true luxury isn’t temporary… it builds over time. . Think lifted, sculpted, naturally radiant skin that feels as good as it looks 💖 This is for women who don’t just chase beauty - they","2026-05-29T19:44","United States","social network","company","clinic","product_promotion","clinic_social_post","retail_or_product","commercial","commercial_signal","high","yes","no","theme_supported","collagen_biostimulation","0.60","0.62","0","very_low","medium","medical_aesthetics_silver_v1","High-commercial-intent phrase: buy now | Publication type supports social or community conversation | Contains treatment or outcome discussion | Promotional language reduces authenticity | Author or source metadata indicates a clinic account | Clinic content with commercial intent","","","","","","","","","","unreviewed_machine_prelabel",""
"""""""taFTSGsT8J6xm0a9pbMcBzmrBE0""""""","https://smb.tryondailybulletin.com/article/Skin-Boosters-Market-to-Surpass-USD-326380-Million-by-2032-Shows-New-Analysis-on-Injectable-Skin-Rejuvenation-and-Anti-Aging-Trends-MMR-Statistics?storyId=697a0cada28ebccd8b989b01","Tryon Daily Bulletin","","","","Skin Boosters Market to Surpass USD 3,263.80 Million by 2032, Shows New Analysis on Injectable Skin Rejuvenation and Anti-Aging Trends: MMR Statistics","... e-commerce availability of professional skin booster treatments are accelerating awareness and adoption globally. Professional Skin ...","2026-01-28T08:15","United States","online news","media","journalist","news_reporting","news_article","consumer_news","editorial","market_context","none","no","no","theme_supported","skin_quality_over_volume","0.68","0.77","44","low","medium","medical_aesthetics_silver_v1","No meaningful commercial-intent signals detected | Contains treatment or outcome discussion | News or reporting publication structure | No validated research indicators | Publication classified as news article | Intent selected by precedence","","","","","","","","","","unreviewed_machine_prelabel",""
"""""""FTH7w06s7ff0jW0U5YdwJ5mvSgw""""""","https://worldpostreporter.com/article/899176354-biohacking-skin-aging-om-botanical-reveals-a-new-science-driven-approach-to-skin-longevity","World Post Reporter","","","","Biohacking Skin Aging: OM Botanical Reveals a New Science-Driven Approach to Skin Longevity","""... a paradigm shift in skincare: the launch of its Microbiome-Balancing Face Serums and Oils. Engineered for """"Skin Longevity,"""" these biome ...""","2026-03-13T10:57","United States","online news","media","journalist","news_reporting","news_article","consumer_news","editorial","market_context","none","no","no","profile_supported_needs_review","","0.67","0.76","44","low","medium","medical_aesthetics_silver_v1","No meaningful commercial-intent signals detected | News or reporting publication structure | No validated research indicators | Publication classified as news article | Intent selected by precedence | Mapped from publication type: news_article","","","","","","","","","","unreviewed_machine_prelabel",""
"""""""yt-QsBCO3nFF04""""""","https://www.youtube.com/watch?v=QsBCO3nFF04","Youtube","AndImShelby","","","I put salmon sperm cells on my face 😅#skincare #pdrn #medicube","PDRN Pink Collagen Capsule Cream. It’s a moisturizer geared to tackle uneven skin tone, dark spots, texture and acne scars. It’s intended to hydrate and give a glass glow effect. Fun Fact: PDRN is basically salmon sperm cells. Will update in a week or so. #medicube #pdrn #","2026-06-08T16:27","United States","social network","patient","patient","unknown","educational_video","unknown","lived_experience","noise_or_low_trust","none","no","no","theme_supported","skin_quality_over_volume|collagen_biostimulation|regenerative_biology","0.49","0.35","40","low","high","medical_aesthetics_silver_v1","Domain rule: youtube.com | No meaningful commercial-intent signals detected | Publication type supports social or community conversation | Contains first-person language | Author metadata exists, but it does not establish a reliable voice category | No validated research indicators","","","","","","","","","","unreviewed_machine_prelabel",""
"""""""_xfOFAmev5gCvcHgf2mHxLZX_ow""""""","https://ie.pinterest.com/pin/298645019063176624/","Pinterest","Lifeline Skin Care","lifelinesc","","✨ “Lifeline® Skincare + ProPlus made my skin feel like itself again.” — @rachelpolsi ✨ Great skin is about cellular support, precision science, and consistency. Our skincare collection offers: • Advanced stem cell technology designed to support skin repair and renewal • Thoughtfully engineered formulas using the highest-quality, science-backed ingredients • A focus on visible results that improve skin resilience over time This isn’t about quick fixes. It’s about skin longevity—helping your...","✨ “Lifeline® Skincare + ProPlus made my skin feel like itself again.” — @rachelpolsi ✨ Great skin is about cellular support, precision science, and consistency. Our skincare collection offers: • Advanced stem cell technology designed to support skin repair and renewal •","2026-02-03T05:40","","social network","company","retailer","product_promotion","influencer_social_post","retail_or_product","commercial","commercial_signal","none","yes","no","profile_supported_needs_review","","0.60","0.66","0","very_low","medium","medical_aesthetics_silver_v1","No meaningful commercial-intent signals detected | Publication type supports social or community conversation | Contains first-person language | Contains treatment or outcome discussion | Author metadata exists, but it does not establish a reliable voice category | No validated research indicators","","","","","","","","","","unreviewed_machine_prelabel",""
"""""""5ZhWY_txhtQ0AzfWCTsZYLVHAeI""""""","https://www.biosimilardevelopment.com/doc/trends-in-fda-fy-2025-warning-letters-0001","Biosimilar Development","Erin Hartmann","","","Trends In FDA FY 2025 Warning Letters","... contamination. 24 Cosmetics On December 29, 2022, the Modernization of Cosmetics Regulation Act (MoCRA) was signed into law expanding FDA ...","2026-03-13T03:44","United States","online news","media","journalist","news_reporting","news_article","consumer_news","editorial","market_context","none","no","no","profile_supported_needs_review","","0.66","0.75","44","low","medium","medical_aesthetics_silver_v1","No meaningful commercial-intent signals detected | News or reporting publication structure | No validated research indicators | Publication classified as news article | Intent selected by precedence | Mapped from publication type: news_article","","","","","","","","","","unreviewed_machine_prelabel",""
"""""""oLMlLdWWiPhEeCgN5HWzPULsNLM""""""","https://business.bentoncourier.com/bentoncourier/article/marketersmedia-2026-3-9-korean-prp-and-prf-treatments-for-indonesian-medical-tourists-guide-published","The Saline Courier","","","","Korean PRP & PRF Treatments For Indonesian Medical Tourists: Guide Published","... for evidence-based information about regenerative aesthetic procedures that combine clinical efficacy with cost accessibility. More ...","2026-03-09T12:46","United States","online news","media","journalist","news_reporting","news_article","consumer_news","editorial","market_context","none","no","no","theme_supported","regenerative_biology","0.68","0.77","44","low","medium","medical_aesthetics_silver_v1","No meaningful commercial-intent signals detected | Contains treatment or outcome discussion | News or reporting publication structure | No validated research indicators | Publication classified as news article | Intent selected by precedence","","","","","","","","","","unreviewed_machine_prelabel",""
"""""""GsFlx7mJmzbshwHzh-rGNkv5x64""""""","https://ie.pinterest.com/pin/536139530664808606/","Pinterest","Regina Paulk","regina51392","","PDRN skincare became incredibly popular in Korea, but different formulas can feel completely different depending on your skin type and barrier condition. In this guide, I compared hydrating, barrier-focused, lightweight, and calming Korean PDRN products so you can choose something that actually matches your skin needs instead of following trends blindly. Explore more Korean skincare recommendations, ingredient analysis, and practical skincare education at www.koreanskincarecoach.com","PDRN skincare became incredibly popular in Korea, but different formulas can feel completely different depending on your skin type and barrier condition. In this guide, I compared hydrating, barrier-focused, lightweight, and calming Korean PDRN products so you can choose","2026-06-13T23:53","","social network","other","unknown","unknown","social_post","unknown","unknown","noise_or_low_trust","none","no","no","theme_supported","regenerative_biology","0.34","0.20","27","very_low","high","medical_aesthetics_silver_v1","No meaningful commercial-intent signals detected | Publication type supports social or community conversation | Contains first-person language | Author metadata exists, but it does not establish a reliable voice category | No validated research indicators | Provider identity signal: rn","","","","","","","","","","unreviewed_machine_prelabel",""
"""""""D7fYz_9hPU8uCSt2IhMzog4jRLg""""""","https://finance.yahoo.com/sectors/healthcare/articles/breakthrough-skin-tightening-device-xerf-085000809.html","Yahoo! Finance","","","","Breakthrough skin-tightening device XERF™ arrives in Australia","... visible, clinically meaningful results. Dr Dae Hwan Kwon, Melbourne-trained cosmetic physician and early XERF™ adopter Among the early ...","2026-05-14T04:50","United States","online news","media","journalist","news_reporting","news_article","consumer_news","editorial","market_context","none","no","no","theme_supported","provider_led_trust","0.66","0.74","44","low","medium","medical_aesthetics_silver_v1","No meaningful commercial-intent signals detected | Contains treatment or outcome discussion | News or reporting publication structure | No validated research indicators | Publication classified as news article | Intent selected by precedence","","","","","","","","","","unreviewed_machine_prelabel",""
"""""""-R9wFCzLc2jV8EnRF-_X10O18C8""""""","https://lifestyle.worldofvideogaming.com/story/81024/how-to-maximize-anti-aging-results-expert-tips-from-garden-citys-leading-medical-spa/","World of Video Gaming – Lifestyle","","","","How to Maximize Anti-Aging Results: Expert Tips from Garden City’s Leading Medical Spa","... a growing shift toward anti-aging care that feels balanced rather than excessive. About Zoyya Anti-Aging & Aesthetics Zoyya Anti-Aging & ...","2026-04-20T16:17","United States","online news","media","journalist","news_reporting","news_article","consumer_news","editorial","market_context","none","no","no","profile_supported_needs_review","","0.66","0.76","49","low","medium","medical_aesthetics_silver_v1","No meaningful commercial-intent signals detected | Contains treatment or outcome discussion | News or reporting publication structure | News or trade content reporting research | Publication classified as news article | Intent selected by precedence","","","","","","","","","","unreviewed_machine_prelabel",""
"""""""4ARM1LWGmEBD4SSpgIAkgEhAdt0""""""","https://enterhollywood.com/news/korean-prp-prf-treatments-for-indonesian-medical-tourists-guide-published/540448","Enter Hollywood","","","","Korean PRP & PRF Treatments For Indonesian Medical Tourists: Guide Published","... for evidence-based information about regenerative aesthetic procedures that combine clinical efficacy with cost accessibility. More ...","2026-03-09T21:37","United States","online news","media","journalist","news_reporting","news_article","consumer_news","editorial","market_context","none","no","no","theme_supported","regenerative_biology","0.68","0.77","44","low","medium","medical_aesthetics_silver_v1","No meaningful commercial-intent signals detected | Contains treatment or outcome discussion | News or reporting publication structure | No validated research indicators | Publication classified as news article | Intent selected by precedence","","","","","","","","","","unreviewed_machine_prelabel",""
"""""""Li1tGJNKwvT-1ftGlsr3YE5X35A""""""","https://pr.capecorallivingmagazine.com/article/Rodan-Fields-Unveils-Pure-C-Serum-A-Breakthrough-Vitamin-C-for-Skin-Longevity?storyId=698b108bc8b155128b417741","Cape Coral Living Magazine (PR Newswire)","","","","Rodan + Fields Unveils Pure C Serum: A Breakthrough Vitamin C for Skin Longevity","... by Stanford-trained dermatologists Dr. Katie Rodan and Dr. Kathy Fields with the mission of delivering proven results in skincare and ...","2026-02-10T23:59","United States","online news","media","journalist","news_reporting","news_article","consumer_news","editorial","market_context","none","no","no","theme_supported","provider_led_trust","0.67","0.75","44","low","medium","medical_aesthetics_silver_v1","No meaningful commercial-intent signals detected | Contains treatment or outcome discussion | News or reporting publication structure | No validated research indicators | Publication classified as news article | Intent selected by precedence","","","","","","","","","","unreviewed_machine_prelabel",""
"""""""li_BiXURM9VjwNJ8QxwepjYP3oMQzo""""""","https://www.linkedin.com/feed/update/urn%3Ali%3Aactivity%3A7435300612952444928","LinkedIn","","","","","medical aesthetics event. The event brings together top practitioners, clinicians, educators, associations, and aesthetics brands for a two-day immersive experience from the 13-14th March at the Business Design Centre, London and is focused on the advancement of both clinical","2026-03-05T07:30","","social network","provider_hcp","provider","thought_leadership","provider_social_post","provider_conversation","professional","professional_interpretation","none","no","no","theme_supported","provider_led_trust","0.68","0.71","97","very_high","medium","medical_aesthetics_silver_v1","Domain rule: linkedin.com | No meaningful commercial-intent signals detected | Publication type supports social or community conversation | Contains treatment or outcome discussion | No reliable author-voice classification | No validated research indicators","","","","","","","","","","unreviewed_machine_prelabel",""
"""""""J8vpOlRzJ2kEdmELC0fSF4mqgxA""""""","https://newsontennessee.com/press/london-lip-clinic-reports-surge-in-demand-for-natural-and-regenerative-cosmetic-treatments-in-2026/149997","News On Tennessee","","","","London Lip Clinic Reports Surge in Demand for Natural and Regenerative Cosmetic Treatments in 2026","... how London Lip Clinic is shaping the future of regenerative and medically led aesthetics in 2026, visit https://www.londonlipclinic.co.uk/ ...","2026-03-03T00:59","United States","online news","media","journalist","news_reporting","news_article","consumer_news","editorial","market_context","none","no","no","profile_supported_needs_review","","0.68","0.77","44","low","medium","medical_aesthetics_silver_v1","No meaningful commercial-intent signals detected | Contains treatment or outcome discussion | News or reporting publication structure | No validated research indicators | Publication classified as news article | Intent selected by precedence","","","","","","","","","","unreviewed_machine_prelabel",""
"""""""ya98QoU7kpaF1sdI5s7gucHumbE""""""","https://share.belga.press/news/a32c8c50-3e70-4975-b654-5974ce3de416","Het Nieuwsblad","Hanne Vandenweghe","","","‘Naaldencrèmes’ zijn een hype in Korea, maar werken ze echt even goed als microneedling?","","2026-01-14T07:30","Belgium","online news","media","journalist","news_reporting","news_article","consumer_news","editorial","market_context","none","no","no","profile_supported_needs_review","","0.67","0.76","44","low","medium","medical_aesthetics_silver_v1","No meaningful commercial-intent signals detected | News or reporting publication structure | No validated research indicators | Publication classified as news article | Intent selected by precedence | Mapped from publication type: news_article","","","","","","","","","","unreviewed_machine_prelabel",""
"""""""RCIQrIZcUE0-x0blnhsyzTkgejk""""""","https://linevoom.line.me/post/1176848030671797750","LINE Voom","TaeYoung Clinic","taeyoung clinic","","",": http://m.me/taeyoungclinic ☎️ Call : 098-427-2777 📍Map : https://bit.ly/37TA5Ro 🏩 Taeyoung clinic อยู่ซอย พระรามเก้า 51 เข้าจากปากซอยมา 30 เมตร แยกแรกซ้ายมือ 👉🏻 หรือเข้าทางหัวหมาก 25 แล้วตรงมาจนเกือบปากซอยพระรามเก้า 51 #biostimulator #Ejal40 #หน้าใส #ผิวกระจ่างใส","2026-01-15T07:31","","social network","company","clinic","clinic_promotion","clinic_social_post","clinic_marketing","commercial","commercial_signal","none","yes","no","theme_supported","skin_quality_over_volume|collagen_biostimulation","0.60","0.68","0","very_low","medium","medical_aesthetics_silver_v1","No meaningful commercial-intent signals detected | Publication type supports social or community conversation | Contains treatment or outcome discussion | Author metadata exists, but it does not establish a reliable voice category | No validated research indicators | Clinic signal: clinic","","","","","","","","","","unreviewed_machine_prelabel",""
"""""""1777279486000_vO4IZuT8lP29NJY-pqQVvno2sOEA""""""","https://x.com/kstyle4u_global/status/2048684771434443054","Twitter","ktown4u_kstyle","@kstyle4u_global","","","skin to those sharp cat eye looks 🐱 We brought all the details behind YOUNGSEO’s signature beauty look. ✍️ Marketer’s Review ❤️ [VT COSMETICS] VT PDRN ESSENCE 100 It feels like your skin gets better without any irritation. Not too heavy, not too light, and it works no matter how","2026-04-27T04:44","South Korea","social network","provider_hcp","provider","thought_leadership","provider_social_post","provider_conversation","professional","professional_interpretation","none","no","no","theme_supported","regenerative_biology","0.66","0.67","97","very_high","medium","medical_aesthetics_silver_v1","Domain rule: x.com | No meaningful commercial-intent signals detected | Publication type supports social or community conversation | Contains first-person language | Author metadata exists, but it does not establish a reliable voice category | No validated research indicators","","","","","","","","","","unreviewed_machine_prelabel",""
"""""""UmP5fhoIPBKqQF5HKgPHpEKHOHY""""""","https://www.mississippihealthcarereporter.com/article/900000003-sofwave-medical-reports-fourth-quarter-and-full-year-2025-financial-results-and-achieves-full-year-profitability","Mississippi Healthcare Reporter","","","","Sofwave Medical Reports Fourth Quarter and Full Year 2025 Financial Results and Achieves Full-Year Profitability","... on delivering sustainable, innovative, non-invasive regenerative aesthetic solutions, like Pure Impact VIP™, our next-generation ...","2026-03-17T09:10","United States","online news","media","journalist","news_reporting","news_article","consumer_news","editorial","market_context","none","no","no","profile_supported_needs_review","","0.68","0.77","44","low","medium","medical_aesthetics_silver_v1","No meaningful commercial-intent signals detected | Contains first-person language | Contains treatment or outcome discussion | News or reporting publication structure | No validated research indicators | Publication classified as news article","","","","","","","","","","unreviewed_machine_prelabel",""
"""""""xRxw_4MEyNg8KBby2_MHv_-1zXU""""""","https://www.phoenix.org/online_features/press_releases/rejuran-cosmetics-debuts-at-sephora-expanding-its-footprint-across-the-u-s-market/article_e8bbe10f-d4d4-5906-821c-4004945f040a.html","Phoenix.org","","","","REJURAN COSMETICS Debuts at Sephora, Expanding Its Footprint Across the U.S. Market","... REJURAN Cosmetics as a leading global derma-cosmetic brand. About REJURAN COSMETICS REJURAN® COSMETICS is a premium derma-skincare brand ...","2026-03-12T19:45","United States","online news","company","brand","brand_announcement","press_release","corporate_pr","commercial","commercial_signal","none","yes","no","profile_supported_needs_review","","0.79","0.85","19","very_low","low","medical_aesthetics_silver_v1","Domain rule: URL press-release path | No meaningful commercial-intent signals detected | Publication is classified as a press release | No validated research indicators | Brand signal: global | Press release establishes announcement intent","","","","","","","","","","unreviewed_machine_prelabel",""
"""""""Sv03N90OsS_aQG0k8yrp8oujdQk""""""","https://thenewsindianow.co.in/icalo-institute-shaping-the-future-of-advanced-aesthetic-education-in-india-and-beyond/","The News India Now","","","","ICALO INSTITUTE – Shaping the Future of Advanced Aesthetic Education in India and Beyond","... are actively used in aesthetic clinics, making their learning highly relevant and impactful. The institute specializes in advanced ...","2026-04-27T04:05","India","online news","media","journalist","news_reporting","news_article","consumer_news","editorial","market_context","none","no","no","profile_supported_needs_review","","0.66","0.75","44","low","medium","medical_aesthetics_silver_v1","No meaningful commercial-intent signals detected | Contains treatment or outcome discussion | News or reporting publication structure | No validated research indicators | Publication classified as news article | Intent selected by precedence","","","","","","","","","","unreviewed_machine_prelabel",""
"""""""a2cjf6SH4Zn_ESCo-jazz9MmOTs""""""","https://smb.state-journal.com/article/Springs-Rejuvenation-Miami-Pioneers-Live-Stem-Cell-Therapy?storyId=69bc1874e7433e0002352357","The Frankfort State Journal","","","","Springs Rejuvenation Miami Pioneers Live Stem Cell Therapy","... treatment options, the clinic is dedicated to helping patients achieve their health goals. As one of the first clinics to offer live stem ...","2026-03-19T12:54","United States","online news","media","journalist","news_reporting","news_article","consumer_news","editorial","market_context","none","no","no","profile_supported_needs_review","","0.68","0.77","44","low","medium","medical_aesthetics_silver_v1","No meaningful commercial-intent signals detected | Contains treatment or outcome discussion | News or reporting publication structure | No validated research indicators | Publication classified as news article | Intent selected by precedence","","","","","","","","","","unreviewed_machine_prelabel",""
"""""""V8m88vzpa5IUoDoDEuKrNc18aQk""""""","https://www.lebanonscitechweekly.com/article/910507145-sofwave-medical-reports-first-quarter-fiscal-2026-financial-results-and-business-highlights","Lebanon Sci-Tech Weekly","","","","Sofwave Medical Reports First Quarter Fiscal 2026 Financial Results and Business Highlights","... demand for effective, non-invasive regenerative aesthetic solutions,” Mr. Scafuri concluded. Dr. Shimon Eckhouse, Chairman of the Board, ...","2026-05-05T08:43","Lebanon","online news","media","journalist","news_reporting","news_article","consumer_news","editorial","market_context","none","no","no","profile_supported_needs_review","","0.67","0.76","44","low","medium","medical_aesthetics_silver_v1","No meaningful commercial-intent signals detected | Contains treatment or outcome discussion | News or reporting publication structure | No validated research indicators | Publication classified as news article | Intent selected by precedence","","","","","","","","","","unreviewed_machine_prelabel",""
"""""""nXgZA6vjwgE3nhoZom-ZhNRFpZ4""""""","https://lifestyle.thenyctimes.com/story/611443/skinceuticals-introduces-future-mineral-uv-defense-spf-50-a-breakthrough-mineral-sunscreen-with-clinically-proven-anti-aging-results/","XPR Lifestyle","Alison Brod","","","SKINCEUTICALS INTRODUCES FUTURE MINERAL UV DEFENSE SPF 50, A BREAKTHROUGH MINERAL SUNSCREEN WITH CLINICALLY PROVEN ANTI-AGING RESULTS","... advanced line of scientifically backed skincare products designed to improve skin health. The brand’s integrated skincare approach is ...","2026-04-20T00:00","United States","online news","media","journalist","news_reporting","news_article","consumer_news","editorial","market_context","none","no","no","theme_supported","skin_quality_over_volume","0.67","0.77","29","very_low","medium","medical_aesthetics_silver_v1","No meaningful commercial-intent signals detected | Contains treatment or outcome discussion | News or reporting publication structure | Research language appears without validated research-source metadata | Publication classified as news article | Intent selected by precedence","","","","","","","","","","unreviewed_machine_prelabel",""
"""""""yt-UgyIODnbp27SIktBYnR4AaABAg""""""","https://www.youtube.com/watch?v=SN5VxyOtbo8&lc=UgyIODnbp27SIktBYnR4AaABAg","Youtube","Comment on lilyis_","","","","Hi Lily hope you feel better soon! i have normal/combo skin and would love skincare products that are trending among korean locals - pdrn, EGF, and other actives would be great! Also products that are known to sit well under makeup like the ongredients calming lotion:) thank you!","2026-03-15T18:32","","social network","other","unknown","unknown","educational_video","unknown","unknown","noise_or_low_trust","none","no","no","theme_supported","regenerative_biology","0.40","0.19","40","low","high","medical_aesthetics_silver_v1","Domain rule: youtube.com | No meaningful commercial-intent signals detected | Publication type supports social or community conversation | Contains first-person language | Author metadata exists, but it does not establish a reliable voice category | No validated research indicators","","","","","","","","","","unreviewed_machine_prelabel",""
"""""""li_ncD_oflUT1_1-IuidzbxvF_7bi4""""""","https://www.linkedin.com/feed/update/urn%3Ali%3Aactivity%3A7454877085380186112","LinkedIn","","","","","non-surgical lifting, tightening and collagen stimulation in one high-value treatment. Perfect for jawline definition, skin tightening and visible lifting results without downtime. A premium treatment for your clients. A strong revenue driver for your clinic. Book a demo with our","2026-04-28T09:00","","social network","provider_hcp","provider","provider_education","provider_social_post","provider_conversation","professional","professional_interpretation","none","no","no","theme_supported","collagen_biostimulation","0.73","0.77","98","very_high","medium","medical_aesthetics_silver_v1","Domain rule: linkedin.com | No meaningful commercial-intent signals detected | Publication type supports social or community conversation | Contains first-person language | Contains treatment or outcome discussion | No reliable author-voice classification","","","","","","","","","","unreviewed_machine_prelabel",""
"""""""c84yPTBKKQTBSQGcrUYStTe2nH8""""""","https://cosmeticsbusiness.com/ichimaru-pharcos-wins-bsb-innovation-award-2025-for","Cosmetics Business","","","","ICHIMARU PHARCOS wins BSB Innovation Award 2025 for sustainable active ingredient","... within the section covering skin repair, collagen density and skin longevity. The award acknowledges Proteoglycan IPC as a high-performing ...","2026-01-21T11:36","United Kingdom","online news","media","journalist","news_reporting","news_article","consumer_news","editorial","market_context","none","no","no","theme_supported","collagen_biostimulation","0.67","0.76","44","low","medium","medical_aesthetics_silver_v1","No meaningful commercial-intent signals detected | News or reporting publication structure | No validated research indicators | Publication classified as news article | Intent selected by precedence | Mapped from publication type: news_article","","","","","","","","","","unreviewed_machine_prelabel",""
"""""""UQ0vqcHSp_JabsXOArBURJ-f3EM""""""","https://www.madisoncourier.com/online_features/press_releases/revance-executives-to-present-at-imcas-world-congress-2026/article_f5acd30a-b71f-5eb9-be65-00aa7df70ad5.html","Madison Courier","","","","Revance Executives to Present at IMCAS World Congress 2026","... , Inc.) Jeff Bedard and Conor Gallagher to share insights on aesthetic and therapeutic innovation NASHVILLE, Tenn. , Jan. 27, 2026 / ...","2026-01-27T16:05","United States","online news","company","brand","brand_announcement","press_release","corporate_pr","commercial","commercial_signal","none","yes","no","profile_supported_needs_review","","0.79","0.85","19","very_low","low","medical_aesthetics_silver_v1","Domain rule: URL press-release path | No meaningful commercial-intent signals detected | Publication is classified as a press release | No validated research indicators | Brand signal: inc. | Press release establishes announcement intent","","","","","","","","","","unreviewed_machine_prelabel",""
"""""""J7wu5gsOUUBAIqWLBb35-H9Yvp0""""""","https://www.tiktok.com/@mahnoormtl/video/7621282818416512276?utm_campaign=tt4d_open_api&utm_source=mapi","Tiktok","mahnoormtl","mahnoormtl","","","Microneedling + Exosomes: Day 2 🍅➡️✨ @Dermafina Why I chose this combo: 1️⃣ Faster healing (less downtime!) 2️⃣ Massive boost in collagen and elastin 3️⃣ Deep cellular rejuvenation It’s not just a facial; it’s biotechnology for your skin. The “sunburn” phase is temporary, but","2026-03-25T15:49","","social network","patient","patient","personal_experience","testimonial_video","youtube_review","lived_experience","primary_experience","none","no","no","theme_supported","collagen_biostimulation|regenerative_biology","0.67","0.67","75","high","medium","medical_aesthetics_silver_v1","Domain rule: tiktok.com | No meaningful commercial-intent signals detected | Publication type supports social or community conversation | Contains first-person language | Contains lived-experience language | Author metadata exists, but it does not establish a reliable voice category","","","","","","","","","","unreviewed_machine_prelabel",""
"""""""VoxdHi8TzVkoBv2yIKXZQ4e54Hs""""""","https://worldreportmonitor.com/article/899176354-biohacking-skin-aging-om-botanical-reveals-a-new-science-driven-approach-to-skin-longevity","World Report Monitor","","","","Biohacking Skin Aging: OM Botanical Reveals a New Science-Driven Approach to Skin Longevity","""... a paradigm shift in skincare: the launch of its Microbiome-Balancing Face Serums and Oils. Engineered for """"Skin Longevity,"""" these biome ...""","2026-03-13T10:44","United States","online news","media","journalist","news_reporting","news_article","consumer_news","editorial","market_context","none","no","no","profile_supported_needs_review","","0.67","0.76","44","low","medium","medical_aesthetics_silver_v1","No meaningful commercial-intent signals detected | News or reporting publication structure | No validated research indicators | Publication classified as news article | Intent selected by precedence | Mapped from publication type: news_article","","","","","","","","","","unreviewed_machine_prelabel",""
"""""""Suq8BVBOZGa0yZHURfTduodM_UU""""""","https://pr.southsaltlakejournal.com/article/Experience-Truly-Natural-Results-Aesthetics-International-Leads-the-Region-with-Expressive-Botox-Expertise?storyId=69830eed513d4aa3482304d2","South Salt Lake Journal","","","","Experience Truly Natural Results: Aesthetics International Leads the Region with Expressive Botox Expertise","... hub for medical excellence, Aesthetics International is leading a seismic shift in the beauty landscape. The clinic has officially unveiled ...","2026-02-04T05:02","United States","online news","media","journalist","news_reporting","news_article","consumer_news","editorial","market_context","none","no","no","theme_supported","natural_results","0.67","0.77","49","low","medium","medical_aesthetics_silver_v1","No meaningful commercial-intent signals detected | Contains treatment or outcome discussion | News or reporting publication structure | News or trade content reporting research | Publication classified as news article | Intent selected by precedence","","","","","","","","","","unreviewed_machine_prelabel",""
"""""""yt-eQtlAWmXADU""""""","https://www.youtube.com/watch?v=eQtlAWmXADU","Youtube","milky🥛","","","Purple Caviar Skincare?!💜 @Biodance_official Caviar PDRN Capsule Cream","Purple Caviar Skincare?!💜 @biodance_global Caviar PDRN Capsule Cream is clinically proven to glow for 200 hours 💜 ✨ #biodance #capsulecream #pdrncream #purplecream #koreanskincare","2026-05-02T10:00","United States","social network","company","clinic","clinic_promotion","promotional_video","clinic_marketing","commercial","commercial_signal","none","yes","no","theme_supported","regenerative_biology","0.69","0.73","0","very_low","medium","medical_aesthetics_silver_v1","Domain rule: youtube.com | No meaningful commercial-intent signals detected | Publication type supports social or community conversation | Contains treatment or outcome discussion | Author metadata exists, but it does not establish a reliable voice category | Research language appears without validated research-source metadata","","","","","","","","","","unreviewed_machine_prelabel",""
"""""""6PCLyweC0RECPh22wt-DQM-B4Nw""""""","https://today.line.me/hk/v3/article/5yqwLwv","Line Today Hong Kong","","","","REJURAN COSMETICS Debuts at Sephora, Expanding Its Footprint Across the U.S. Market","... REJURAN Cosmetics as a leading global derma-cosmetic brand. About REJURAN COSMETICS REJURAN® COSMETICS is a premium derma-skincare brand ...","2026-03-12T19:45","Hong Kong","online news","media","journalist","news_reporting","news_article","consumer_news","editorial","market_context","none","no","no","profile_supported_needs_review","","0.67","0.76","44","low","medium","medical_aesthetics_silver_v1","No meaningful commercial-intent signals detected | News or reporting publication structure | No validated research indicators | Publication classified as news article | Intent selected by precedence | Mapped from publication type: news_article","","","","","","","","","","unreviewed_machine_prelabel",""
"""""""Wq5BsgyhD5rPcrnYdKTSTrwSIiE""""""","https://indiainformer.co.in/before-you-try-another-trend-read-this-about-your-skin/","indiainformer","","","","Before You Try Another Trend, Read This About Your Skin","... qualified medical professional who understands both anatomy and aesthetics. Dr. Gunjan Gangaraju, Medical Graduate and Aesthetic Physician ...","2026-02-20T00:45","India","online news","media","journalist","news_reporting","news_article","consumer_news","editorial","market_context","none","no","no","theme_supported","provider_led_trust","0.67","0.76","44","low","medium","medical_aesthetics_silver_v1","No meaningful commercial-intent signals detected | News or reporting publication structure | No validated research indicators | Publication classified as news article | Intent selected by precedence | Mapped from publication type: news_article","","","","","","","","","","unreviewed_machine_prelabel",""
"""""""1778222636000_nc7SoZdM4RA6sp6wLFUhEnIMWkMA""""""","https://x.com/RefineClinicUG/status/2052640628350046602","Twitter","Refine Skin & Body Clinic","@refineclinicug","","","it needs to heal, it just needs the right activation. In this video, Microneedling + PRP treatment is performed on a client at our Bukoto branch (UMC Victoria Hospital Annex) to improve overall skin quality. Using the body’s own platelet-rich plasma, it stimulates collagen","2026-05-08T02:43","United States","social network","provider_hcp","provider","provider_education","provider_social_post","provider_conversation","professional","professional_interpretation","none","no","no","theme_supported","skin_quality_over_volume|collagen_biostimulation|regenerative_biology","0.67","0.67","97","very_high","medium","medical_aesthetics_silver_v1","Domain rule: x.com | No meaningful commercial-intent signals detected | Publication type supports social or community conversation | Contains first-person language | Contains treatment or outcome discussion | Author metadata exists, but it does not establish a reliable voice category","","","","","","","","","","unreviewed_machine_prelabel",""
"""""""M3HYvui9NUzwXHhOu3S9MAXTJzg""""""","https://www.commercereviewturkscaicos.com/article/910507145-sofwave-medical-reports-first-quarter-fiscal-2026-financial-results-and-business-highlights","Commerce Review Turks & Caicos","","","","Sofwave Medical Reports First Quarter Fiscal 2026 Financial Results and Business Highlights","... demand for effective, non-invasive regenerative aesthetic solutions,” Mr. Scafuri concluded. Dr. Shimon Eckhouse, Chairman of the Board, ...","2026-05-05T08:44","United States","online news","media","journalist","news_reporting","news_article","consumer_news","editorial","market_context","none","no","no","profile_supported_needs_review","","0.67","0.76","44","low","medium","medical_aesthetics_silver_v1","No meaningful commercial-intent signals detected | Contains treatment or outcome discussion | News or reporting publication structure | No validated research indicators | Publication classified as news article | Intent selected by precedence","","","","","","","","","","unreviewed_machine_prelabel",""
"""""""yt-5CBxtZDr7kU""""""","https://www.youtube.com/watch?v=5CBxtZDr7kU","Youtube","Dermasky Academy","","","Name the problem and we will fix it! #dermaskyskinclinic #skinsolution #perfectsolution #Skincare","Skin Rejuvenation Sagging skin → HIFU Dermasky Skin Clinic offer range of aesthetic treatment. We have qualified professionals team, we are believing in quality. High class equipment we are using to give our service. Our Services: - Laser Hair Reduction - Laser Facials - PRF","2026-03-06T06:10","","social network","company","clinic","clinic_promotion","promotional_video","clinic_marketing","commercial","commercial_signal","none","yes","no","theme_supported","regenerative_biology","0.72","0.75","15","very_low","medium","medical_aesthetics_silver_v1","Domain rule: youtube.com | No meaningful commercial-intent signals detected | Publication type supports social or community conversation | Contains first-person language | Contains treatment or outcome discussion | Author metadata exists, but it does not establish a reliable voice category","","","","","","","","","","unreviewed_machine_prelabel",""
"""""""aJzPYo49CiJDdqeiFCU9BZW-6Mo""""""","https://unitedkingdomnewswatch.com/article/880450722-medical-aesthetics-market-in-2029","United Kingdom News Watch","","","","Medical Aesthetics Market In 2029","... anticipated in the facial medical aesthetic products medical aesthetics market, the non-invasive medical aesthetics market, the retail ...","2026-01-06T10:41","United States","online news","media","journalist","news_reporting","news_article","consumer_news","editorial","market_context","none","no","no","theme_supported","provider_led_trust","0.67","0.76","44","low","medium","medical_aesthetics_silver_v1","No meaningful commercial-intent signals detected | News or reporting publication structure | No validated research indicators | Publication classified as news article | Intent selected by precedence | Mapped from publication type: news_article","","","","","","","","","","unreviewed_machine_prelabel",""
"""""""yt--ZQArwwSxOg""""""","https://www.youtube.com/watch?v=-ZQArwwSxOg","Youtube","Skincare_Factory_BeautySalon","","","Korean-style PDRN skincare #factory #koreanskincare #b2bbeauty","Modern Korean beauty products are blending skincare with complexion care 👀 Tone-up lotions are becoming popular for lightweight daily routines and natural skin-finish positioning. Texture, shade tone, fragrance, and packaging can all be customized for different markets and","2026-05-21T21:52","","social network","other","unknown","unknown","educational_video","unknown","unknown","noise_or_low_trust","none","no","no","theme_supported","skin_quality_over_volume|regenerative_biology","0.39","0.19","40","low","high","medical_aesthetics_silver_v1","Domain rule: youtube.com | No meaningful commercial-intent signals detected | Publication type supports social or community conversation | Author metadata exists, but it does not establish a reliable voice category | No validated research indicators | Provider identity signal: rn","","","","","","","","","","unreviewed_machine_prelabel",""
"""""""W4rwhFmMrPRR6UD8njWhK88G7NQ""""""","https://markets.financialcontent.com/stocks/article/pressadvantage-2026-1-6-perfect-esthetics-advances-aesthetic-medicine-standards-in-switzerland-with-technology-enhanced-patient-safety","FinancialContent","","","","Perfect Esthetics Advances Aesthetic Medicine Standards in Switzerland with Technology-Enhanced Patient Safety","... a specialized aesthetic medicine facility offering comprehensive non-surgical cosmetic treatments. The clinic combines medical expertise ...","2026-01-06T16:02","United States","online news","media","journalist","news_reporting","news_article","consumer_news","editorial","market_context","none","no","no","theme_supported","provider_led_trust","0.68","0.77","44","low","medium","medical_aesthetics_silver_v1","No meaningful commercial-intent signals detected | Contains treatment or outcome discussion | Contains clinical discussion language | News or reporting publication structure | No validated research indicators | Publication classified as news article","","","","","","","","","","unreviewed_machine_prelabel",""
"""""""dAfbOPGzDZc5SYfrNw7khaqIBho""""""","https://industryinsidernebraska.com/article/889264660-experience-truly-natural-results-aesthetics-international-leads-the-region-with-expressive-botox-expertise","Industry Insider Nebraska","","","","Experience Truly Natural Results: Aesthetics International Leads the Region with Expressive Botox Expertise","... landscape. The clinic has officially unveiled its Expressive Botox service, a sophisticated advancement in regenerative aesthetics designed ...","2026-02-04T04:58","United States","online news","media","journalist","news_reporting","news_article","consumer_news","editorial","market_context","none","no","no","theme_supported","natural_results|regenerative_biology","0.67","0.77","49","low","medium","medical_aesthetics_silver_v1","No meaningful commercial-intent signals detected | Contains treatment or outcome discussion | News or reporting publication structure | News or trade content reporting research | Publication classified as news article | Intent selected by precedence","","","","","","","","","","unreviewed_machine_prelabel",""
"""""""r6rPyPLPKP2p9gfL9wVEYdPWhCA""""""","https://www.europesays.com/france/20071/","EUROPE SAYS","","","","Medik8 to open lab-themed UK pop-up to celebrate Exo-PDRN Prismatic+ launch","... , science-led skin care, the Exo-PDRN Prismatic+ Lab [pop-up] is an opportunity for consumers to learn more about their skin and best ...","2026-05-22T11:14","United Kingdom","online news","media","journalist","news_reporting","news_article","consumer_news","editorial","market_context","low","no","no","theme_supported","regenerative_biology","0.67","0.76","39","low","medium","medical_aesthetics_silver_v1","Possible commercial phrase: learn more | News or reporting publication structure | No validated research indicators | Publication classified as news article | Intent selected by precedence | Mapped from publication type: news_article","","","","","","","","","","unreviewed_machine_prelabel",""
"""""""OFbo9jlS3hpcGXWxqAkgscpzJcI""""""","https://www.sentinel-standard.com/story/shopping/2026/01/05/winter-skincare-reset-timebeam-deals/87949417007/","Ionia Sentinel-Standard","Kasey Caminiti","","","Reset your winter skincare with 15% off Timebeam NAD+ boosters and ceramides","... , ceramides, cryo tools and more. Timebeam isn’t just skincare—it’s skin longevity science . Founded by Dr. Lamees Hamdan, an integrative ...","2026-01-05T09:22","United States","online news","media","journalist","news_reporting","news_article","consumer_news","editorial","market_context","none","no","no","profile_supported_needs_review","","0.66","0.75","44","low","medium","medical_aesthetics_silver_v1","No meaningful commercial-intent signals detected | News or reporting publication structure | No validated research indicators | Publication classified as news article | Intent selected by precedence | Mapped from publication type: news_article","","","","","","","","","","unreviewed_machine_prelabel",""
"""""""ofDfZqbs0pA8ZIl83dUCeZwaUpQ""""""","https://www.centralcharts.com/de/news/5616285-hugel-highlights-global-vision-for-k-aesthetics","CentralCharts","","","","Hugel highlights global vision for K-aesthetics","""... of the global medical aesthetics market."""" About Hugel Established in 2001, Hugel is a global leader in medical aesthetics, specializing ...""","2026-05-22T00:00","France","online news","media","journalist","news_reporting","news_article","consumer_news","editorial","market_context","none","no","no","theme_supported","provider_led_trust","0.67","0.76","44","low","medium","medical_aesthetics_silver_v1","No meaningful commercial-intent signals detected | News or reporting publication structure | No validated research indicators | Publication classified as news article | Intent selected by precedence | Mapped from publication type: news_article","","","","","","","","","","unreviewed_machine_prelabel",""
"""""""kS-WRtMbsOtNjvJ1hgKzm7DTXN0""""""","https://ukheraldtribune.com/article/896049541-carboxy-therapy-market-expected-to-grow-to-20-57-billion-by-2030","UK Herald Tribune","","","","Carboxy Therapy Market Expected to Grow to $20.57 Billion by 2030","... been largely supported by the rising popularity of aesthetic medicine procedures, enhanced consumer awareness of minimally invasive options ...","2026-02-27T08:38","United States","online news","media","journalist","news_reporting","news_article","consumer_news","editorial","market_context","none","no","no","theme_supported","provider_led_trust","0.68","0.78","44","low","medium","medical_aesthetics_silver_v1","No meaningful commercial-intent signals detected | Contains treatment or outcome discussion | News or reporting publication structure | No validated research indicators | Publication classified as news article | Intent selected by precedence","","","","","","","","","","unreviewed_machine_prelabel",""
"""""""qMggnth61CwlqmKEoXsZeQcLdQs""""""","https://markets.financialcontent.com/pentictonherald/article/getnews-2026-4-20-how-to-maximize-anti-aging-results-expert-tips-from-garden-citys-leading-medical-spa","Penticton herald - FinancialContent","","","","How to Maximize Anti-Aging Results: Expert Tips from Garden City’s Leading Medical Spa","... a growing shift toward anti-aging care that feels balanced rather than excessive. About Zoyya Anti-Aging & Aesthetics Zoyya Anti-Aging & ...","2026-04-20T15:34","United States","online news","media","journalist","news_reporting","news_article","consumer_news","editorial","market_context","none","no","no","profile_supported_needs_review","","0.66","0.76","49","low","medium","medical_aesthetics_silver_v1","No meaningful commercial-intent signals detected | Contains treatment or outcome discussion | News or reporting publication structure | News or trade content reporting research | Publication classified as news article | Intent selected by precedence","","","","","","","","","","unreviewed_machine_prelabel",""
"""""""cBlADlMIXxK8w2AfnEmQXpwMlss""""""","https://dailysportsglobal.com/news/korean-prp-prf-treatments-for-indonesian-medical-tourists-guide-published/540448","Daily Sports Global","","","","Korean PRP & PRF Treatments For Indonesian Medical Tourists: Guide Published","... for evidence-based information about regenerative aesthetic procedures that combine clinical efficacy with cost accessibility. More ...","2026-03-09T19:59","United States","online news","media","journalist","news_reporting","news_article","consumer_news","editorial","market_context","none","no","no","theme_supported","regenerative_biology","0.68","0.77","44","low","medium","medical_aesthetics_silver_v1","No meaningful commercial-intent signals detected | Contains treatment or outcome discussion | News or reporting publication structure | No validated research indicators | Publication classified as news article | Intent selected by precedence","","","","","","","","","","unreviewed_machine_prelabel",""
"""""""TMEqoPeELSWBkkSlbookM-1Fa3k""""""","https://www.openpr.com/news/4522686/hydrating-skin-booster-market-analysis-by-application-type","openPR.de","","","","Hydrating Skin Booster Market Analysis By Application, Type, Technology, and Geography - Global Industry Outlook and Forecast 2026-2033","... , the market includes injectable formulations, topical creams, serums, and powders, with injectable skin boosters dominating due to their ...","2026-05-21T23:39","Germany","online news","media","journalist","news_reporting","news_article","consumer_news","editorial","market_context","none","no","no","theme_supported","skin_quality_over_volume","0.66","0.74","44","low","medium","medical_aesthetics_silver_v1","No meaningful commercial-intent signals detected | Contains treatment or outcome discussion | News or reporting publication structure | No validated research indicators | Publication classified as news article | Intent selected by precedence","","","","","","","","","","unreviewed_machine_prelabel",""
"""""""ncpeR7iNC21K_Hs7nmy3ybwFGCE""""""","https://indialatestnews.co.in/icalo-institute-shaping-the-future-of-advanced-aesthetic-education-in-india-and-beyond/","India Latest News","","","","ICALO INSTITUTE – Shaping the Future of Advanced Aesthetic Education in India and Beyond","... are actively used in aesthetic clinics, making their learning highly relevant and impactful. The institute specializes in advanced ...","2026-04-27T07:45","India","online news","media","journalist","news_reporting","news_article","consumer_news","editorial","market_context","none","no","no","profile_supported_needs_review","","0.66","0.75","44","low","medium","medical_aesthetics_silver_v1","No meaningful commercial-intent signals detected | Contains treatment or outcome discussion | News or reporting publication structure | No validated research indicators | Publication classified as news article | Intent selected by precedence","","","","","","","","","","unreviewed_machine_prelabel",""
"""""""uh5V4JMol6qkRx4mFN0SwICwL8g""""""","https://lifestyle.sourcefed.com/story/543380/sofwave-medical-reports-fourth-quarter-and-full-year-2025-financial-results-and-achieves-full-year-profitability/","XPR Lifestyle","","","","Sofwave Medical Reports Fourth Quarter and Full Year 2025 Financial Results and Achieves Full-Year Profitability","... on delivering sustainable, innovative, non-invasive regenerative aesthetic solutions, like Pure Impact VIP™, our next-generation ...","2026-03-17T00:00","United States","online news","media","journalist","news_reporting","news_article","consumer_news","editorial","market_context","none","no","no","profile_supported_needs_review","","0.68","0.77","44","low","medium","medical_aesthetics_silver_v1","No meaningful commercial-intent signals detected | Contains first-person language | Contains treatment or outcome discussion | News or reporting publication structure | No validated research indicators | Publication classified as news article","","","","","","","","","","unreviewed_machine_prelabel",""
"""""""YNpAkHVfwf7UVKMvZ-YCc8KX1Ew""""""","https://smb.andalusiastarnews.com/article/Stratum-Biosciences-Secures-dollar2M-Seed-Round-to-Accelerate-AI-Powered-Skin-Biology-Discovery-and-Expanded-RandampD-Partnerships?storyId=69c67a4d3971457808b0d61d","Andalusia Star-News","","","","Stratum Biosciences Secures $2M Seed Round to Accelerate AI-Powered Skin Biology Discovery and Expanded R&D Partnerships","... platform. Expected products target the most pressing needs in skincare and dermatology, including hyperpigmentation and skin longevity.","2026-03-27T08:36","United States","online news","media","journalist","news_reporting","news_article","consumer_news","editorial","market_context","none","no","no","profile_supported_needs_review","","0.66","0.75","44","low","medium","medical_aesthetics_silver_v1","No meaningful commercial-intent signals detected | News or reporting publication structure | No validated research indicators | Publication classified as news article | Intent selected by precedence | Mapped from publication type: news_article","","","","","","","","","","unreviewed_machine_prelabel",""
"""""""7ZWKvpPQi7CjBUxQIKbdscWjlJ8""""""","https://www.northamericatoday.com/article/903197634-cosmo-direct-supply-highlights-key-trends-shaping-the-aesthetic-medicine-industry-in-2026","North America Today","","","","Cosmo Direct Supply Highlights Key Trends Shaping the Aesthetic Medicine Industry in 2026","... younger demographic is entering aesthetic clinics earlier, seeking preventative treatments that maintain skin quality and delay visible ...","2026-04-01T23:42","United States","online news","media","journalist","news_reporting","news_article","consumer_news","editorial","market_context","none","no","no","theme_supported","preventative_aesthetics|skin_quality_over_volume|provider_led_trust","0.67","0.75","44","low","medium","medical_aesthetics_silver_v1","No meaningful commercial-intent signals detected | Contains treatment or outcome discussion | News or reporting publication structure | No validated research indicators | Publication classified as news article | Intent selected by precedence","","","","","","","","","","unreviewed_machine_prelabel",""
"""""""1vETX9MvQg76ooFL7f1EH9oiF1I""""""","https://pr.centraloregonian.com/article/Stratum-Biosciences-Secures-dollar2M-Seed-Round-to-Accelerate-AI-Powered-Skin-Biology-Discovery-and-Expanded-RandampD-Partnerships?storyId=69c67a4d3971457808b0d61d","Central Oregonian","","","","Stratum Biosciences Secures $2M Seed Round to Accelerate AI-Powered Skin Biology Discovery and Expanded R&D Partnerships","... platform. Expected products target the most pressing needs in skincare and dermatology, including hyperpigmentation and skin longevity.","2026-03-27T08:36","United States","online news","media","journalist","news_reporting","news_article","consumer_news","editorial","market_context","none","no","no","profile_supported_needs_review","","0.67","0.76","44","low","medium","medical_aesthetics_silver_v1","No meaningful commercial-intent signals detected | News or reporting publication structure | No validated research indicators | Publication classified as news article | Intent selected by precedence | Mapped from publication type: news_article","","","","","","","","","","unreviewed_machine_prelabel",""
"""""""J9EZmEdm6cKOfTmhexXWKnrENzU""""""","https://www.equatorialguineabusinesstoday.com/article/910507145-sofwave-medical-reports-first-quarter-fiscal-2026-financial-results-and-business-highlights","Equatorial Guinea Business Today","","","","Sofwave Medical Reports First Quarter Fiscal 2026 Financial Results and Business Highlights","... demand for effective, non-invasive regenerative aesthetic solutions,” Mr. Scafuri concluded. Dr. Shimon Eckhouse, Chairman of the Board, ...","2026-05-05T08:41","United States","online news","media","journalist","news_reporting","news_article","consumer_news","editorial","market_context","none","no","no","profile_supported_needs_review","","0.67","0.76","44","low","medium","medical_aesthetics_silver_v1","No meaningful commercial-intent signals detected | Contains treatment or outcome discussion | News or reporting publication structure | No validated research indicators | Publication classified as news article | Intent selected by precedence","","","","","","","","","","unreviewed_machine_prelabel",""
"""""""U_wDJS2YmID2N-gcbM9m8TFlbJM""""""","https://pr.thembnews.com/article/Skin-Boosters-Market-to-Surpass-USD-326380-Million-by-2032-Shows-New-Analysis-on-Injectable-Skin-Rejuvenation-and-Anti-Aging-Trends-MMR-Statistics?storyId=697a0cada28ebccd8b989b01","MB News","","","","Skin Boosters Market to Surpass USD 3,263.80 Million by 2032, Shows New Analysis on Injectable Skin Rejuvenation and Anti-Aging Trends: MMR Statistics","... e-commerce availability of professional skin booster treatments are accelerating awareness and adoption globally. Professional Skin ...","2026-01-28T08:15","United States","online news","media","journalist","news_reporting","news_article","consumer_news","editorial","market_context","none","no","no","theme_supported","skin_quality_over_volume","0.68","0.77","44","low","medium","medical_aesthetics_silver_v1","No meaningful commercial-intent signals detected | Contains treatment or outcome discussion | News or reporting publication structure | No validated research indicators | Publication classified as news article | Intent selected by precedence","","","","","","","","","","unreviewed_machine_prelabel",""
"""""""ODhj_3qRm7hqpBQKQGE0WzxYwKU""""""","https://www.iiga.news/newswire?rkey=20260406EN27406&filter=22840","Industrial Guide Asia","","","","CGBIO Showcases Comprehensive Medical Device Portfolio at KIMES 2026 Achieves KRW 5.3 Billion in Contract Results","FACETEM (aesthetic), Curasys ME (wound care), NOVOSIS (bone substitute), and CG GEL (endoscopic hemostatic agent). FACETEM is a collagen ...","2026-04-06T21:11","Singapore","online news","media","journalist","news_reporting","news_article","consumer_news","editorial","market_context","none","no","no","theme_supported","collagen_biostimulation","0.68","0.77","44","low","medium","medical_aesthetics_silver_v1","No meaningful commercial-intent signals detected | Contains first-person language | Contains treatment or outcome discussion | News or reporting publication structure | No validated research indicators | Publication classified as news article","","","","","","","","","","unreviewed_machine_prelabel",""
"""""""Rg_f-69_ATOmzcTKG2UnvSQi5ug""""""","https://world.einnews.com/pr_news/901512101/trim-tactics-reports-positive-patient-outcomes-with-combined-derive-hair-regeneration-and-scarlet-pro-rf-microneedling","Einnews","","","","Trim Tactics Reports Positive Patient Outcomes with Combined Derive Hair Regeneration and Scarlet Pro RF Microneedling","Tactics Trim Tactics, a medical aesthetics and wellness clinic in Lubbock, reports encouraging patient results following introduction of ...","2026-03-24T16:39","United States","online news","media","journalist","news_reporting","news_article","consumer_news","editorial","market_context","none","no","no","theme_supported","provider_led_trust","0.68","0.77","44","low","medium","medical_aesthetics_silver_v1","No meaningful commercial-intent signals detected | Contains treatment or outcome discussion | Contains clinical discussion language | News or reporting publication structure | No validated research indicators | Publication classified as news article","","","","","","","","","","unreviewed_machine_prelabel",""
"""""""frh_OQSA8aa0aFVVuZqH8R36eMY""""""","https://ie.pinterest.com/pin/661536632808828938/","Pinterest","Султаналиева Шербет","sherbetsultanalieva","","Sculptra 🎀 Sculptra is NOT a filler, it’s a liquid that is placed superficially under the skin to stimulate your collagen. It’s placed in specific areas of your face to sculpt and enhance your natural beauty ✨ Because it’s not a filer and you don’t get that immediate gratification of a plump. You need to give it time and multiple treatments to see results. 🫶🏼 How Starr MedSpa uses this amazing product: ⭐️ 1. Treatments can be done on their own (1-2 vials) 2. Add on to your next treatmen...","Sculptra 🎀 Sculptra is NOT a filler, it’s a liquid that is placed superficially under the skin to stimulate your collagen. It’s placed in specific areas of your face to sculpt and enhance your natural beauty ✨ Because it’s not a filer and you don’t get that immediate","2026-02-04T08:44","","social network","provider_hcp","provider","unknown","social_post","provider_conversation","professional","noise_or_low_trust","none","no","no","theme_supported","collagen_biostimulation","0.38","0.28","79","high","high","medical_aesthetics_silver_v1","No meaningful commercial-intent signals detected | Publication type supports social or community conversation | Contains treatment or outcome discussion | Author metadata exists, but it does not establish a reliable voice category | No validated research indicators | Provider identity signal: do","","","","","","","","","","unreviewed_machine_prelabel",""
"""""""f4nkwWcC8-ZppekfjL2TPRtnm3U""""""","https://koreajoongangdaily.joins.com/news/2026-01-09/culture/lifeStyle/A-Kbeauty-patients-best-friend-Medical-tourism-agencies-help-clients-with-flights-feelings-and-more/2494088","Korea Joongang Daily","","","","A K-beauty patient's best friend: Medical tourism agencies help clients with flights, feelings and more","... — particularly in a country with roughly 1,200 plastic surgery clinics. Related Article Foreign tourists rushing to cosmetic clinics ...","2026-01-08T17:00","South Korea","online news","media","journalist","news_reporting","news_article","consumer_news","editorial","market_context","none","no","no","profile_supported_needs_review","","0.66","0.75","44","low","medium","medical_aesthetics_silver_v1","No meaningful commercial-intent signals detected | Contains treatment or outcome discussion | News or reporting publication structure | No validated research indicators | Publication classified as news article | Intent selected by precedence","","","","","","","","","","unreviewed_machine_prelabel",""
"""""""bPc9xF8oedtpoM0wM8G1m1NkSb4""""""","https://www.lelezard.com/en/news-22254618.html","Le Lézard","","","","Aphranel® Marks First Anniversary with EU MDR Certification, Arctm Launch, and Over 150,000 Syringes Delivered","... 's vision through facial contouring and regenerative aesthetics. A multidisciplinary roundtable examined biomaterial innovation, ...","2026-06-05T02:17","Canada","online news","media","journalist","news_reporting","news_article","consumer_news","editorial","market_context","none","no","no","theme_supported","regenerative_biology","0.67","0.76","44","low","medium","medical_aesthetics_silver_v1","No meaningful commercial-intent signals detected | News or reporting publication structure | No validated research indicators | Publication classified as news article | Intent selected by precedence | Mapped from publication type: news_article","","","","","","","","","","unreviewed_machine_prelabel",""
"""""""pc7f-3ePgr6Xb7YqqAnB5NomicQ""""""","https://pr.youroregonnews.com/article/Aphranelr-Marks-First-Anniversary-with-EU-MDR-Certification-Arctm-Launch-and-Over-150000-Syringes-Delivered/6a225d59e80eb70d15dfa55e","Your Oregon News - YourOregonNews.com","","","","Aphranel® Marks First Anniversary with EU MDR Certification, Arc™ Launch, and Over 150,000 Syringes Delivered","... brand's vision through facial contouring and regenerative aesthetics. A multidisciplinary roundtable examined biomaterial innovation, ...","2026-06-05T01:58","United States","online news","media","journalist","news_reporting","news_article","consumer_news","editorial","market_context","none","no","no","theme_supported","regenerative_biology","0.67","0.76","44","low","medium","medical_aesthetics_silver_v1","No meaningful commercial-intent signals detected | News or reporting publication structure | No validated research indicators | Publication classified as news article | Intent selected by precedence | Mapped from publication type: news_article","","","","","","","","","","unreviewed_machine_prelabel",""
"""""""6rlh2hBs2HQIObOQHNNsJOlZP0g""""""","https://smb.panolian.com/article/Simply-Radiant-Becomes-The-First-And-Only-Sofwave-Provider-In-Manitoba?storyId=697a2b7be5dfe800020c9eee","The Panolian","","","","Simply Radiant Becomes The First And Only Sofwave Provider In Manitoba","Simply Radiant Aesthetics is a full-service medical aesthetics and laser clinic serving clients in Winnipeg and the surrounding area. Along ...","2026-01-28T10:30","United States","online news","media","journalist","news_reporting","news_article","consumer_news","editorial","market_context","none","no","no","theme_supported","provider_led_trust","0.67","0.75","44","low","medium","medical_aesthetics_silver_v1","No meaningful commercial-intent signals detected | Contains treatment or outcome discussion | News or reporting publication structure | No validated research indicators | Publication classified as news article | Intent selected by precedence","","","","","","","","","","unreviewed_machine_prelabel",""
"""""""9ryAzgBXGUAa9vHLwBdAddURbtg""""""","https://www.healthandme.com/health-wellness/vitamin-c-serum-before-and-after-what-changes-to-expect-article-153595872","Healthandme","","","","Vitamin C Serum Before and After: What Changes to Expect?","Vitamin C is a star ingredient in the skincare world for some very good reasons. It can be hailed as a magic wand to evaporate your ...","2026-02-11T04:59","United States","online news","media","journalist","news_reporting","news_article","consumer_news","editorial","market_context","none","no","no","profile_supported_needs_review","","0.68","0.77","44","low","medium","medical_aesthetics_silver_v1","No meaningful commercial-intent signals detected | Contains community-question or discussion language | News or reporting publication structure | No validated research indicators | Publication classified as news article | Intent selected by precedence","","","","","","","","","","unreviewed_machine_prelabel",""
"""""""7aHOH_kHktBGDSwB8owXKVotRm4""""""","https://www.tiktok.com/@ugc.withciara/video/7638885265310010627?utm_campaign=tt4d_open_api&utm_source=mapi","Tiktok","ugc.withciara","ugc.withciara","","","surprise. 💞 @Sephora Italia This are the products I Got: - @LANEIGE Europe lip mask in vanilla - @Sephora Collection brow pencil in soft charcoal - @sephora bronzer matte in 02 - @Biodance PDRN Collagen mask #shopwithme #sephorahaul #laneigelipmask #biodance_collagen_mask","2026-05-12T02:16","","social network","patient","patient","personal_experience","testimonial_video","youtube_review","lived_experience","primary_experience","none","no","no","theme_supported","collagen_biostimulation|regenerative_biology","0.67","0.68","75","high","medium","medical_aesthetics_silver_v1","Domain rule: tiktok.com | No meaningful commercial-intent signals detected | Publication type supports social or community conversation | Contains first-person language | Author metadata exists, but it does not establish a reliable voice category | No validated research indicators","","","","","","","","","","unreviewed_machine_prelabel",""
"""""""DmJDr0pVavZaGqdW7No-g9nLYj4""""""","https://www.activefeatured.com/lemonbottle-concludes-face-body-2026-secures-latin-america-foothold/","Medication News Analysis","","","","LemonBottle Concludes FACE & BODY 2026, Secures Latin America Foothold","... techniques to expected results, reflecting growing interest in clinically driven aesthetic solutions. In particular, there was strong ...","2026-05-01T16:13","United States","online news","media","journalist","news_reporting","news_article","consumer_news","editorial","market_context","none","no","no","profile_supported_needs_review","","0.68","0.77","44","low","medium","medical_aesthetics_silver_v1","No meaningful commercial-intent signals detected | Contains treatment or outcome discussion | News or reporting publication structure | No validated research indicators | Publication classified as news article | Intent selected by precedence","","","","","","","","","","unreviewed_machine_prelabel",""
"""""""KmmrPWCo9mfsx0Jnoj1prmerqPI""""""","https://www.cossma.com/ingredients/article/more-than-anti-aging-37517.html?L=1&cHash=57fdebd0367cae25dc57e6e131a1fb52","COSSMA","","","","More than anti-aging","... such as “skin longevity”, “healthy aging” or “well-aging”, emphasizing long-term skin health, resilience and overall well-being. This ...","2026-04-09T04:03","Germany","online news","media","journalist","news_reporting","news_article","consumer_news","editorial","market_context","none","no","no","theme_supported","skin_quality_over_volume","0.67","0.76","44","low","medium","medical_aesthetics_silver_v1","No meaningful commercial-intent signals detected | News or reporting publication structure | No validated research indicators | Publication classified as news article | Intent selected by precedence | Mapped from publication type: news_article","","","","","","","","","","unreviewed_machine_prelabel",""
"""""""1778440457000_FKwvF6WPY5v9xTd4cp56Mn_nzdwA""""""","https://x.com/quantnems/status/2053554234839175415","Twitter","Pheni","@quantnems","","","catastrophic for an industry built on selling you a 9 step routine forever. so instead they turn skincare into quantum physics. acids. toners. ampoules. peptide stacks. SALMON SPERM meanwhile tretinoin just sits there looking autistic and curing the problem for the price of a","2026-05-10T15:14","","social network","other","unknown","unknown","social_repost","unknown","unknown","noise_or_low_trust","none","no","yes","profile_supported_needs_review","","0.57","0.52","40","low","high","medical_aesthetics_silver_v1","Domain rule: x.com | No meaningful commercial-intent signals detected | Publication type supports social or community conversation | Author metadata exists, but it does not establish a reliable voice category | No validated research indicators | Provider identity signal: rn","","","","","","","","","","unreviewed_machine_prelabel",""
"""""""fIifxlTQS12auAk9NWneZCXVd8g""""""","https://unternehmensradar.ch/neuigkeiten/bioq-praesentiert-sich-erstmals-auf-der-incosmetics-global-und-demonstriert-chinas-wachsende_1cfca3a4/","Unternehmens Radar","","","","BioQ präsentiert sich erstmals auf der incosmetics Global und demonstriert Chinas wachsende Stärke im Bereich der Inhaltsstoffinnovation","Verhältnis von Wirkstoffen auf Genebene, wie miRNA, siRNA, NAD+ und PDRN, um seine Anti-Aging-Wirkung deutlich zu verstärken. Labortests ...","2026-05-13T22:44","Switzerland","online news","media","journalist","news_reporting","news_article","consumer_news","editorial","market_context","none","no","no","theme_supported","regenerative_biology","0.67","0.76","44","low","medium","medical_aesthetics_silver_v1","No meaningful commercial-intent signals detected | News or reporting publication structure | No validated research indicators | Publication classified as news article | Intent selected by precedence | Mapped from publication type: news_article","","","","","","","","","","unreviewed_machine_prelabel",""
"""""""0V_68cyJrej5h9flbNA2Fgl5v_o""""""","https://www.ktsm.com/business/press-releases/ein-presswire/898485447/acorn-biolabs-advances-autologous-regenerative-platform-with-injectable-clinical-study-for-facial-rejuvenation/","KTSM-TV","","","","Acorn Biolabs Advances Autologous Regenerative Platform with Injectable Clinical Study for Facial Rejuvenation","... today that the first patients have been treated in its randomized clinical evaluation of injectable secretome (YOU™) for facial skin ...","2026-03-10T13:00","United States","online news","company","brand","brand_announcement","press_release","corporate_pr","commercial","commercial_signal","none","yes","no","profile_supported_needs_review","","0.78","0.83","19","very_low","low","medical_aesthetics_silver_v1","Domain rule: URL press-release path | No meaningful commercial-intent signals detected | Contains treatment or outcome discussion | Publication is classified as a press release | No validated research indicators | Brand signal: labs","","","","","","","","","","unreviewed_machine_prelabel",""
"""""""1771442684000_zB2gPO6E3cU4lwNIK43smi5HG2AA""""""","https://twitter.com/safewayderma/statuses/2024203448275579266","Twitter","Safeway Dermatology and Laser Center","@safewayderma","","","""""""Anti-aging"""" is a losing battle. 🛑 In 2026, we’re shifting to Skin Longevity. It’s not about fighting the clock; it’s about fixing """"zombie cells"""" and reinforcing your skin's foundation. +2 Stop fighting age. Start investing in your skin’s future. ✨ #SkinLongevity #Dermatolo""","2026-02-18T14:24","Nigeria","social network","provider_hcp","provider","thought_leadership","provider_social_post","provider_conversation","professional","professional_interpretation","none","no","no","profile_supported_needs_review","","0.65","0.66","96","very_high","medium","medical_aesthetics_silver_v1","Domain rule: twitter.com | No meaningful commercial-intent signals detected | Publication type supports social or community conversation | Author metadata exists, but it does not establish a reliable voice category | No validated research indicators | Provider identity signal: do","","","","","","","","","","unreviewed_machine_prelabel",""
"""""""yt-h6wXiM-OQEM""""""","https://www.youtube.com/watch?v=h6wXiM-OQEM","Youtube","The Confidence Clinic","","","Discover the Power of Radiesse","skin quality, elasticity, and firmness over time ✔️ Suitable for facial contouring, jawline definition, and rejuvenating ageing hands ✔️ Results can last 12–18 months ✨ At The Confidence Clinic, my goal is always natural, subtle results that enhance your confidence – Radiesse is","2026-01-09T09:23","","social network","company","clinic","clinic_promotion","promotional_video","clinic_marketing","commercial","commercial_signal","none","yes","no","theme_supported","natural_results|skin_quality_over_volume|collagen_biostimulation","0.71","0.75","15","very_low","medium","medical_aesthetics_silver_v1","Domain rule: youtube.com | No meaningful commercial-intent signals detected | Publication type supports social or community conversation | Contains first-person language | Contains treatment or outcome discussion | Author metadata exists, but it does not establish a reliable voice category","","","","","","","","","","unreviewed_machine_prelabel",""
"""""""eVJo1GbcQhUoVlHwHeL4buewqco""""""","https://smb.kenbridgevictoriadispatch.com/article/New-Westminster-Residents-Explore-Non-Surgical-Facial-Rejuvenation-Options?storyId=697b364be8eddf00029d26ba","Kenbridge Victoria Dispatch","Amid Growing","","","New Westminster Residents Explore Non-Surgical Facial Rejuvenation Options","... that intersect personal appearance and clinical wellness. Growing Demand for Medically Supervised Aesthetic Services in New Westminster ...","2026-01-29T04:55","United States","online news","media","journalist","news_reporting","news_article","consumer_news","editorial","market_context","none","no","no","profile_supported_needs_review","","0.67","0.76","44","low","medium","medical_aesthetics_silver_v1","No meaningful commercial-intent signals detected | Contains treatment or outcome discussion | News or reporting publication structure | No validated research indicators | Publication classified as news article | Intent selected by precedence","","","","","","","","","","unreviewed_machine_prelabel",""
"""""""-D9_P-F5ThBntW7tuMoZMxzb_Lc""""""","https://sports.easterntribunal.com/news/zhonghe-fountain-a-global-leading-plant-extracts-manufacturer-redefining-the-future-of-biotech-beauty/536467","Sports-Eastern Tribunal","","","","Zhonghe Fountain: A Global Leading Plant Extracts Manufacturer Redefining the Future of Biotech Beauty","""... care market in 2026 is defined by two dominant trends: Skin Longevity and Neurocosmetics . Skin Longevity: Moving beyond """" ...""","2026-01-29T04:48","United States","online news","media","journalist","news_reporting","news_article","consumer_news","editorial","market_context","none","no","no","profile_supported_needs_review","","0.66","0.75","44","low","medium","medical_aesthetics_silver_v1","No meaningful commercial-intent signals detected | News or reporting publication structure | No validated research indicators | Publication classified as news article | Intent selected by precedence | Mapped from publication type: news_article","","","","","","","","","","unreviewed_machine_prelabel",""
"""""""vicDfgqISEgDRD0d84egpMCcqkI""""""","https://www.augsburger-allgemeine.de/empfehlungen/vitamin-c-skin-longevity-113760993","Augsburger Allgemeine","Wolfgang Winter","","","Skin Longevity mit Vitamin C: Top-Deals für jugendliche Haut","C ist Ihr Anti-Aging-Booster für zeitlose Schönheit! Jetzt können Sie bei Ecco Verde und anderen Top-Anbietern hochdosierte Vitamin C Seren ...","2026-03-18T08:31","Germany","online news","media","journalist","news_reporting","news_article","consumer_news","editorial","market_context","none","no","no","profile_supported_needs_review","","0.66","0.75","44","low","medium","medical_aesthetics_silver_v1","No meaningful commercial-intent signals detected | News or reporting publication structure | No validated research indicators | Publication classified as news article | Intent selected by precedence | Mapped from publication type: news_article","","","","","","","","","","unreviewed_machine_prelabel",""
"""""""yt-9hWASAh94ac""""""","https://www.youtube.com/watch?v=9hWASAh94ac","Youtube","닥터지우개","","","The Skin Booster Chosen by Extreme Anti-Aging",".com 💡DM : https://www.instagram.com/doctor.eraser/ #skinbooster #skinboostertreatment #antiagingskincare #collagenstimulation #collagenboost #skintightening #noninvasivetreatment #aestheticmedicine #dermatologytreatment #facialrejuvenation #Kbeauty #KoreanClinic #KbeautyClinic","2026-02-08T23:00","","social network","company","clinic","clinic_promotion","promotional_video","clinic_marketing","commercial","commercial_signal","none","yes","no","theme_supported","skin_quality_over_volume|collagen_biostimulation","0.71","0.74","15","very_low","medium","medical_aesthetics_silver_v1","Domain rule: youtube.com | No meaningful commercial-intent signals detected | Publication type supports social or community conversation | Contains community-question or discussion language | Contains treatment or outcome discussion | Author metadata exists, but it does not establish a reliable voice category","","","","","","","","","","unreviewed_machine_prelabel",""
"""""""NX30MywtrxpjLxOrvrs0Sd16xNI""""""","https://pr.cariboucountynews.com/article/Rodan-Fields-Unveils-Pure-C-Serum-A-Breakthrough-Vitamin-C-for-Skin-Longevity?storyId=698b108bc8b155128b417741","Caribou County News","","","","Rodan + Fields Unveils Pure C Serum: A Breakthrough Vitamin C for Skin Longevity","... by Stanford-trained dermatologists Dr. Katie Rodan and Dr. Kathy Fields with the mission of delivering proven results in skincare and ...","2026-02-10T06:03","United States","online news","media","journalist","news_reporting","news_article","consumer_news","editorial","market_context","none","no","no","theme_supported","provider_led_trust","0.67","0.75","44","low","medium","medical_aesthetics_silver_v1","No meaningful commercial-intent signals detected | Contains treatment or outcome discussion | News or reporting publication structure | No validated research indicators | Publication classified as news article | Intent selected by precedence","","","","","","","","","","unreviewed_machine_prelabel",""
"""""""UcAq8k0r24JJAy0DR_dAikIuSpU""""""","https://theindustry.beauty/from-skincare-to-scent-cult-beauty-spotlights-spring-beauty-trends/","The Industry Beauty","Sophie Smith","","","""""""From skincare to scent: Cult Beauty spotlights spring beauty trends""""""","... skin. Longevity-focused routines now prioritise antioxidants, PDRN (salmon-derived regenerative DNA), and mindful tools like gua sha to ...","2026-03-23T08:27","United Kingdom","online news","media","journalist","news_reporting","news_article","consumer_news","editorial","market_context","none","no","no","theme_supported","regenerative_biology","0.67","0.76","44","low","medium","medical_aesthetics_silver_v1","No meaningful commercial-intent signals detected | News or reporting publication structure | No validated research indicators | Publication classified as news article | Intent selected by precedence | Mapped from publication type: news_article","","","","","","","","","","unreviewed_machine_prelabel",""
"""""""E8KRVBBWhQewVlKaYXH3qSnh2Pw""""""","https://indianexpress.com/article/lifestyle/health/there-would-be-a-gaddha-here-lessons-from-mini-mathurs-botox-disclosure-10617022/","The Indian Express","","","","‘There would be a gaddha here’: Lessons from Mini Mathur’s Botox disclosure","Smooth skin vs natural movement One of the biggest challenges in aesthetic dermatology is achieving visible results without compromising ...","2026-04-26T03:30","India","online news","media","journalist","news_reporting","news_article","consumer_news","editorial","market_context","none","no","no","profile_supported_needs_review","","0.67","0.76","44","low","medium","medical_aesthetics_silver_v1","No meaningful commercial-intent signals detected | Contains treatment or outcome discussion | News or reporting publication structure | No validated research indicators | Publication classified as news article | Intent selected by precedence","","","","","","","","","","unreviewed_machine_prelabel",""
"""""""Drf8Prt3pAF18lPGhlqFHaekWtw""""""","https://local.northtribune.us/press-release/2026-05-23/33227/le-skin-aesthetics-named-top-aesthetics-provider-in-jackson-ms-and-state-of-mississippi-after-earning-dual-2026-iabe-excellence-awards","local","","","","Le Skin Aesthetics Named Top Aesthetics Provider in Jackson, MS and State of Mississippi After Earning Dual 2026 IABE Excellence Awards","Skin Rejuvenation — Advanced treatments including microneedling designed to improve texture, tone, and overall skin quality Regenerative ...","2026-05-23T00:00","United States","online news","company","brand","brand_announcement","press_release","corporate_pr","commercial","commercial_signal","none","yes","no","theme_supported","skin_quality_over_volume","0.79","0.84","19","very_low","low","medical_aesthetics_silver_v1","Domain rule: URL press-release path | No meaningful commercial-intent signals detected | Contains treatment or outcome discussion | Publication is classified as a press release | No validated research indicators | Press release establishes announcement intent","","","","","","","","","","unreviewed_machine_prelabel",""
"""""""YNc75DtaizIBo8AjKj1nCqzsQTs""""""","https://www.etnet.com.hk/www/tc/news/interfax_news_detail.php?newsid=62391","ET Net","","","","AMWC 2026: Galderma Showcases Category‑leading Innovation With a Comprehensive Portfolio and Holistic, Future‑focused Aesthetic Strategies","... and services that span the full spectrum of the fast-growing dermatology market through Injectable Aesthetics, Dermatological Skincare ...","2026-03-17T04:10","Hong Kong","online news","media","journalist","news_reporting","news_article","consumer_news","editorial","market_context","none","no","no","profile_supported_needs_review","","0.67","0.76","44","low","medium","medical_aesthetics_silver_v1","No meaningful commercial-intent signals detected | Contains treatment or outcome discussion | News or reporting publication structure | No validated research indicators | Publication classified as news article | Intent selected by precedence","","","","","","","","","","unreviewed_machine_prelabel",""
"""""""KeXI6fUDpiF70Kh018i3QIBAf0k""""""","https://www.annapolisnewsupdates.com/news/story/530332/aromatica-targets-global-kderma-market-with-new-azelaic-pdrn-serum.html","Annapolis News Updates","","","","AROMATICA Targets Global K-Derma Market with New ‘Azelaic + PDRN’ Serum","Acid with plant-based Tea Tree PDRN, targeting the global shift toward ingredient-focused skincare. The new serum is a high-performance ...","2026-05-23T18:57","United States","online news","media","journalist","news_reporting","news_article","consumer_news","editorial","market_context","none","no","no","theme_supported","regenerative_biology","0.67","0.76","44","low","medium","medical_aesthetics_silver_v1","No meaningful commercial-intent signals detected | News or reporting publication structure | No validated research indicators | Publication classified as news article | Intent selected by precedence | Mapped from publication type: news_article","","","","","","","","","","unreviewed_machine_prelabel",""
"""""""yt-vj4Dti4PQLA""""""","https://www.youtube.com/watch?v=vj4Dti4PQLA","Youtube","Brian Khou","","","Why Some People Skip Separate Serums","✅ Best price I found for PRIMERA PRMR Retinol Vitamin C Serum for Face | Youth Radiance Vitatinol Serum Skin Booster, Korean Skincare for Anti-aging & Glowing, Moisturizing, Reduces Dark Spots, 0.7 oz (21 g, Pack of 1): 👉 https://urlvue.com/r/B0DBGTMFGS-yt-5fw8m This video","2026-05-18T22:32","","social network","other","unknown","unknown","educational_video","unknown","unknown","noise_or_low_trust","none","no","no","theme_supported","skin_quality_over_volume","0.37","0.14","40","low","high","medical_aesthetics_silver_v1","Domain rule: youtube.com | No meaningful commercial-intent signals detected | Publication type supports social or community conversation | Contains first-person language | Author metadata exists, but it does not establish a reliable voice category | No validated research indicators","","","","","","","","","","unreviewed_machine_prelabel",""
"""""""df785ZPvkPMRPJOYO8NE33qjilo""""""","https://www.oznewstoday.com.au/news-releases.html?id=1045690&headline=amwc-2026-galderma-showcases-category-leading-innovation-with-a-comprehensive-portfolio-and-holistic-future-focused-aesthetic-strategies","News Today","","","","AMWC 2026: Galderma Showcases Category-leading Innovation With a Comprehensive Portfolio and Holistic, Future-focused Aesthetic Strategies","... and services that span the full spectrum of the fast-growing dermatology market through Injectable Aesthetics, Dermatological Skincare ...","2026-03-17T02:11","Australia","online news","media","journalist","news_reporting","news_article","consumer_news","editorial","market_context","none","no","no","profile_supported_needs_review","","0.67","0.76","44","low","medium","medical_aesthetics_silver_v1","No meaningful commercial-intent signals detected | Contains treatment or outcome discussion | News or reporting publication structure | No validated research indicators | Publication classified as news article | Intent selected by precedence","","","","","","","","","","unreviewed_machine_prelabel",""
"""""""Na0GJizBWs-SZTGlThhHUvrluyg""""""","https://www.whitecourtstar.com/pmn/business-wire-news-releases-pmn/amwc-2026-galderma-showcases-category%e2%80%91leading-innovation-with-a-comprehensive-portfolio-and-holistic-future%e2%80%91focused-aesthetic-strategies","Whitecourt Star","","","","AMWC 2026: Galderma Showcases Category‑leading Innovation With a Comprehensive Portfolio and Holistic, Future‑focused Aesthetic Strategies","... and services that span the full spectrum of the fast-growing dermatology market through Injectable Aesthetics, Dermatological Skincare ...","2026-03-17T02:09","Canada","online news","media","journalist","news_reporting","news_article","consumer_news","editorial","market_context","none","no","no","profile_supported_needs_review","","0.67","0.76","44","low","medium","medical_aesthetics_silver_v1","No meaningful commercial-intent signals detected | Contains treatment or outcome discussion | News or reporting publication structure | No validated research indicators | Publication classified as news article | Intent selected by precedence","","","","","","","","","","unreviewed_machine_prelabel",""
"""""""vRkRYsyokTagCa7KI5leMFHLBm0""""""","https://www.kentuckytoday.com/online_features/press_releases/5-signs-it-s-time-to-visit-an-aesthetics-clinic-in-garden-city-for-a/article_d8fcc572-9ffe-5a80-b8cc-c9a70d4d7e43.html","Kentucky Today","","","","5 Signs It’s Time to Visit an Aesthetics Clinic in Garden City for a Skin Refresh","... most patients. About Zoyya Anti-Aging & Aesthetics Zoyya Anti-Aging & Aesthetics is a physician-led aesthetics clinic in Garden City that ...","2026-05-02T13:05","United States","online news","company","brand","brand_announcement","press_release","corporate_pr","commercial","commercial_signal","none","yes","no","theme_supported","provider_led_trust","0.77","0.82","19","very_low","low","medical_aesthetics_silver_v1","Domain rule: URL press-release path | No meaningful commercial-intent signals detected | Contains treatment or outcome discussion | Publication is classified as a press release | No validated research indicators | Press release establishes announcement intent","","","","","","","","","","unreviewed_machine_prelabel",""
"""""""V9Xhduw4Zjnzgvfzc0Emw2JhoFs""""""","https://histyle.ie/spring-skin-reset-with-corinna-tolan-why-skin-longevity-and-inflammation-control-matter-more-than-ever/","Hi Style.ie","himag","","","Spring Skin, Reset With Corinna Tolan: Why Skin Longevity And Inflammation Control Matter More Than Ever","Spring Skin, Reset With Corinna Tolan: Why Skin Longevity and Inflammation Control Matter More Than Ever As we transition to slightly higher temperatures, winter becomes one of the most inflammatory periods for the skin, with its effects often surfacing during the seasonal change","2026-02-10T08:15","Ireland","blog","other","unknown","unknown","blog_post","personal_blog","unknown","noise_or_low_trust","none","no","no","profile_supported_needs_review","","0.37","0.26","49","low","high","medical_aesthetics_silver_v1","No meaningful commercial-intent signals detected | Publication type supports social or community conversation | Contains first-person language | Author metadata exists, but it does not establish a reliable voice category | No validated research indicators | Provider identity signal: do","","","","","","","","","","unreviewed_machine_prelabel",""
"""""""yt-DWKQdVrHVhY""""""","https://www.youtube.com/watch?v=DWKQdVrHVhY","Youtube","Dr-Sristi Mahima","","","#drsristimahima #prpfacetherapy PRP Treatment for Face | Skin Rejuvenation का Best Solution","5. 1 Session PRP Treatment Results 😱 | Face Glow Experience 6. PRP Treatment for Face Results | कितने दिन में असर दिखता है? 🔹 Problem Solving Titles 7. Acne Scars, Wrinkles, Dull Skin? PRP Treatment for Face 8. Face Glow बिना Surgery | PRP Treatment Explained 9. PRP Treatment","2026-05-21T09:39","","social network","provider_hcp","provider","provider_education","educational_video","provider_conversation","professional","professional_interpretation","none","no","no","theme_supported","regenerative_biology","0.74","0.81","97","very_high","medium","medical_aesthetics_silver_v1","Domain rule: youtube.com | No meaningful commercial-intent signals detected | Publication type supports social or community conversation | Contains treatment or outcome discussion | Author metadata exists, but it does not establish a reliable voice category | No validated research indicators","","","","","","","","","","unreviewed_machine_prelabel",""
"""""""1773139886000_B7GxxEZrQOtEudivhZg16s5JlmgA""""""","https://twitter.com/sriparesingham1/statuses/2031322030201778351","Twitter","Got7 BB4","@sriparesingham1","","","to the celebration. Beyond the performance, BamBam introduced the innovation behind Srichand’s latest skincare line, the SRICHAND IN-SKIN Phyto Camellia PDRN Series. The collection features Vegan PDRN, a DNA extract derived from 100% natural camellia flowers. Developed using","2026-03-10T06:51","","social network","provider_hcp","provider","unknown","social_repost","provider_conversation","professional","noise_or_low_trust","none","no","yes","theme_supported","regenerative_biology","0.60","0.57","96","very_high","high","medical_aesthetics_silver_v1","Domain rule: twitter.com | No meaningful commercial-intent signals detected | Publication type supports social or community conversation | Author metadata exists, but it does not establish a reliable voice category | No validated research indicators | Provider identity signal: do","","","","","","","","","","unreviewed_machine_prelabel",""
"""""""1773139639000_XIaeoQ8qmDphZOBA-QO44-9BxJcA""""""","https://twitter.com/Yurifufoo/statuses/2031320994544255440","Twitter","Mommy ปูเป้🏡","@yurifufoo","","","to the celebration. Beyond the performance, BamBam introduced the innovation behind Srichand’s latest skincare line, the SRICHAND IN-SKIN Phyto Camellia PDRN Series. The collection features Vegan PDRN, a DNA extract derived from 100% natural camellia flowers. Developed using","2026-03-10T06:47","","social network","provider_hcp","provider","unknown","social_repost","provider_conversation","professional","noise_or_low_trust","none","no","yes","theme_supported","regenerative_biology","0.60","0.57","96","very_high","high","medical_aesthetics_silver_v1","Domain rule: twitter.com | No meaningful commercial-intent signals detected | Publication type supports social or community conversation | Author metadata exists, but it does not establish a reliable voice category | No validated research indicators | Provider identity signal: do","","","","","","","","","","unreviewed_machine_prelabel",""
"""""""XyBQwRvBKIV4PDIj4EIDPlzU5iM""""""","https://www.indexbox.io/blog/homecare-dermatology-energy-based-devices-market-forecast-points-higher-toward-2035-driven-by-consumer-shift-to-at-home-aesthetic-treatments/","IndexBox","","","","Homecare Dermatology Energy Based Devices Market Forecast Points Higher Toward 2035, Driven by Consumer Shift to at-Home Aesthetic Treatments","... indicators include dermatologist recommendations, clinical study publications, and social media engagement around anti-aging routines. The ...","2026-05-13T05:28","United States","online news","media","journalist","news_reporting","news_article","consumer_news","editorial","market_context","none","no","no","theme_supported","provider_led_trust","0.67","0.76","44","low","medium","medical_aesthetics_silver_v1","No meaningful commercial-intent signals detected | Contains treatment or outcome discussion | News or reporting publication structure | No validated research indicators | Publication classified as news article | Intent selected by precedence","","","","","","","","","","unreviewed_machine_prelabel",""
"""""""1774547064000_Y1fLpIyJdWMmswg-B-Ylohn5vocA""""""","https://x.com/_uacl_/status/2037224161777680575","Twitter","cHoD","@_uacl_","","","""RT @skinwitherror: (SR from @fyneofficial ) . ช่วงปีที่ผ่านมา เชื่อว่าหลายคนคงสังเกต การโฆษณาคำว่า """"anti-aging"""" ดรอปลงกว่าก่อนแต่คำว่า """"slow ageing"""" และล่าสุด """"skin longevity"""" เริ่มเพิ่มขึ้นเยอะมาก ๆ . ซึ่งถ้าฟังผ่าน ๆ แนวคิดนี้ก็น่าสนใจ แต่ก็อดสังสัยว่า อันนี้คือการ rebrand""","2026-03-26T13:44","","social network","other","unknown","unknown","social_repost","unknown","unknown","noise_or_low_trust","none","no","yes","profile_supported_needs_review","","0.57","0.52","40","low","high","medical_aesthetics_silver_v1","Domain rule: x.com | No meaningful commercial-intent signals detected | Publication type supports social or community conversation | Author metadata exists, but it does not establish a reliable voice category | No validated research indicators | Provider identity signal: do","","","","","","","","","","unreviewed_machine_prelabel",""
"""""""yt-pO1DiQ4bPDI""""""","https://www.youtube.com/watch?v=pO1DiQ4bPDI","Youtube","Mahad","","","Fursan by Momin longevity test","test, how to make perfume last longer, perfumes that last all day, loud fragrances Pakistan, skin chemistry vs perfume, clothes vs skin longevity, extrait de parfum performance, nuclear sillage, fragrance maceration, winter beast mode, summer longevity hacks, most durable scents,","2026-04-19T13:44","","social network","other","unknown","unknown","educational_video","unknown","unknown","noise_or_low_trust","none","no","no","profile_supported_needs_review","","0.39","0.19","40","low","high","medical_aesthetics_silver_v1","Domain rule: youtube.com | No meaningful commercial-intent signals detected | Publication type supports social or community conversation | Author metadata exists, but it does not establish a reliable voice category | No validated research indicators | Provider identity signal: do","","","","","","","","","","unreviewed_machine_prelabel",""
"""""""yt-hgz0ktyYVLY""""""","https://www.youtube.com/watch?v=hgz0ktyYVLY","Youtube","Stamina® Cosmetics","","","Dermatologist Dr. Marianna Blyumin-Karasik: Why We’re Retiring “Anti-Aging” | The Skinspan Approach","Dermatologist skincare tips ✔ Healthy aging & skin longevity ✔ Stress and skin science ✔ Evidence-based aesthetics #Skinspan #AntiAging #Dermatologist #HealthySkin #skinlongevity #skincare #skinderm #skindermatology #skinspiration #dermatologist #skinaging #aestheticdermatology","2026-06-10T23:24","United States","social network","company","clinic","clinic_promotion","promotional_video","clinic_marketing","commercial","commercial_signal","none","yes","no","theme_supported","provider_led_trust","0.68","0.70","14","very_low","medium","medical_aesthetics_silver_v1","Domain rule: youtube.com | No meaningful commercial-intent signals detected | Publication type supports social or community conversation | Contains treatment or outcome discussion | Author metadata exists, but it does not establish a reliable voice category | No validated research indicators","","","","","","","","","","unreviewed_machine_prelabel",""
"""""""YnM6cDpkaWQ6cGxjOjM0cDI3ZGhmNGx3NTNsc2o3a2E1ZHVldTozbWRoNno1NXlhMjJt""""""","https://bsky.app/profile/skindoctor.bsky.social/post/3mdh6z55ya22m","Bluesky","Dr. Lazuk M.D.","skindoctor.bsky.social","","","change. Recovery determines results. Why exosomes are redefining post-laser healing: www.skindoctor.ai/post/why-exo... #newblogpost #regenerativeesthetics #exosomes #postlasercare #clinicalskincare #skinhealth #medsky #health #beauty #skincare #exosomes #PRF #rejevenation","2026-01-27T21:10","","social network","provider_hcp","provider","thought_leadership","provider_social_post","provider_conversation","professional","professional_interpretation","none","no","no","theme_supported","regenerative_biology","0.77","0.76","100","very_high","low","medical_aesthetics_silver_v1","Domain rule: bsky.app | No meaningful commercial-intent signals detected | Publication type supports social or community conversation | Contains treatment or outcome discussion | Author metadata contains a professional healthcare credential or role | Publication format supports provider-authored commentary","","","","","","","","","","unreviewed_machine_prelabel",""
"""""""akacjoVrOSWV2byjSkcPNqm4JAo""""""","https://lifestyle.realie.org/story/610014/manhas-health-co-updates-laser-hair-removal-services-in-new-westminster/","XPR Lifestyle","","","","Manhas Health Co Updates Laser Hair Removal Services in New Westminster","... areas. This transition follows a growing trend within the aesthetic field, where clinics are integrating newer technologies to meet ...","2026-04-14T13:22","United States","online news","media","journalist","news_reporting","news_article","consumer_news","editorial","market_context","none","no","no","profile_supported_needs_review","","0.67","0.76","44","low","medium","medical_aesthetics_silver_v1","No meaningful commercial-intent signals detected | Contains treatment or outcome discussion | News or reporting publication structure | No validated research indicators | Publication classified as news article | Intent selected by precedence","","","","","","","","","","unreviewed_machine_prelabel",""
"""""""5b3cAK6bJGLo0E9RkPtiXgk6Wkc""""""","https://smb.thepostsearchlight.com/article/PRP-vs-Microneedling-Comparing-Skin-Renewal-Options-with-Less-Downtime?storyId=6970517b5cf2ba00029c5975","The Post Searchlight","","","","PRP vs. Microneedling: Comparing Skin Renewal Options with Less Downtime","... PRP vs. Regular Microneedling: Which Gives Better Results? Lakewood, United States - January 20, 2026 / Cleveland Cosmetic Surgery / ...","2026-01-20T23:00","United States","online news","media","journalist","news_reporting","news_article","consumer_news","editorial","market_context","none","no","no","theme_supported","regenerative_biology","0.68","0.77","44","low","medium","medical_aesthetics_silver_v1","No meaningful commercial-intent signals detected | Contains community-question or discussion language | Contains treatment or outcome discussion | News or reporting publication structure | No validated research indicators | Publication classified as news article","","","","","","","","","","unreviewed_machine_prelabel",""
"""""""PVuNH41BV5pb0cOazH0dxknt2M4""""""","https://linevoom.line.me/post/1177191694185733735","LINE Voom","Omyai.derlain","omyai.derlain","","","✨ Program Profhilo ฟื้นฟูงานผิวระดับโครงสร้าง ให้ดูอ่อนเยาว์อย่างเป็นธรรมชาติ ไม่ใช่แค่การเติมน้ำให้ผิว แต่คือการรีเซ็ตผิวให้ดูเด็กลงจากภายใน ด้วยโปรแกรม Profhilo นวัตกรรมดูแลผิวที่เน้นการปรับปรุงคุณภาพผิว (Skin Quality) โดยตรง 🔍 ทำความรู้จัก Profhilo ให้มากขึ้น 📍Hyaluronic","2026-02-24T02:09","","social network","other","unknown","unknown","social_post","unknown","unknown","noise_or_low_trust","none","no","no","theme_supported","skin_quality_over_volume","0.33","0.19","26","very_low","high","medical_aesthetics_silver_v1","No meaningful commercial-intent signals detected | Publication type supports social or community conversation | Author metadata exists, but it does not establish a reliable voice category | No validated research indicators | Provider identity signal: do | No intent candidate satisfied eligibility requirements","","","","","","","","","","unreviewed_machine_prelabel",""
"""""""EswrGnMnhSNwAKiGKhYPun4XEKs""""""","https://www.eastcoastamericannews.com/news/nykaa-strengthens-its-korean-beauty-portfolio-with-the-launch-of-viral-skincare-sensation-medicube20260220140701/","East Coast American News","","","","Nykaa Strengthens Its Korean Beauty Portfolio with the Launch of Viral Skincare Sensation, medicube","... medicube, a brand that has redefined results-led skincare globally. Celebrated for its clinically proven formulations, medicube has set new ...","2026-02-20T03:56","United States","online news","media","journalist","news_reporting","news_article","consumer_news","editorial","market_context","none","no","no","profile_supported_needs_review","","0.67","0.77","29","very_low","medium","medical_aesthetics_silver_v1","No meaningful commercial-intent signals detected | Contains treatment or outcome discussion | News or reporting publication structure | Research language appears without validated research-source metadata | Publication classified as news article | Intent selected by precedence","","","","","","","","","","unreviewed_machine_prelabel",""
"""""""Crppag-DytYhzbhHBvRTtt51xZE""""""","https://www.wfmz.com/news/pr_newswire/pr_newswire_stocks/revision-skincare-dej-daily-boosting-serum-wins-advanced-clinical-beauty-performance-category-at-the-2025/article_674fb2a5-9e9c-5707-b28e-5a770c7b8ac4.html","WFMZ-TV","","","","Revision Skincare® DEJ Daily Boosting Serum™ Wins Advanced Clinical Beauty & Performance Category at the 2025-2026 Beauty & Longevity CHOICE Awards","... demand for longevity‑focused, clinically validated skincare solutions. About the Beauty & Longevity CHOICE Awards The Beauty & Longevity ...","2026-02-20T16:51","United States","online news","media","journalist","news_reporting","news_article","consumer_news","editorial","market_context","none","no","no","profile_supported_needs_review","","0.67","0.76","44","low","medium","medical_aesthetics_silver_v1","No meaningful commercial-intent signals detected | Contains treatment or outcome discussion | News or reporting publication structure | No validated research indicators | Publication classified as news article | Intent selected by precedence","","","","","","","","","","unreviewed_machine_prelabel",""
"""""""u0FxyNq1kjsAeCeosLjjChddll0""""""","https://indianexpressnews.co.in/before-you-try-another-trend-read-this-about-your-skin/","Indianexpressnews","","","","Before You Try Another Trend, Read This About Your Skin","... qualified medical professional who understands both anatomy and aesthetics. Dr. Gunjan Gangaraju, Medical Graduate and Aesthetic ...","2026-02-20T08:02","India","online news","media","journalist","news_reporting","news_article","consumer_news","editorial","market_context","none","no","no","profile_supported_needs_review","","0.68","0.78","44","low","medium","medical_aesthetics_silver_v1","No meaningful commercial-intent signals detected | News or reporting publication structure | No validated research indicators | Publication classified as news article | Intent selected by precedence | Mapped from publication type: news_article","","","","","","","","","","unreviewed_machine_prelabel",""
"""""""MNNG0cdQD94AucH-ZR0XKriQByE""""""","https://smb.elizabethton.com/article/Revision-Skincarer-DEJ-Daily-Boosting-Serumtm-Wins-Advanced-Clinical-Beauty-andamp-Performance-Category-at-the-2025-2026-Beauty-andamp-Longevity-CHOICE-Awards?storyId=6998d7e1f3b9ec0450c8cfe0","Elizabethton Star","","","","Revision Skincare® DEJ Daily Boosting Serum™ Wins Advanced Clinical Beauty & Performance Category at the 2025-2026 Beauty & Longevity CHOICE Awards","... demand for longevity‑focused, clinically validated skincare solutions. About the Beauty & Longevity CHOICE Awards The Beauty & Longevity ...","2026-02-20T16:51","United States","online news","media","journalist","news_reporting","news_article","consumer_news","editorial","market_context","none","no","no","profile_supported_needs_review","","0.67","0.76","44","low","medium","medical_aesthetics_silver_v1","No meaningful commercial-intent signals detected | Contains treatment or outcome discussion | News or reporting publication structure | No validated research indicators | Publication classified as news article | Intent selected by precedence","","","","","","","","","","unreviewed_machine_prelabel",""
"""""""dynu9oIt4Ff4pA_jp0ezIdocf7M""""""","https://www.thegreensheet.com/online_features/press_releases/revision-skincare-dej-daily-boosting-serum-wins-advanced-clinical-beauty-performance-category-at-the-2025/article_aa9b06e1-842f-55c1-9d84-6df9ddbd41c1.html","The Greensheet","","","","Revision Skincare® DEJ Daily Boosting Serum™ Wins Advanced Clinical Beauty & Performance Category at the 2025-2026 Beauty & Longevity CHOICE Awards","... demand for longevity‑focused, clinically validated skincare solutions. About the Beauty & Longevity CHOICE Awards The Beauty & Longevity ...","2026-02-20T16:51","United States","online news","company","brand","brand_announcement","press_release","corporate_pr","commercial","commercial_signal","none","yes","no","profile_supported_needs_review","","0.78","0.83","19","very_low","low","medical_aesthetics_silver_v1","Domain rule: URL press-release path | No meaningful commercial-intent signals detected | Contains treatment or outcome discussion | Publication is classified as a press release | No validated research indicators | Press release establishes announcement intent","","","","","","","","","","unreviewed_machine_prelabel",""
"""""""AmS4HzDnWRddSqgzBw4MCDMbsEQ""""""","https://entertainment.easterntribunal.com/news/600k-japanese-patients-seeking-premium-skin-rejuvenation-lydian-clinic-announce/549118","Entertainment - Eastern","","","","600K Japanese Patients Seeking Premium Skin Rejuvenation: Lydian Clinic Announce","... dermatology market, stem cell and exosome therapies gaining traction, and a strong cultural pull toward Korean beauty innovation, Lydian ...","2026-05-18T11:59","United States","online news","media","journalist","news_reporting","news_article","consumer_news","editorial","market_context","none","no","no","profile_supported_needs_review","","0.66","0.75","44","low","medium","medical_aesthetics_silver_v1","No meaningful commercial-intent signals detected | Contains treatment or outcome discussion | News or reporting publication structure | No validated research indicators | Publication classified as news article | Intent selected by precedence","","","","","","","","","","unreviewed_machine_prelabel",""
"""""""yt-kAq9wQKswVc""""""","https://www.youtube.com/watch?v=kAq9wQKswVc","Youtube","Skin Intelligence By Dr Lazuk","","","The Exosome Obsession - Skin Intelligence - Dr. Lazuk","skincare 5:40 – What exosomes actually are (and aren't) 8:30 – Post-procedure vs. topical application 11:00 – How to spot quality exosome products 13:45 – The future of aesthetic treatments Tags: #Exosomes #RegenerativeSkincare #Aesthetics #Microneedling #SkinScience #AntiAging","2026-05-26T20:21","","social network","provider_hcp","provider","unknown","educational_video","provider_conversation","professional","noise_or_low_trust","none","no","no","theme_supported","regenerative_biology","0.46","0.29","97","very_high","high","medical_aesthetics_silver_v1","Domain rule: youtube.com | No meaningful commercial-intent signals detected | Publication type supports social or community conversation | Contains treatment or outcome discussion | Author metadata exists, but it does not establish a reliable voice category | No validated research indicators","","","","","","","","","","unreviewed_machine_prelabel",""
"""""""8XIIBBP7Ki_cB792PXOKcW0RuPQ""""""","https://smb.andalusiastarnews.com/article/Glamory-MicroLift-2026-Claims-Examined-Pricing-Verified-andamp-What-Consumers-Should-Confirm-Before-Buying?storyId=69fce7e6d56b553ce63b470f","Andalusia Star-News","","","","Glamory MicroLift 2026: Claims Examined, Pricing Verified & What Consumers Should Confirm Before Buying","""... reasons for it. The """"dupe clinic treatment"""" moment is here. There's been a significant cultural shift in beauty around the idea that you ...""","2026-05-07T15:26","United States","online news","media","journalist","news_reporting","news_article","consumer_news","editorial","market_context","none","no","no","profile_supported_needs_review","","0.68","0.77","44","low","medium","medical_aesthetics_silver_v1","No meaningful commercial-intent signals detected | Contains treatment or outcome discussion | News or reporting publication structure | No validated research indicators | Publication classified as news article | Intent selected by precedence","","","","","","","","","","unreviewed_machine_prelabel",""
"""""""JSQVgnCrfYbAOBgwrrr0ojexyI0""""""","https://lifestyle.recentlegalnews.com/story/674479/avl-hosts-virtual-salon-suite-exploring-how-ivf-research-inspired-a-new-era-of-science-backed-skincare/","XPR Lifestyle","","","","AVL Hosts Virtual Salon Suite Exploring How IVF Research Inspired a New Era of Science-Backed Skincare","AVL AVL is a science-backed skincare brand focused on the intersection of skin longevity, wellness, and clinically informed beauty ...","2026-05-16T20:27","United States","online news","media","journalist","news_reporting","news_article","consumer_news","editorial","market_context","none","no","no","profile_supported_needs_review","","0.67","0.76","44","low","medium","medical_aesthetics_silver_v1","No meaningful commercial-intent signals detected | Contains treatment or outcome discussion | News or reporting publication structure | No validated research indicators | Publication classified as news article | Intent selected by precedence","","","","","","","","","","unreviewed_machine_prelabel",""
"""""""bkIzLl36m5zhgDkzLex-WWbOFuU""""""","https://jornalwebdigital.blogspot.com/p/prnewswirenews.html?rkey=20260407CN29308&filter=28399","Jornalwebdigital - PR Newswire","","","","REJURAN Cosmetics Debuts at Sephora U.S. with Sold-Out LA Pop-Up","... into REJURAN Cosmetics' potential in the North American market. In partnership with Sephora, we look forward to expanding our presence both ...","2026-04-07T19:59","Brazil","online news","company","brand","brand_announcement","press_release","corporate_pr","commercial","commercial_signal","none","yes","no","profile_supported_needs_review","","0.80","0.84","22","very_low","low","medical_aesthetics_silver_v1","Domain rule: blogspot.com | No meaningful commercial-intent signals detected | Contains first-person language | Publication is classified as a press release | No validated research indicators | Press release establishes announcement intent","","","","","","","","","","unreviewed_machine_prelabel",""
"""""""TUa6Cltx8beNEMQzB4-WV8rpTB4""""""","https://www.vietnamnews.net/news/278968115/cgbio-showcases-comprehensive-medical-device-portfolio-at-kimes-2026-achieves-krw-53-billion-in-contract-results","Vietnam News.Net","","","","CGBIO Showcases Comprehensive Medical Device Portfolio at KIMES 2026 Achieves KRW 5.3 Billion in Contract Results","FACETEM (aesthetic), Curasys ME (wound care), NOVOSIS (bone substitute), and CG GEL (endoscopic hemostatic agent). FACETEM is a collagen ...","2026-04-06T20:56","Vietnam","online news","media","journalist","news_reporting","news_article","consumer_news","editorial","market_context","none","no","no","theme_supported","collagen_biostimulation","0.68","0.77","44","low","medium","medical_aesthetics_silver_v1","No meaningful commercial-intent signals detected | Contains first-person language | Contains treatment or outcome discussion | News or reporting publication structure | No validated research indicators | Publication classified as news article","","","","","","","","","","unreviewed_machine_prelabel",""
"""""""U0wfGpEvjTeaQZiZkHn3Qvua1Fs""""""","https://lifestyle.pierrecountry.com/story/236405/medical-tourism-korea-cosmetic-surgeon-on-600k-japanese-patients/","KLXS-FM","","","","Medical Tourism | Korea Cosmetic Surgeon on 600K Japanese Patients","... to international patients. Stem cell facial treatments typically start around $3,000 to $5,000, including consultation and follow-up care. ...","2026-05-21T10:54","United States","online news","media","journalist","news_reporting","news_article","consumer_news","editorial","market_context","none","no","no","profile_supported_needs_review","","0.67","0.75","44","low","medium","medical_aesthetics_silver_v1","No meaningful commercial-intent signals detected | Contains treatment or outcome discussion | News or reporting publication structure | No validated research indicators | Publication classified as news article | Intent selected by precedence","","","","","","","","","","unreviewed_machine_prelabel",""
"""""""qEFMG8aGyGAUDmgpdekCz6Mx7JQ""""""","https://pr.southsaltlakejournal.com/article/Marini-SkinSolutionsr-Honored-with-Vendor-of-the-Year-Award-at-the-2026-Massage-Envy-National-Summit-in-Las-Vegas?storyId=69fba925d56b553ce63b3fed","South Salt Lake Journal","","","","Marini SkinSolutions® Honored with Vendor of the Year Award at the 2026 Massage Envy National Summit in Las Vegas","""... -edge skin care innovations, NeuroSmooth, for glass-smooth skin, and Marini Reboot PDRN Serum. """"We are honored to have been selected as ...""","2026-05-06T16:41","United States","online news","media","journalist","news_reporting","news_article","consumer_news","editorial","market_context","none","no","no","theme_supported","regenerative_biology","0.66","0.75","44","low","medium","medical_aesthetics_silver_v1","No meaningful commercial-intent signals detected | News or reporting publication structure | No validated research indicators | Publication classified as news article | Intent selected by precedence | Mapped from publication type: news_article","","","","","","","","","","unreviewed_machine_prelabel",""
"""""""z8Q41r9YtDV9BPmSlOtoX6FMANU""""""","https://note.com/r_evidence_/n/n1443f4453d99","Note","","","","世界の化粧品メーカーが選んだ、2026年の本命原料5成分","active for skin longevity. https:// ...","2026-05-06T00:30","Japan","online news","media","journalist","news_reporting","news_article","consumer_news","editorial","market_context","none","no","no","profile_supported_needs_review","","0.67","0.76","44","low","medium","medical_aesthetics_silver_v1","No meaningful commercial-intent signals detected | News or reporting publication structure | No validated research indicators | Publication classified as news article | Intent selected by precedence | Mapped from publication type: news_article","","","","","","","","","","unreviewed_machine_prelabel",""
"""""""crXm1YPg6RSdOgHQVtF8_S8_zi0""""""","https://prtimes.jp/main/html/rd/p/000000320.000034186.html","PR TIMES","","","","""TCB中上勝一朗医師らの研究が国際学術誌「Archives of Aesthetic Plastic Surgery」に掲載。経結膜脱脂術における新アプローチ""""圧迫法""""の安全性と有用性を検証。""","Trends in Cosmetic Surgery: Multicenter ...","2026-02-12T19:30","Japan","online news","media","journalist","news_reporting","news_article","consumer_news","editorial","market_context","none","no","no","profile_supported_needs_review","","0.66","0.75","44","low","medium","medical_aesthetics_silver_v1","No meaningful commercial-intent signals detected | News or reporting publication structure | No validated research indicators | Publication classified as news article | Intent selected by precedence | Mapped from publication type: news_article","","","","","","","","","","unreviewed_machine_prelabel",""
"""""""pTlxeLrEJX4mF70WEKQInNS2gqk""""""","https://www.deccanchronicle.com/tabloid/hyderabad-chronicle/oh-eye-see-1938424","Deccan Chronicle","Purnima Goswami Sharma","","","Oh! Eye See","... damage,” states Dr Sood. Facial Yoga Benefits Under-eye skin care is not about quick results. It’s about being consistent, gentle, and ...","2026-02-19T08:12","India","online news","media","journalist","news_reporting","news_article","consumer_news","editorial","market_context","none","no","no","profile_supported_needs_review","","0.67","0.76","44","low","medium","medical_aesthetics_silver_v1","No meaningful commercial-intent signals detected | Contains treatment or outcome discussion | News or reporting publication structure | No validated research indicators | Publication classified as news article | Intent selected by precedence","","","","","","","","","","unreviewed_machine_prelabel",""
"""""""NVBUsHtE93CpRYcEIHyQqnev8h0""""""","https://smb.demopolistimes.com/article/Global-Wellness-Summit-Releases-10-Wellness-Trends-for-2026?storyId=6978d045a28ebccd8b989614","The Demopolis Times","","","","Global Wellness Summit Releases 10 Wellness Trends for 2026","... minds at ease. 6. Skin Longevity Redefines Beauty Move over anti-aging: innovations in skin regeneration usher in a new era A ...","2026-01-27T10:38","United States","online news","media","journalist","news_reporting","news_article","consumer_news","editorial","market_context","none","no","no","profile_supported_needs_review","","0.67","0.76","44","low","medium","medical_aesthetics_silver_v1","No meaningful commercial-intent signals detected | News or reporting publication structure | No validated research indicators | Publication classified as news article | Intent selected by precedence | Mapped from publication type: news_article","","","","","","","","","","unreviewed_machine_prelabel",""
"""""""G9ZrkJNaRwjMI2sYsPE57z7C440""""""","https://www.miamitimesonline.com/online_features/press_releases/revance-executives-to-present-at-imcas-world-congress-2026/article_b9719183-a3ee-5e01-9f50-228ecf4998de.html","The Miami Times","","","","Revance Executives to Present at IMCAS World Congress 2026","... , Inc.) Jeff Bedard and Conor Gallagher to share insights on aesthetic and therapeutic innovation NASHVILLE, Tenn. , Jan. 27, 2026 / ...","2026-01-27T16:05","United States","online news","company","brand","brand_announcement","press_release","corporate_pr","commercial","commercial_signal","none","yes","no","profile_supported_needs_review","","0.79","0.85","19","very_low","low","medical_aesthetics_silver_v1","Domain rule: URL press-release path | No meaningful commercial-intent signals detected | Publication is classified as a press release | No validated research indicators | Brand signal: inc. | Press release establishes announcement intent","","","","","","","","","","unreviewed_machine_prelabel",""
"""""""yt-8Occ2O9QlA4""""""","https://www.youtube.com/watch?v=8Occ2O9QlA4","Youtube","Connecther to Healing","","","Preserve your skin longevity with Connecther’s Organic Ingredients.","you achieve your desired skin appearance and preserve your skin longevity. 📌 Connecther Formulation Philosophy and Nigeria’s Policy to Strengthen Cosmetics Safety. 📌 Customers Feedback. Connecther cosmetics strengthens the cosmetic value chain in Nigeria with our ingredients","2026-04-25T09:00","Nigeria","social network","other","unknown","product_promotion","promotional_video","retail_or_product","commercial","commercial_signal","none","yes","no","profile_supported_needs_review","","0.55","0.47","10","very_low","high","medical_aesthetics_silver_v1","Domain rule: youtube.com | No meaningful commercial-intent signals detected | Publication type supports social or community conversation | Contains first-person language | Author metadata exists, but it does not establish a reliable voice category | No validated research indicators","","","","","","","","","","unreviewed_machine_prelabel",""
"""""""O_P9xI5y66aHAm7-wAVt-FIGqEI""""""","http://business.bigspringherald.com/bigspringherald/article/prlog-2026-1-18-biotech-breakthrough-in-tattoo-aftercare-biotech-technology-accelerates-recovery-by-40","Big Spring Herald - FinancialContent","","","","Biotech Breakthrough in Tattoo Aftercare: BioTech Technology Accelerates Recovery by 40%","... biotechnology innovation. About TattMagic TattMagic is a biotech cosmetics company developing clinical-grade tattoo aftercare products ...","2026-01-17T20:38","United States","online news","media","journalist","news_reporting","news_article","consumer_news","editorial","market_context","none","no","no","profile_supported_needs_review","","0.67","0.76","44","low","medium","medical_aesthetics_silver_v1","No meaningful commercial-intent signals detected | Contains treatment or outcome discussion | News or reporting publication structure | No validated research indicators | Publication classified as news article | Intent selected by precedence","","","","","","","","","","unreviewed_machine_prelabel",""
"""""""CuCVLVKOrLisLH9OBqMNEDPLPQ4""""""","https://www.bignewsnetwork.com/news/278845018/breakthrough-anti-aging-ingredients-what-works-and-what-hype","Big News Network","","","","Breakthrough Anti-Aging Ingredients: What Works (and What's Hype)","... PRP Traitement par PRP uses growth factors derived from the patient's own plasma to stimulate cellular regeneration. Benefits of PRP ...","2026-02-02T12:46","United Arab Emirates","online news","media","journalist","news_reporting","news_article","consumer_news","editorial","market_context","none","no","no","theme_supported","regenerative_biology","0.68","0.78","44","low","medium","medical_aesthetics_silver_v1","No meaningful commercial-intent signals detected | News or reporting publication structure | No validated research indicators | Publication classified as news article | Intent selected by precedence | Mapped from publication type: news_article","","","","","","","","","","unreviewed_machine_prelabel",""
"""""""viJWBVbRP7qvg2CzgT_Fq7QFr00""""""","https://menafn.com/1110905681/Clinique-Mika-Introduces-The-Matrix-Skin-Renewal-Platform-A-Revolutionary-Approach-To-Skin-Health","The Middle East North Africa Financial Network","","","","Clinique Mika Introduces The Matrix® Skin Renewal Platform: A Revolutionary Approach To Skin Health","Mika, they combine advanced medical aesthetics with a personalized, results-driven approach to help patients look refreshed, confident, and ...","2026-03-25T06:01","United Arab Emirates","online news","media","journalist","news_reporting","news_article","consumer_news","editorial","market_context","none","no","no","theme_supported","natural_results|skin_quality_over_volume|provider_led_trust","0.68","0.78","44","low","medium","medical_aesthetics_silver_v1","No meaningful commercial-intent signals detected | Contains treatment or outcome discussion | News or reporting publication structure | No validated research indicators | Publication classified as news article | Intent selected by precedence","","","","","","","","","","unreviewed_machine_prelabel",""
"""""""fNwVCQfA5IRSDuksz0sVOIxtY7E""""""","https://lifestyle.jardal-paintball.com/story/528276/blue-cpr-emerges-as-clinical-performance-leader-in-koreas-competitive-derma-skincare-market/","XPR Lifestyle","","","","Blue CPR Emerges as Clinical Performance Leader in Korea’s Competitive Derma-Skincare Market","... dermatology clinics and aesthetic centers to reinforce its identity as a clinically informed brand within the global derma-cosmeceutical ...","2026-02-27T14:25","United States","online news","media","journalist","news_reporting","news_article","consumer_news","editorial","market_context","none","no","no","profile_supported_needs_review","","0.67","0.75","44","low","medium","medical_aesthetics_silver_v1","No meaningful commercial-intent signals detected | Contains treatment or outcome discussion | News or reporting publication structure | No validated research indicators | Publication classified as news article | Intent selected by precedence","","","","","","","","","","unreviewed_machine_prelabel",""
"""""""yt-kXAzlqSVb_g""""""","https://www.youtube.com/watch?v=kXAzlqSVb_g","Youtube","Contour Medical","","","Medspa or Medical Practice? Here’s What Matters Most","until the end before your next aesthetic treatment. #MedSpa #AestheticMedicine #DermalFillers #Restylane #Sculptra #Bellafill #Versa #CosmeticInjectables #MedicalAesthetics #FacialRejuvenation #AntiAging #PlasticSurgery #AestheticProvider #PatientEducation #DrMcCoy #FromTheChair","2026-06-02T23:13","United States","social network","company","clinic","clinic_promotion","promotional_video","clinic_marketing","commercial","commercial_signal","none","yes","no","theme_supported","collagen_biostimulation|provider_led_trust","0.70","0.74","15","very_low","medium","medical_aesthetics_silver_v1","Domain rule: youtube.com | No meaningful commercial-intent signals detected | Publication type supports social or community conversation | Contains treatment or outcome discussion | Author metadata exists, but it does not establish a reliable voice category | No validated research indicators","","","","","","","","","","unreviewed_machine_prelabel",""
"""""""1780331458000_uyeeFsA4xZS9BrJn4a6geqvkfvQA""""""","https://x.com/WelloraHealth/status/2061485668921176376","Twitter","Wellora Health","@wellorahealth","","","QT @DrsansariOrd: The most likely diagnosis is Pityriasis Rubra Pilaris (PRP). Why PRP? Clinical features: Orange-red (salmon-colored) scaly plaques Generalized rough, dry skin with erythroderma Palmoplantar hyperkeratosis (thick yellow-orange keratoderma of palms and soles)","2026-06-01T12:30","","social network","other","unknown","unknown","social_quote","unknown","unknown","noise_or_low_trust","none","no","yes","theme_supported","regenerative_biology","0.58","0.52","40","low","high","medical_aesthetics_silver_v1","Domain rule: x.com | No meaningful commercial-intent signals detected | Publication type supports social or community conversation | Contains treatment or outcome discussion | Author metadata exists, but it does not establish a reliable voice category | No validated research indicators","","","","","","","","","","unreviewed_machine_prelabel",""
"""""""9dRwlHy6LP41BHO0EwvZP5zwKv4""""""","https://ie.pinterest.com/pin/489555422021250331/","Pinterest","Mini Li","kkmomolhq","","[CLINICAL EXPERIMENTS PROOF] With 222 participants, after 30m, skin moisture increased and was maintained by 186.885%, and skin glow increased and was maintained by 126.211%. Individual results may vary. [NON IRRITATING] 0 cases of irritation 24h after use. SPATULA INCLUDED FOR HYGIENIC PURPOSE [SALMON DNA] Powered by PDRN, the same ingredient in skin revitalization treatments, to strengthen hydration for a healthy-looking skin [HIGH-POTENCY COLLAGEN] Immerse your skin in a powerful collagen fac","126.211%. Individual results may vary. [NON IRRITATING] 0 cases of irritation 24h after use. SPATULA INCLUDED FOR HYGIENIC PURPOSE [SALMON DNA] Powered by PDRN, the same ingredient in skin revitalization treatments, to strengthen hydration for a healthy-looking skin [HIGH-POTENCY","2026-01-25T03:55","","social network","provider_hcp","provider","unknown","social_post","provider_conversation","professional","noise_or_low_trust","none","no","no","theme_supported","collagen_biostimulation|regenerative_biology","0.38","0.28","79","high","high","medical_aesthetics_silver_v1","No meaningful commercial-intent signals detected | Publication type supports social or community conversation | Contains treatment or outcome discussion | Author metadata exists, but it does not establish a reliable voice category | No validated research indicators | Provider identity signal: do","","","","","","","","","","unreviewed_machine_prelabel",""
"""""""P9ZIiwnhU9qcQvvqKS3YBZOokp0""""""","https://westvirginiatelegram.com/press/seoulceuticals-publishes-first-official-pdrn-layering-protocol-citing-incorrect-application-as-the-1-reason-users-see-no-results/152312","West Virginia Telegram","","","","SeoulCeuticals Publishes First Official PDRN Layering Protocol, Citing Incorrect Application as the #1 Reason Users See No Results","... toner, PDRN serum on damp skin, optional additional serum after full PDRN absorption, and moisturizer. The retinol routine resolves the ...","2026-03-31T15:57","United States","online news","media","journalist","news_reporting","news_article","consumer_news","editorial","market_context","none","no","no","theme_supported","regenerative_biology","0.67","0.76","44","low","medium","medical_aesthetics_silver_v1","No meaningful commercial-intent signals detected | Contains treatment or outcome discussion | News or reporting publication structure | No validated research indicators | Publication classified as news article | Intent selected by precedence","","","","","","","","","","unreviewed_machine_prelabel",""
"""""""gBh86z4brIkG8FrLj4cjJYhkVGU""""""","https://www.wolverhampton.gov.uk/news/beauty-confidence-businesses-and-practitioners-sign-council-safety-scheme","City of Wolverhampton Council","","","","Beauty with confidence as businesses and practitioners sign up to council safety scheme","... us.” Amy-Jo Adams, aesthetic nurse injector, and Leanne Brand, aesthetic nurse prescriber and injector, both owners of Pillars Medical ...","2026-04-22T08:06","United Kingdom","online news","other","government","research_dissemination","government_document","government_or_regulator","authoritative","research_evidence","none","no","no","theme_supported","provider_led_trust","0.73","0.81","100","very_high","medium","medical_aesthetics_silver_v1","Domain rule: gov.uk | No meaningful commercial-intent signals detected | Contains treatment or outcome discussion | No reliable author-voice classification | Government or regulator source | Government-domain classification","","","","","","","","","","unreviewed_machine_prelabel",""
"""""""l2ZRzBZVENCahFNNhxWGK_4WH-g""""""","https://www.noidachronicle.net/story/192714/sakose-joins-forces-with-nobel-laureate-professor-to-advance-scientific-innovation-and-set-a-germanstyle-petroleum-jelly-skincare-benchmark.html","Noida Chronicle","","","","Sakose Joins Forces with Nobel Laureate Professor to Advance Scientific Innovation and Set a German-Style Petroleum Jelly Skincare Benchmark","... -style petroleum jelly skincare specialist Sakose has officially entered into a strategic R&D partnership with Nobel laureate Professor ...","2026-03-02T17:41","United States","online news","media","journalist","news_reporting","news_article","consumer_news","editorial","market_context","none","no","no","profile_supported_needs_review","","0.67","0.76","44","low","medium","medical_aesthetics_silver_v1","No meaningful commercial-intent signals detected | News or reporting publication structure | No validated research indicators | Publication classified as news article | Intent selected by precedence | Mapped from publication type: news_article","","","","","","","","","","unreviewed_machine_prelabel",""
"""""""3MjCzCMAjEhnNRLMw72syy5vajw""""""","https://www.utahheadlines.com/news/story/539245/sakose-joins-forces-with-nobel-laureate-professor-to-advance-scientific-innovation-and-set-a-germanstyle-petroleum-jelly-skincare-benchmark.html","Utah Headlines","","","","Sakose Joins Forces with Nobel Laureate Professor to Advance Scientific Innovation and Set a German-Style Petroleum Jelly Skincare Benchmark","... -style petroleum jelly skincare specialist Sakose has officially entered into a strategic R&D partnership with Nobel laureate Professor ...","2026-03-02T17:34","United States","online news","media","journalist","news_reporting","news_article","consumer_news","editorial","market_context","none","no","no","profile_supported_needs_review","","0.67","0.76","44","low","medium","medical_aesthetics_silver_v1","No meaningful commercial-intent signals detected | News or reporting publication structure | No validated research indicators | Publication classified as news article | Intent selected by precedence | Mapped from publication type: news_article","","","","","","","","","","unreviewed_machine_prelabel",""
"""""""cJFgC9MnsdyB7fImgLJt_tzoNiY""""""","https://roydbma569379.digiblogbox.com/64553159/uncover-donkey-milk-cream-your-ultimate-guide","Takemyclass61594 Blog","","","","Uncover Donkey Milk Cream: Your Ultimate Guide","... kosovo luxurious creams made with donkey milk. This distinctive skincare item is attracting significant interest within the beauty arena, ...","2026-03-02T11:11","United Kingdom","online news","media","journalist","news_reporting","news_article","consumer_news","editorial","market_context","none","no","no","profile_supported_needs_review","","0.67","0.76","44","low","medium","medical_aesthetics_silver_v1","No meaningful commercial-intent signals detected | News or reporting publication structure | No validated research indicators | Publication classified as news article | Intent selected by precedence | Mapped from publication type: news_article","","","","","","","","","","unreviewed_machine_prelabel",""
"""""""dfZRuXzZXR-U006x2ICEPYOWVMA""""""","https://www.ukbusinessreporter.com/article/880450722-medical-aesthetics-market-in-2029","UK Business Reporter","","","","Medical Aesthetics Market In 2029","... anticipated in the facial medical aesthetic products medical aesthetics market, the non-invasive medical aesthetics market, the retail ...","2026-01-06T10:56","United States","online news","media","journalist","news_reporting","news_article","consumer_news","editorial","market_context","none","no","no","theme_supported","provider_led_trust","0.68","0.78","44","low","medium","medical_aesthetics_silver_v1","No meaningful commercial-intent signals detected | News or reporting publication structure | No validated research indicators | Publication classified as news article | Intent selected by precedence | Mapped from publication type: news_article","","","","","","","","","","unreviewed_machine_prelabel",""
"""""""bEfm7qc8-jeyX1EAQq0ew8106Zw""""""","https://testosteroneforsalecanada29971.digiblogbox.com/63628580/finding-the-rise-of-canadian-filler-manufacturers-innovations-advantages-and-marketplace-traits","Takemyclass61594 Blog","","","","Finding the Rise of Canadian Filler Manufacturers - Innovations, Advantages, and Marketplace Traits","... filler brand scene has acquired substantial traction within the cosmetic and aesthetic medication Local community. As consumers develop ...","2026-01-01T18:30","United Kingdom","online news","media","journalist","news_reporting","news_article","consumer_news","editorial","market_context","none","no","no","profile_supported_needs_review","","0.67","0.76","44","low","medium","medical_aesthetics_silver_v1","No meaningful commercial-intent signals detected | News or reporting publication structure | No validated research indicators | Publication classified as news article | Intent selected by precedence | Mapped from publication type: news_article","","","","","","","","","","unreviewed_machine_prelabel",""
"""""""ku6E7Zw13X2Phd6W85pbXi2zWgI""""""","https://lifestyle.maxmention.com/story/151925/debut-and-natura-partner-to-commercialize-ai-discovered-skin-longevity-ingredient-for-latin-america/","XPR - Lifestyle Demo","","","","Debut and Natura Partner to Commercialize AI-Discovered Skin Longevity Ingredient for Latin America","... will commercialize the AI-discovered complex upon successful clinical validation, uniting Debut’s novel actives with Natura’s ...","2026-05-27T10:29","United States","online news","media","journalist","news_reporting","news_article","consumer_news","editorial","market_context","none","no","no","profile_supported_needs_review","","0.67","0.76","44","low","medium","medical_aesthetics_silver_v1","No meaningful commercial-intent signals detected | Contains treatment or outcome discussion | News or reporting publication structure | No validated research indicators | Publication classified as news article | Intent selected by precedence","","","","","","","","","","unreviewed_machine_prelabel",""
"""""""CziS536vFqI-goMqNBhxXcNmFt0""""""","https://northcarolinainquiry.com/press/honolulus-top-plastic-surgeon-ahead-of-the-curve-following-npr-science-report/153942","North Carolina Inquiry","","","","Honolulu’s Top Plastic Surgeon Ahead of the Curve Following NPR Science Report","""... clinical evidence on collagen stimulation and tissue recovery is clear,"""" says Dr. Ching. """"The problem is most consumer LED masks use weak ...""","2026-04-17T23:59","United States","online news","media","journalist","news_reporting","news_article","consumer_news","editorial","market_context","none","no","no","theme_supported","collagen_biostimulation","0.65","0.73","29","very_low","medium","medical_aesthetics_silver_v1","No meaningful commercial-intent signals detected | Contains treatment or outcome discussion | News or reporting publication structure | Research language appears without validated research-source metadata | Publication classified as news article | Intent selected by precedence","","","","","","","","","","unreviewed_machine_prelabel",""
"""""""i-N0PGBjW-o3X8QLqZAwKz4lpuM""""""","https://obserworld.com/news/honolulus-top-plastic-surgeon-ahead-of-the-curve-following-npr-science-report/545329","Observe World","","","","Honolulu’s Top Plastic Surgeon Ahead of the Curve Following NPR Science Report","""... clinical evidence on collagen stimulation and tissue recovery is clear,"""" says Dr. Ching. """"The problem is most consumer LED masks use weak ...""","2026-04-17T23:59","United States","online news","media","journalist","news_reporting","news_article","consumer_news","editorial","market_context","none","no","no","theme_supported","collagen_biostimulation","0.65","0.73","29","very_low","medium","medical_aesthetics_silver_v1","No meaningful commercial-intent signals detected | Contains treatment or outcome discussion | News or reporting publication structure | Research language appears without validated research-source metadata | Publication classified as news article | Intent selected by precedence","","","","","","","","","","unreviewed_machine_prelabel",""
"""""""FehSaOeBcexIdGA-PIoMVuWpPoE""""""","https://writeupcafe.com/microneedling-treatment-why-patients-often-notice-skin-quality-before-anything-else","WriteUpCafe","","","","Microneedling Treatment: Why Patients Often Notice Skin Quality Before Anything Else","Combined With Other Treatments Inside a trusted cosmetic doctor clinic, microneedling is rarely viewed completely in isolation. Some ...","2026-05-26T05:37","United States","online news","media","journalist","news_reporting","news_article","consumer_news","editorial","market_context","none","no","no","theme_supported","skin_quality_over_volume","0.67","0.75","44","low","medium","medical_aesthetics_silver_v1","No meaningful commercial-intent signals detected | Contains treatment or outcome discussion | News or reporting publication structure | No validated research indicators | Publication classified as news article | Intent selected by precedence","","","","","","","","","","unreviewed_machine_prelabel",""
"""""""yt-MZH-ataYSao""""""","https://www.youtube.com/watch?v=MZH-ataYSao","Youtube","VBoutique Aesthetics & Wellness","","","VBoutique - Dr V - Before & After Sculptra and Dysport 3 Years","natural and uniquely HER 🌸✨ Sculptra is not a traditional filler 💫 It’s a collagen biostimulator made from PLLA that works gradually over time by stimulating your own natural collagen production 🧬✨ This makes it an ideal treatment for patients experiencing facial volume loss,","2026-05-11T12:09","United States","social network","other","unknown","unknown","educational_video","unknown","unknown","noise_or_low_trust","none","no","no","theme_supported","collagen_biostimulation","0.40","0.19","40","low","high","medical_aesthetics_silver_v1","Domain rule: youtube.com | No meaningful commercial-intent signals detected | Publication type supports social or community conversation | Contains treatment or outcome discussion | Author metadata exists, but it does not establish a reliable voice category | No validated research indicators","","","","","","","","","","unreviewed_machine_prelabel",""
"""""""mJj_K4APGBjSKm56d_ZstjKZ80w""""""","https://mynewstoday24.in/institute-of-facial-aesthetic-medicine-ifam-redefines-medical-aesthetics-education-in-india/","Mynewstoday24","","","","Institute of Facial Aesthetic Medicine (IFAM) Redefines Medical Aesthetics Education in India","... medical education institution dedicated to advancing standards in facial aesthetics, clinical cosmetology, and aesthetic medicine . ...","2026-01-16T09:06","India","online news","media","journalist","news_reporting","news_article","consumer_news","editorial","market_context","none","no","no","theme_supported","provider_led_trust","0.67","0.76","44","low","medium","medical_aesthetics_silver_v1","No meaningful commercial-intent signals detected | Contains treatment or outcome discussion | News or reporting publication structure | No validated research indicators | Publication classified as news article | Intent selected by precedence","","","","","","","","","","unreviewed_machine_prelabel",""
"""""""pKbnCW-D8d1461SgKxaADDQmDwY""""""","https://biharnewswatch.in/institute-of-facial-aesthetic-medicine-ifam-redefines-medical-aesthetics-education-in-india/","biharnewswatch","","","","Institute of Facial Aesthetic Medicine (IFAM) Redefines Medical Aesthetics Education in India","... medical education institution dedicated to advancing standards in facial aesthetics, clinical cosmetology, and aesthetic medicine . ...","2026-01-16T10:11","India","online news","media","journalist","news_reporting","news_article","consumer_news","editorial","market_context","none","no","no","theme_supported","provider_led_trust","0.67","0.76","44","low","medium","medical_aesthetics_silver_v1","No meaningful commercial-intent signals detected | Contains treatment or outcome discussion | News or reporting publication structure | No validated research indicators | Publication classified as news article | Intent selected by precedence","","","","","","","","","","unreviewed_machine_prelabel",""
"""""""yt-t4JIJrW9KVA""""""","https://www.youtube.com/watch?v=t4JIJrW9KVA","Youtube","LYEV Beverly Hills Aesthetics Bangladesh","","","PRP vs Exosome Therapy Q&A 💉 | Dr. Anik Explains Skin & Hair Treatments at LYEV Dhaka","#DrAnikLYEV #SkinAndHairTreatmentBD Confused between PRP and Exosome Therapy? Dr. Anik breaks it down. In this expert-led Q&A, Dr. Anik from LYEV Beverly Hills Aesthetics explains the key differences between Platelet-Rich Plasma (PRP) and Exosome Therapy — including how they","2026-02-06T01:00","","social network","other","unknown","unknown","educational_video","unknown","unknown","noise_or_low_trust","none","no","no","theme_supported","regenerative_biology","0.40","0.19","40","low","high","medical_aesthetics_silver_v1","Domain rule: youtube.com | No meaningful commercial-intent signals detected | Publication type supports social or community conversation | Contains treatment or outcome discussion | Author metadata exists, but it does not establish a reliable voice category | No validated research indicators","","","","","","","","","","unreviewed_machine_prelabel",""
"""""""wfH92ZWl2Zvhmrn1j2tTe11r0ak""""""","https://lifestyle.chroniccities.us/story/647876/rf-microneedling-and-laser-services-debut-in-fair-oaks/","Chronic Cities","","","","RF Microneedling and Laser Services Debut in Fair Oaks","... goals, allowing for targeted results while preserving natural facial balance. Facial Treatments and Skincare Facial treatments at ...","2026-05-02T23:59","United States","online news","media","journalist","news_reporting","news_article","consumer_news","editorial","market_context","none","no","no","profile_supported_needs_review","","0.68","0.77","44","low","medium","medical_aesthetics_silver_v1","No meaningful commercial-intent signals detected | Contains treatment or outcome discussion | News or reporting publication structure | No validated research indicators | Publication classified as news article | Intent selected by precedence","","","","","","","","","","unreviewed_machine_prelabel",""
"""""""yt-faXo004xw7Q""""""","https://www.youtube.com/watch?v=faXo004xw7Q","Youtube","Amore Medical Spa","","","Hormone education you never got as a woman 💉","women were never taught: 1️⃣ Female arousal is primarily blood flow driven. But menopause leads to a blood flow drop… That’s why PRP and laser treatments are needed to improve blood vessel formation and nerve sensitivity. 2️⃣ Vaginal aging is real. This is called Genitourinary","2026-04-01T15:31","","social network","company","clinic","clinic_promotion","promotional_video","clinic_marketing","commercial","commercial_signal","none","yes","no","theme_supported","regenerative_biology","0.70","0.75","14","very_low","medium","medical_aesthetics_silver_v1","Domain rule: youtube.com | No meaningful commercial-intent signals detected | Publication type supports social or community conversation | Contains treatment or outcome discussion | Author metadata exists, but it does not establish a reliable voice category | No validated research indicators","","","","","","","","","","unreviewed_machine_prelabel",""
"""""""4wP6wxlfqRF36mSeJ0eEvw9zamE""""""","https://www.benzinga.com/pressreleases/26/04/b51957384/from-ivf-science-to-skin-longevity-av-laboratories-translates-biotechnology-into-breakthrough-skin","Benzinga","","","","From IVF Science to Skin Longevity: AV Laboratories Translates Biotechnology into Breakthrough Skincare","... the future of skincare by translating decades of advanced biotechnology research into clinically driven formulations designed for everyday ...","2026-04-21T17:15","United States","online news","media","journalist","news_reporting","news_article","consumer_news","editorial","market_context","none","no","no","profile_supported_needs_review","","0.67","0.76","44","low","medium","medical_aesthetics_silver_v1","No meaningful commercial-intent signals detected | Contains treatment or outcome discussion | News or reporting publication structure | No validated research indicators | Publication classified as news article | Intent selected by precedence","","","","","","","","","","unreviewed_machine_prelabel",""
"""""""3WdwhBZ5_Om8aaO2WzOg4RvGQPQ""""""","https://maharastraportal.in/institute-of-facial-aesthetic-medicine-ifam-redefines-medical-aesthetics-education-in-india/","maharastraportal","","","","Institute of Facial Aesthetic Medicine (IFAM) Redefines Medical Aesthetics Education in India","... medical education institution dedicated to advancing standards in facial aesthetics, clinical cosmetology, and aesthetic medicine . ...","2026-01-16T09:14","India","online news","media","journalist","news_reporting","news_article","consumer_news","editorial","market_context","none","no","no","theme_supported","provider_led_trust","0.67","0.76","44","low","medium","medical_aesthetics_silver_v1","No meaningful commercial-intent signals detected | Contains treatment or outcome discussion | News or reporting publication structure | No validated research indicators | Publication classified as news article | Intent selected by precedence","","","","","","","","","","unreviewed_machine_prelabel",""
"""""""VRwzoYDTlwcH0nOT2O2EQBLT0XE""""""","https://markets.financialcontent.com/newsok/article/pressadvantage-2026-1-6-perfect-esthetics-advances-aesthetic-medicine-standards-in-switzerland-with-technology-enhanced-patient-safety","NewsOK - FinancialContent","","","","Perfect Esthetics Advances Aesthetic Medicine Standards in Switzerland with Technology-Enhanced Patient Safety","... a specialized aesthetic medicine facility offering comprehensive non-surgical cosmetic treatments. The clinic combines medical expertise ...","2026-01-06T16:02","United States","online news","media","journalist","news_reporting","news_article","consumer_news","editorial","market_context","none","no","no","theme_supported","provider_led_trust","0.68","0.77","44","low","medium","medical_aesthetics_silver_v1","No meaningful commercial-intent signals detected | Contains treatment or outcome discussion | Contains clinical discussion language | News or reporting publication structure | No validated research indicators | Publication classified as news article","","","","","","","","","","unreviewed_machine_prelabel",""
"""""""yt-xqMQ2317Z_k""""""","https://www.youtube.com/watch?v=xqMQ2317Z_k","Youtube","•*☆𝕾𝖕𝖗𝖐𝖑𝖎𝖓𝖌 𝕸𝖔𝖔𝖓☆*•","","","Heal keloids/ Hypertrophic scars subliminal",", and fade naturally. My body restores my skin to a healthy, even appearance. My skin regeneration is calm, balanced, and perfect for me. Scar tissue dissolves gently and safely. My skin texture becomes smoother and clearer with ease. I am free of inflammation I no longer","2026-05-18T01:32","","social network","other","unknown","unknown","educational_video","unknown","unknown","noise_or_low_trust","none","no","no","theme_supported","skin_quality_over_volume","0.41","0.20","40","low","high","medical_aesthetics_silver_v1","Domain rule: youtube.com | No meaningful commercial-intent signals detected | Publication type supports social or community conversation | Contains first-person language | Author metadata exists, but it does not establish a reliable voice category | No validated research indicators","","","","","","","","","","unreviewed_machine_prelabel",""
"""""""n4y9FFO3BqAp-SDvQ2bN6ce8K3M""""""","https://ie.pinterest.com/pin/2885187258545453/","Pinterest","Image & Intrigue","dorriesiobhan","","A modern breakdown of two cult treatments: PRF vs PRP. Learn the difference, benefits, and what to expect for under-eye rejuvenation that feels as refined as it looks. Aesthetic education, decoded by ARCHIVV Insider+. #archivvinsider #modernbeauty #skincareeducation #aestheticwellness","breakdown of two cult treatments: PRF vs PRP. Learn the difference, benefits, and what to expect for under-eye rejuvenation that feels as refined as it looks. Aesthetic education, decoded by ARCHIVV Insider+. #archivvinsider #modernbeauty #skincareeducation #aestheticwellness","2026-06-08T16:32","","social network","provider_hcp","provider","unknown","provider_social_post","provider_conversation","professional","noise_or_low_trust","none","no","no","theme_supported","regenerative_biology","0.54","0.47","93","very_high","high","medical_aesthetics_silver_v1","No meaningful commercial-intent signals detected | Publication type supports social or community conversation | Contains treatment or outcome discussion | Author metadata contains a professional healthcare credential or role | Publication format supports provider-authored commentary | No strong commercial signal detected","","","","","","","","","","unreviewed_machine_prelabel",""
"""""""rfl5V3w-A3BacgJ_fHtERhD9Mf0""""""","https://smb.brewtonstandard.com/article/London-Lip-Clinic-Reports-Surge-in-Demand-for-Natural-and-Regenerative-Cosmetic-Treatments-in-2026?storyId=69a5b39617c2990002deb9d2","Brewton Standard","","","","London Lip Clinic Reports Surge in Demand for Natural and Regenerative Cosmetic Treatments in 2026","... how London Lip Clinic is shaping the future of regenerative and medically led aesthetics in 2026, visit https://www.londonlipclinic.co.uk/ ...","2026-03-02T10:58","United States","online news","media","journalist","news_reporting","news_article","consumer_news","editorial","market_context","none","no","no","profile_supported_needs_review","","0.68","0.77","44","low","medium","medical_aesthetics_silver_v1","No meaningful commercial-intent signals detected | Contains treatment or outcome discussion | News or reporting publication structure | No validated research indicators | Publication classified as news article | Intent selected by precedence","","","","","","","","","","unreviewed_machine_prelabel",""
"""""""K5Pme2vBz-9s-a-PTteazsXvWvE""""""","https://www.thailand-business-news.com/pr-news/shangpu-group-issues-market-position-statement-recognizing-saliais-patented-cellular-essence-global-pioneer","Thailand Business News","","","","Shangpu Group Issues Market Position Statement Recognizing SALIAI's Patented Cellular Essence Global Pioneer","... support formulation stability and topical delivery in cosmetic applications. Commercial products include SYDRAW Intelligent Polypeptide ...","2026-03-02T04:08","Thailand","online news","media","journalist","news_reporting","news_article","consumer_news","editorial","market_context","none","no","no","profile_supported_needs_review","","0.67","0.76","44","low","medium","medical_aesthetics_silver_v1","No meaningful commercial-intent signals detected | News or reporting publication structure | No validated research indicators | Publication classified as news article | Intent selected by precedence | Mapped from publication type: news_article","","","","","","","","","","unreviewed_machine_prelabel",""
"""""""1768828492000_HFTUAwwIsjH6wAcLmE0XyCIJu6sA""""""","https://twitter.com/uglowgirls/statuses/2013238731386339464","Twitter","yooaremyboo💫","@uglowgirls","","","วัย ขวดนี้เป็นเหมือน Serum เพาะเลี้ยงผิว เติมพลังให้ผิวในอัตราส่วนที่พอเหมาะ ให้ผิวทำงานได้ดีที่สุดตามวัย ตอบโจทย์ Skin Longevity Postbiotic : Bifida Ferment Lysate + Saccharomyces Cerevisiae Extract + Sphingomonas Ferment Extract ได้ผิวแข็งแรง + กระจ่างใส ผลัดผิว, ลดรอย : HEPES,","2026-01-19T08:14","","social network","other","unknown","unknown","social_repost","unknown","unknown","noise_or_low_trust","none","no","yes","profile_supported_needs_review","","0.57","0.52","40","low","high","medical_aesthetics_silver_v1","Domain rule: twitter.com | No meaningful commercial-intent signals detected | Publication type supports social or community conversation | Author metadata exists, but it does not establish a reliable voice category | No validated research indicators | Provider identity signal: rn","","","","","","","","","","unreviewed_machine_prelabel",""
"""""""1768845016000_wBb__0oB4kij5rLsVRuErShIDgAA""""""","https://twitter.com/AUMonium/statuses/2013308038078439743","Twitter","อ้ำอกอ้ำใจ","@aumonium","","","วัย ขวดนี้เป็นเหมือน Serum เพาะเลี้ยงผิว เติมพลังให้ผิวในอัตราส่วนที่พอเหมาะ ให้ผิวทำงานได้ดีที่สุดตามวัย ตอบโจทย์ Skin Longevity Postbiotic : Bifida Ferment Lysate + Saccharomyces Cerevisiae Extract + Sphingomonas Ferment Extract ได้ผิวแข็งแรง + กระจ่างใส ผลัดผิว, ลดรอย : HEPES,","2026-01-19T12:50","Thailand","social network","other","unknown","unknown","social_quote","unknown","unknown","noise_or_low_trust","none","no","yes","profile_supported_needs_review","","0.57","0.52","40","low","high","medical_aesthetics_silver_v1","Domain rule: twitter.com | No meaningful commercial-intent signals detected | Publication type supports social or community conversation | Author metadata exists, but it does not establish a reliable voice category | No validated research indicators | Provider identity signal: rn","","","","","","","","","","unreviewed_machine_prelabel",""
"""""""nbqrkoO21IW6PHgmYqCRBouzIkE""""""","https://crweworld.com/article/news-provided-by-pr-newswire/3818711/rejuran-cosmetics-debuts-at-sephora-us-with-sold-out-la-pop-up","CRWE World","","","","REJURAN Cosmetics Debuts at Sephora U.S. with Sold-Out LA Pop-Up","... into REJURAN Cosmetics' potential in the North American market. In partnership with Sephora, we look forward to expanding our presence both ...","2026-04-07T20:38","United States","online news","media","journalist","news_reporting","news_article","consumer_news","editorial","market_context","none","no","no","profile_supported_needs_review","","0.69","0.79","44","low","medium","medical_aesthetics_silver_v1","No meaningful commercial-intent signals detected | Contains first-person language | News or reporting publication structure | No validated research indicators | Publication classified as news article | Intent selected by precedence","","","","","","","","","","unreviewed_machine_prelabel",""
"""""""_ymyOtZlsjT7jz0O9X1Q_cRen5M""""""","https://smb.farmvilleherald.com/article/London-Lip-Clinic-Reports-Surge-in-Demand-for-Natural-and-Regenerative-Cosmetic-Treatments-in-2026?storyId=69a5b39617c2990002deb9d2","The Farmville Herald","Prodigy Press Wire","","","London Lip Clinic Reports Surge in Demand for Natural and Regenerative Cosmetic Treatments in 2026","... how London Lip Clinic is shaping the future of regenerative and medically led aesthetics in 2026, visit https://www.londonlipclinic.co.uk/ ...","2026-03-02T10:58","United States","online news","media","journalist","news_reporting","news_article","consumer_news","editorial","market_context","none","no","no","profile_supported_needs_review","","0.68","0.77","44","low","medium","medical_aesthetics_silver_v1","No meaningful commercial-intent signals detected | Contains treatment or outcome discussion | News or reporting publication structure | No validated research indicators | Publication classified as news article | Intent selected by precedence","","","","","","","","","","unreviewed_machine_prelabel",""
"""""""F1SsgY_SRLFjsgNUFluCnF2sZ90""""""","https://pr.faceacadiana.com/article/OLAY-Debuts-New-Regenerist-Micro-Sculpting-Cream-with-Triple-Collagen-Peptide-Joined-by-Ambassador-Sarah-Michelle-Gellar?storyId=695e67c0eb1c137304e22528","FACE Magazine","","","","OLAY Debuts New Regenerist Micro-Sculpting Cream with Triple Collagen Peptide, Joined by Ambassador Sarah Michelle Gellar","... deep wrinkles by Day 28 Clinically tested: 97% of women saw visible results + More than half of users reported delaying or postponing a ...","2026-01-07T09:03","United States","online news","media","journalist","news_reporting","news_article","consumer_news","editorial","market_context","none","no","no","theme_supported","collagen_biostimulation","0.68","0.77","44","low","medium","medical_aesthetics_silver_v1","No meaningful commercial-intent signals detected | Contains treatment or outcome discussion | News or reporting publication structure | No validated research indicators | Publication classified as news article | Intent selected by precedence","","","","","","","","","","unreviewed_machine_prelabel",""
"""""""li_o7xGWn5aQE127mInW9rH5K4i-SQ""""""","https://www.linkedin.com/feed/update/urn%3Ali%3Aactivity%3A7442856154751356928","LinkedIn","","","","","Booster Mask with Exosomes has been selected for CosmoTrends 2026 by BEAUTYSTREAMS a curated report highlighting the most forward-thinking innovations presented at Cosmoprof. Being featured in CosmoTrends signals that our approach to skincare combining longevity science, exosome","2026-03-26T04:53","","social network","company","brand","brand_announcement","brand_social_post","corporate_pr","commercial","commercial_signal","none","yes","no","theme_supported","regenerative_biology","0.72","0.78","20","very_low","medium","medical_aesthetics_silver_v1","Domain rule: linkedin.com | No meaningful commercial-intent signals detected | Publication type supports social or community conversation | Contains first-person language | No reliable author-voice classification | No validated research indicators","","","","","","","","","","unreviewed_machine_prelabel",""
"""""""Zv2t-g0bGlPIiN4gUM3C_I7cpOM""""""","https://thescoredaily.com/news/honolulus-top-plastic-surgeon-ahead-of-the-curve-following-npr-science-report/545329","The Score Daily","","","","Honolulu’s Top Plastic Surgeon Ahead of the Curve Following NPR Science Report","""... clinical evidence on collagen stimulation and tissue recovery is clear,"""" says Dr. Ching. """"The problem is most consumer LED masks use weak ...""","2026-04-17T19:59","United States","online news","media","journalist","news_reporting","news_article","consumer_news","editorial","market_context","none","no","no","theme_supported","collagen_biostimulation","0.65","0.73","29","very_low","medium","medical_aesthetics_silver_v1","No meaningful commercial-intent signals detected | Contains treatment or outcome discussion | News or reporting publication structure | Research language appears without validated research-source metadata | Publication classified as news article | Intent selected by precedence","","","","","","","","","","unreviewed_machine_prelabel",""
"""""""rE2SV3sQ9A4YpJz2PiEAQ2n5QMg""""""","https://business.am-news.com/am-news/article/marketersmedia-2026-5-12-indonesian-trust-in-korean-skin-rejuvenation-k-beauty-report-released","Bingham News Chronicle","","","","Indonesian Trust in Korean Skin Rejuvenation: K-Beauty Report Released","... results within one to two weeks. The clinic integrates exosomes with laser-assisted rejuvenation and PRP procedures, creating a holistic ...","2026-05-12T10:28","United States","online news","media","journalist","news_reporting","news_article","consumer_news","editorial","market_context","none","no","no","theme_supported","regenerative_biology","0.67","0.76","44","low","medium","medical_aesthetics_silver_v1","No meaningful commercial-intent signals detected | Contains treatment or outcome discussion | News or reporting publication structure | No validated research indicators | Publication classified as news article | Intent selected by precedence","","","","","","","","","","unreviewed_machine_prelabel",""
"""""""JKKg1NXeatamUAvjusReDBndcTA""""""","https://www.mtairynews.com/online_features/press_releases/the-collagen-blueprint-why-beaconsfield-s-elite-are-swapping-fillers-for-advanced-microneedling/article_e3125c35-dc08-545d-8a7a-32dd3f97c984.html","The Mount Airy News","","","","The Collagen Blueprint: Why Beaconsfield’s Elite are Swapping Fillers for Advanced Microneedling","... micro-injuries. Results develop gradually, improving skin texture and volume over time while supporting natural-looking outcomes and ...","2026-06-01T21:55","United States","online news","company","brand","brand_announcement","press_release","corporate_pr","commercial","commercial_signal","none","yes","no","theme_supported","natural_results|skin_quality_over_volume|collagen_biostimulation","0.79","0.84","19","very_low","low","medical_aesthetics_silver_v1","Domain rule: URL press-release path | No meaningful commercial-intent signals detected | Contains treatment or outcome discussion | Publication is classified as a press release | No validated research indicators | Press release establishes announcement intent","","","","","","","","","","unreviewed_machine_prelabel",""
"""""""li_jO2Ok5BLL7PjzJNNdaPUDebic1s""""""","https://www.linkedin.com/feed/update/urn%3Ali%3Aactivity%3A7416769747683282944","LinkedIn","","","","","clinical experience to the conversation, highlighting how Polynucleotides HPT® continue to evolve, ensuring every treatment achieves longer-lasting results. #Mastelli #MastelliAesthetics #Polynucleotides #PNHPT ® #AtTheOriginOfRegeneration #RegenerativeMedicine #AestheticMedicine","2026-01-13T04:15","","social network","provider_hcp","provider","thought_leadership","provider_social_post","provider_conversation","professional","professional_interpretation","none","no","no","theme_supported","regenerative_biology","0.70","0.72","98","very_high","medium","medical_aesthetics_silver_v1","Domain rule: linkedin.com | No meaningful commercial-intent signals detected | Publication type supports social or community conversation | Contains treatment or outcome discussion | Contains clinical discussion language | No reliable author-voice classification","","","","","","","","","","unreviewed_machine_prelabel",""
"""""""1wtOZvZztM-prUjEFqB7q5Dk4-Q""""""","https://kdhnews.com/online_features/press_releases/the-collagen-blueprint-why-beaconsfield-s-elite-are-swapping-fillers-for-advanced-microneedling/article_ce98efab-bc0c-5d31-aac6-b64d53a1e951.html","Killeen Daily Herald","","","","The Collagen Blueprint: Why Beaconsfield’s Elite are Swapping Fillers for Advanced Microneedling","... Clinic operates an aesthetic and dermatology practice in Beaconsfield, serving patients across Buckinghamshire and the surrounding area. Dr ...","2026-06-01T21:55","United States","online news","company","brand","brand_announcement","press_release","corporate_pr","commercial","commercial_signal","none","yes","no","theme_supported","collagen_biostimulation","0.77","0.82","19","very_low","low","medical_aesthetics_silver_v1","Domain rule: URL press-release path | No meaningful commercial-intent signals detected | Contains treatment or outcome discussion | Publication is classified as a press release | No validated research indicators | Press release establishes announcement intent","","","","","","","","","","unreviewed_machine_prelabel",""
"""""""yt-K5q9m7EGc6U""""""","https://www.youtube.com/watch?v=K5q9m7EGc6U","Youtube","Dermea Clinic","","","The BEST Investment for Your Skin (It’s not a product!) 🧠 #drroopa","experts, study the latest breakthroughs in skin longevity, and bring that international knowledge back home to Chennai! Watch a quick recap of the future of dermatology. 🔬🤍 📍 Dermea Clinic, Nungambakkam #skinlongevity #drroopa #dermeaclinic #eucerin #dermatologist #chennai #","2026-05-31T06:13","India","social network","company","clinic","clinic_promotion","promotional_video","clinic_marketing","commercial","commercial_signal","none","yes","no","theme_supported","provider_led_trust","0.69","0.72","15","very_low","medium","medical_aesthetics_silver_v1","Domain rule: youtube.com | No meaningful commercial-intent signals detected | Publication type supports social or community conversation | Contains treatment or outcome discussion | Author metadata exists, but it does not establish a reliable voice category | No validated research indicators","","","","","","","","","","unreviewed_machine_prelabel",""
"""""""bF3TvQXUggdGV7aZ9QQfsVukDaU""""""","https://ukdailynewsonline.com/article/889897874-global-healing-skin-care-products-market-intelligence-report-technology-shifts-demand-dynamics-investment-outlook","UK Daily News Online","","","","Global Healing Skin Care Products Market Intelligence Report: Technology Shifts, Demand Dynamics & Investment Outlook","Healing Skin Care Products Market set for steady growth as demand rises for dermatologically tested, soothing formulations driven by ...","2026-02-06T13:38","United States","online news","media","journalist","news_reporting","news_article","consumer_news","editorial","market_context","none","no","no","profile_supported_needs_review","","0.67","0.76","44","low","medium","medical_aesthetics_silver_v1","No meaningful commercial-intent signals detected | News or reporting publication structure | No validated research indicators | Publication classified as news article | Intent selected by precedence | Mapped from publication type: news_article","","","","","","","","","","unreviewed_machine_prelabel",""
"""""""yt-quO5lzThXgw""""""","https://www.youtube.com/watch?v=quO5lzThXgw","Youtube","Nicole Smolich","","","New Service Alert ‼️🚨",". . Jet Plasma 🚨🚨‼️ . . Jet Plasma brightens and tightens skin, shrink pores and promotes high levels of collagen regeneration. The jet plasma device was designed with jet plasma and cold plasma for best results using a strong low atmospheric plasma temperature on the surface","2026-05-12T15:00","","social network","other","unknown","unknown","educational_video","unknown","unknown","noise_or_low_trust","low","no","no","theme_supported","collagen_biostimulation","0.40","0.22","39","low","high","medical_aesthetics_silver_v1","Domain rule: youtube.com | Possible commercial phrase: new service | Publication type supports social or community conversation | Contains treatment or outcome discussion | Author metadata exists, but it does not establish a reliable voice category | No validated research indicators","","","","","","","","","","unreviewed_machine_prelabel",""
"""""""Xc50awHq2IO6S3CP4SfoCxytdK0""""""","https://markets.financialcontent.com/sweetwaterreporter/article/prlog-2026-1-18-biotech-breakthrough-in-tattoo-aftercare-biotech-technology-accelerates-recovery-by-40","Sweetwater Reporter - FinancialContent","","","","Biotech Breakthrough in Tattoo Aftercare: BioTech Technology Accelerates Recovery by 40%","... biotechnology innovation. About TattMagic TattMagic is a biotech cosmetics company developing clinical-grade tattoo aftercare products ...","2026-01-17T20:38","United States","online news","media","journalist","news_reporting","news_article","consumer_news","editorial","market_context","none","no","no","profile_supported_needs_review","","0.67","0.76","44","low","medium","medical_aesthetics_silver_v1","No meaningful commercial-intent signals detected | Contains treatment or outcome discussion | News or reporting publication structure | No validated research indicators | Publication classified as news article | Intent selected by precedence","","","","","","","","","","unreviewed_machine_prelabel",""
"""""""er8m-N5oc0ewsU6z3j3PTaeu47I""""""","https://www.dealmoon.com/en/all-in-1-concentrate-210-venn-skincare-with-efficiency-and-innovation/5854023.html","dealmoon.com","","","","VENN Skincare with Efficiency and Innovation","""... true representation of advanced minimal skincare! Anti-Aging Concentrate Serum The """"time manager"""" of skincare Rich with core ...""","2026-05-28T17:27","United States","online news","media","journalist","news_reporting","news_article","consumer_news","editorial","market_context","none","no","no","profile_supported_needs_review","","0.67","0.76","44","low","medium","medical_aesthetics_silver_v1","No meaningful commercial-intent signals detected | News or reporting publication structure | No validated research indicators | Publication classified as news article | Intent selected by precedence | Mapped from publication type: news_article","","","","","","","","","","unreviewed_machine_prelabel",""
"""""""SkPYdg9szJWrbXlyxz4yVm0Q9Hw""""""","https://smb.kenbridgevictoriadispatch.com/article/VIRAL-KOREAN-SKINCARE-BRAND-HARUHARU-WONDER-BRINGS-THE-WONDER-OF-RITUAL-TO-TARGET-STORES-NATIONWIDE-WITH-GENTLE-SCIENCE-BACKED-VEGAN-FORMULAS?storyId=695bdaff8a9cb783f3ae1036","Kenbridge Victoria Dispatch","","","","VIRAL KOREAN SKINCARE BRAND HARUHARU WONDER BRINGS THE WONDER OF RITUAL TO TARGET STORES NATIONWIDE WITH GENTLE, SCIENCE-BACKED, VEGAN FORMULAS","""... its philosophy of """"slow beauty"""" and accessible skincare, all priced under $25 , to Target customers coast-to-coast. Inspired by the Korean ...""","2026-01-05T10:35","United States","online news","media","journalist","news_reporting","news_article","consumer_news","editorial","market_context","none","no","no","profile_supported_needs_review","","0.68","0.78","44","low","medium","medical_aesthetics_silver_v1","No meaningful commercial-intent signals detected | News or reporting publication structure | No validated research indicators | Publication classified as news article | Intent selected by precedence | Mapped from publication type: news_article","","","","","","","","","","unreviewed_machine_prelabel",""
"""""""hSGscOr_uXLqUfc8c0q-HTxhjIk""""""","https://www.wdtn.com/business/press-releases/ein-presswire/913795435/beauty-bar-elevates-at-home-skincare-with-personalized-results-driven-beauty-solutions/","WDTN-TV","","","","Beauty Bar Elevates At-Home Skincare with Personalized, Results-Driven Beauty Solutions","... a reason to trust. Where Cosmetics and Skincare Work Together Cosmetics still matter. A polished makeup look can change the entire mood ...","2026-05-20T06:20","United States","online news","company","brand","brand_announcement","press_release","corporate_pr","commercial","commercial_signal","none","yes","no","profile_supported_needs_review","","0.79","0.85","19","very_low","low","medical_aesthetics_silver_v1","Domain rule: URL press-release path | No meaningful commercial-intent signals detected | Contains treatment or outcome discussion | Publication is classified as a press release | No validated research indicators | Press release establishes announcement intent","","","","","","","","","","unreviewed_machine_prelabel",""
"""""""tzdXl7Mjam7jQHo0JMvXfHRGpbw""""""","http://business.wapakdailynews.com/wapakdailynews/article/businesnewswire-2026-3-4-boston-hosts-the-aesthetic-meeting-2026-while-visage-sculpture-leads-non-surgical-facial-results","The Wapakoneta Daily News - FinancialContent","","","","Boston Hosts The Aesthetic Meeting 2026 While Visage Sculpture Leads Non-Surgical Facial Results","The Aesthetic Meeting 2026 arrives at the Boston Convention and Exhibition Center from May 14 through May 17, bringing together the world’s ...","2026-03-04T02:29","United States","online news","media","journalist","news_reporting","news_article","consumer_news","editorial","market_context","none","no","no","profile_supported_needs_review","","0.68","0.78","44","low","medium","medical_aesthetics_silver_v1","No meaningful commercial-intent signals detected | Contains treatment or outcome discussion | News or reporting publication structure | No validated research indicators | Publication classified as news article | Intent selected by precedence","","","","","","","","","","unreviewed_machine_prelabel",""
"""""""yt-JL5-afb5t9o""""""","https://www.youtube.com/watch?v=JL5-afb5t9o","Youtube","Dana Ripperton","","","The ULTIMATE Mineral Sunscreen? ☀️ Ilia Sun Serum SPF 50 Wear Test","for all things beauty, style, and lifestyle. I’m here to share honest reviews, everyday routines, and trusted tips across makeup, skincare, sunscreens, fashion, travel, and home products. From testing trending beauty brands to breaking down what actually works, you’ll find real","2026-04-28T15:00","","social network","provider_hcp","provider","unknown","educational_video","provider_conversation","professional","noise_or_low_trust","none","no","no","profile_supported_needs_review","","0.45","0.26","98","very_high","high","medical_aesthetics_silver_v1","Domain rule: youtube.com | No meaningful commercial-intent signals detected | Publication type supports social or community conversation | Contains first-person language | Author metadata exists, but it does not establish a reliable voice category | No validated research indicators","","","","","","","","","","unreviewed_machine_prelabel",""
"""""""D9DJgJ-fpFZN3T43z4xnofHkzrA""""""","https://dieoberoesterreicherin.at/beauty/echtheit-statt-filter-beauty-trends-2026/","Die Oberösterreicherin","Andrea Lichtfuss","","","Echtheit statt Filter: Beauty-Trends 2026","... der Performance und Wirksamkeit der Produkte „Pro-Aging“ statt „Anti-Aging“ Schon Ende 2025 haftete dem Begriff „Anti-Aging“ (zum Glück!) ...","2026-02-11T01:00","Austria","online news","media","journalist","news_reporting","news_article","consumer_news","editorial","market_context","none","no","no","profile_supported_needs_review","","0.68","0.78","44","low","medium","medical_aesthetics_silver_v1","No meaningful commercial-intent signals detected | News or reporting publication structure | No validated research indicators | Publication classified as news article | Intent selected by precedence | Mapped from publication type: news_article","","","","","","","","","","unreviewed_machine_prelabel",""
"""""""yt--TqQEe0QI94""""""","https://www.youtube.com/watch?v=-TqQEe0QI94","Youtube","Supernova Laura","","","FAVORITOS 🌙 2 RUTINAS DE NOCHE ✨ GLASS SKIN RESET (Kojic + PDRN) | SUPERNOVA LAURA","HEVEBLUE - Tónico Facial Salmon Caring Centella Toner https://ystyle.co/hR1Xy HEVEBLUE - Ampolla Facial Salmon Caring Centella Ampoule https://ystyle.co/EBei5 HEVEBLUE - Crema Facial Salmon Caring Centella Cream https://ystyle.co/VpmkA TIA'M - Polvo Facial Centella Blending","2026-06-11T13:15","Spain","social network","company","clinic","clinic_promotion","promotional_video","clinic_marketing","commercial","commercial_signal","none","yes","no","theme_supported","regenerative_biology","0.71","0.67","18","very_low","medium","medical_aesthetics_silver_v1","Domain rule: youtube.com | No meaningful commercial-intent signals detected | Publication type supports social or community conversation | Author metadata contains a professional healthcare credential or role | Publication format supports provider-authored commentary | No strong commercial signal detected","","","","","","","","","","unreviewed_machine_prelabel",""
"""""""yt-P8_opLd77ew""""""","https://www.youtube.com/watch?v=P8_opLd77ew","Youtube","SANENDI","","","SANENDI PDRN","Recently added PDRN skincare into my routine.Skin feels more hydrated and smoother already.And yes, it’s directly from the factory,which makes it even more worth it.","2026-03-11T03:08","","social network","other","unknown","testimonial","testimonial_video","youtube_review","unknown","noise_or_low_trust","none","no","no","theme_supported","regenerative_biology","0.59","0.52","75","high","high","medical_aesthetics_silver_v1","Domain rule: youtube.com | No meaningful commercial-intent signals detected | Publication type supports social or community conversation | Contains first-person language | Contains community-question or discussion language | Author metadata exists, but it does not establish a reliable voice category","","","","","","","","","","unreviewed_machine_prelabel",""
"""""""li_KyfAxXMI-FXDKq1hrqpSubEDoYw""""""","https://www.linkedin.com/feed/update/urn%3Ali%3Aactivity%3A7465820942234091520","LinkedIn","","","","","MULTIFRAX empowered by Technolux fits perfectly within my philosophy of regenerative aesthetics: improving skin quality in a natural and scientifically grounded way. Beyond skin rejuvenation, this technology can also be used to treat post-surgical scars, acne scars, active acne","2026-05-28T13:47","","social network","provider_hcp","provider","thought_leadership","provider_social_post","provider_conversation","professional","professional_interpretation","none","no","no","theme_supported","skin_quality_over_volume|regenerative_biology","0.69","0.73","97","very_high","medium","medical_aesthetics_silver_v1","Domain rule: linkedin.com | No meaningful commercial-intent signals detected | Publication type supports social or community conversation | Contains first-person language | No reliable author-voice classification | No validated research indicators","","","","","","","","","","unreviewed_machine_prelabel",""
"""""""luk76EBQsAf6KhGcdC6kSJGH6XU""""""","https://blanchezwwn986708.digiblogbox.com/64023004/healing-ointment","Takemyclass61594 Blog","","","","Healing Ointment","... , sensitive skin, redness, inflammation, natural ingredients, dermatologist-tested, clinically proven, deep hydration, skin barrier {Our ...","2026-01-27T23:24","United Kingdom","online news","media","journalist","news_reporting","news_article","consumer_news","editorial","market_context","none","no","no","theme_supported","provider_led_trust","0.66","0.75","29","very_low","medium","medical_aesthetics_silver_v1","No meaningful commercial-intent signals detected | Contains treatment or outcome discussion | News or reporting publication structure | Research language appears without validated research-source metadata | Publication classified as news article | Intent selected by precedence","","","","","","","","","","unreviewed_machine_prelabel",""
"""""""kJvqPD68A8Y-FCs0vUBVJIn_Yug""""""","https://ie.pinterest.com/pin/514958538667595420/","Pinterest","Daniyal Iqbal","syeddaniyaliqba","","In your 40s and beyond, the focus shifts to rejuvenation and restoring lost volume for a youthful, refreshed appearance. Combining medical-grade skincare with facials, chemical peels, and Botox helps to smooth and refine the skin. Advanced treatments like IPL, Morpheus8, Sculptra, and fillers can address volume loss and give you natural-looking, long-lasting results. Now’s the time to invest in treatments that rejuvenate and restore your skin’s vitality. Want to explore the best options for your skin? Book a consultation and let us guide you toward a radiant future!",", the focus shifts to rejuvenation and restoring lost volume for a youthful, refreshed appearance. Combining medical-grade skincare with facials, chemical peels, and Botox helps to smooth and refine the skin. Advanced treatments like IPL, Morpheus8, Sculptra, and fillers can","2026-03-18T14:54","","social network","other","unknown","unknown","social_post","unknown","unknown","noise_or_low_trust","none","no","no","theme_supported","natural_results|collagen_biostimulation","0.36","0.24","27","very_low","high","medical_aesthetics_silver_v1","No meaningful commercial-intent signals detected | Publication type supports social or community conversation | Contains treatment or outcome discussion | Author metadata exists, but it does not establish a reliable voice category | No validated research indicators | Provider identity signal: rn","","","","","","","","","","unreviewed_machine_prelabel",""
"""""""molX4QWmH-MTF_OwEeubWbGXL08""""""","https://www.newsmirror.net/online_features/press_releases/marini-skinsolutions-honored-with-vendor-of-the-year-award-at-the-2026-massage-envy-national/article_8ee2e6d7-8e6c-5742-86fd-94e7512643a5.html","Yucaipa-Calimesa News Mirror","","","","Marini SkinSolutions® Honored with Vendor of the Year Award at the 2026 Massage Envy National Summit in Las Vegas","""... -edge skin care innovations, NeuroSmooth, for glass-smooth skin, and Marini Reboot PDRN Serum. """"We are honored to have been selected as ...""","2026-05-06T16:41","United States","online news","company","brand","brand_announcement","press_release","corporate_pr","commercial","commercial_signal","none","yes","no","theme_supported","regenerative_biology","0.76","0.81","19","very_low","low","medical_aesthetics_silver_v1","Domain rule: URL press-release path | No meaningful commercial-intent signals detected | Publication is classified as a press release | No validated research indicators | Press release establishes announcement intent | Intent selected by semantic_override","","","","","","","","","","unreviewed_machine_prelabel",""
"""""""1774226178000_TkEemEGTcMR8BYLaJXkAw-0Wf6YA""""""","https://twitter.com/johngar45721/statuses/2035878268231172452","Twitter","Winston Smith","@johngar45721","","","of control: women are massively injecting “salmon sperm” into their faces in hopes of rejuvenation Cosmetologists promise quick results and wrinkle reduction, but in reality many end up with severe swelling that lasts for months. Demand for “salmon sperm” has surged several times","2026-03-22T20:36","Australia","social network","other","unknown","unknown","social_quote","unknown","unknown","noise_or_low_trust","none","no","yes","profile_supported_needs_review","","0.58","0.52","40","low","high","medical_aesthetics_silver_v1","Domain rule: twitter.com | No meaningful commercial-intent signals detected | Publication type supports social or community conversation | Contains treatment or outcome discussion | Author metadata exists, but it does not establish a reliable voice category | No validated research indicators","","","","","","","","","","unreviewed_machine_prelabel",""
"""""""snapchat_snap_4Fw_R8O9Rb-AfHUPJH7tSQAAgaHNnemZ5Z2l2AZ2g2v5LAZ2g2nTGAAAAAA""""""","https://www.snapchat.com/add/reem.asn/4Fw_R8O9Rb-AfHUPJH7tSQAAgaHNnemZ5Z2l2AZ2g2v5LAZ2g2nTGAAAAAA","Snapchat","Reem AlNeyadi | ريم النيادي","reem.asn","","","There’s something about this clinic that always feels easy and comfortable, with plenty of laughter along the way. | This time, I tried the Salmon DNA treatment for my under-eyes and across my face; something I’ve been wanting to explore and I’m looking forward to seeing how it","2026-04-18T09:49","United Arab Emirates","social network","patient","patient","personal_experience","testimonial_video","youtube_review","lived_experience","primary_experience","none","no","no","profile_supported_needs_review","","0.74","0.79","62","moderate","medium","medical_aesthetics_silver_v1","No meaningful commercial-intent signals detected | Publication type supports social or community conversation | Contains first-person language | Contains lived-experience language | Contains treatment or outcome discussion | Meets threshold for authentic social conversation","","","","","","","","","","unreviewed_machine_prelabel",""
"""""""9A1XfMwFo1i9Z42X595-T2If8JE""""""","https://islandsphilippines.com/mold-manila-redefines-valentines-day-skin-prep-with-clinician-led-results-driven-treatments/","Islands Philippines","","","","MOLD Manila Redefines Valentine’s Day Skin Prep With Clinician-Led, Results-Driven Treatments","... premium, clinician-led aesthetic clinic is encouraging patients to invest in strategic skin preparation—treatments designed to deliver ...","2026-01-27T05:32","Philippines","online news","media","journalist","news_reporting","news_article","consumer_news","editorial","market_context","none","no","no","theme_supported","provider_led_trust","0.67","0.76","44","low","medium","medical_aesthetics_silver_v1","No meaningful commercial-intent signals detected | Contains treatment or outcome discussion | News or reporting publication structure | No validated research indicators | Publication classified as news article | Intent selected by precedence","","","","","","","","","","unreviewed_machine_prelabel",""
"""""""gqW6sGMOxpvNNP2eKRrR4f_jgYI""""""","https://ie.pinterest.com/pin/870672540481562098/","Pinterest","🪼˚⊱Yuki⊰˚🪼","assagra13","","1.9K views · 278 reactions | Dr.Reju-All’s viral PDRN cream! With its optimal concentration and visible results, it’s been truly loved this year 💙 As a Korean pharmacy-based skincare brand, we’ll keep working to deliver what we call the Right Answer because your skin deserves it. #pdrncream #kpharmacyskincare #kbeautybrand #drrejuall #fyp | Dr.Reju-All | Facebook","1.9K views · 278 reactions | Dr.Reju-All’s viral PDRN cream! With its optimal concentration and visible results, it’s been truly loved this year 💙 As a Korean pharmacy-based skincare brand, we’ll keep working to deliver what we call the Right Answer because your skin deserves it","2026-03-12T12:59","","social network","provider_hcp","provider","unknown","social_post","provider_conversation","professional","noise_or_low_trust","none","no","no","theme_supported","regenerative_biology","0.39","0.29","79","high","high","medical_aesthetics_silver_v1","No meaningful commercial-intent signals detected | Publication type supports social or community conversation | Contains first-person language | Contains treatment or outcome discussion | Author metadata exists, but it does not establish a reliable voice category | No validated research indicators","","","","","","","","","","unreviewed_machine_prelabel",""
"""""""M1rjHmcU0OUJJkkF4vo-nZkRVBM""""""","https://experts-tech.net/press-release/2026-05-30/33442/las-vegas-men-over-50-are-reversing-decline-with-dr-john-spencer-ellis-s-whole-system-health-coaching-not-just-another-workout-and-diet-plan","Experts Tech","","","","Las Vegas Men Over 50 Are Reversing Decline With Dr. John Spencer Ellis's Whole-System Health Coaching — Not Just Another Workout and Diet Plan","""... like a system to be optimized. That difference is what separates cosmetic results from real transformation."""" Why Men Over 50 in Las Vegas ...""","2026-05-30T00:00","United States","online news","company","brand","brand_announcement","press_release","corporate_pr","commercial","commercial_signal","none","yes","no","profile_supported_needs_review","","0.79","0.85","19","very_low","low","medical_aesthetics_silver_v1","Domain rule: URL press-release path | No meaningful commercial-intent signals detected | Contains treatment or outcome discussion | Publication is classified as a press release | No validated research indicators | Press release establishes announcement intent","","","","","","","","","","unreviewed_machine_prelabel",""
"""""""cRqoUMzPXNXZkoWYTPUbmpTUGRs""""""","https://www.trendymomreviews.com/2026/03/best-affordable-k-beauty-products-that.html","Dallas Mom Blog and Fort Worth Mom Blogger: Trendy Mom Reviews","noreply@blogger.com (Unknown)","","","Best Affordable K-Beauty Products That Actually Work: My Top Rael Beauty Picks for Sensitive, Tretinoin-Damaged Skin in 2026","Is the Rael Beauty Collagen + PDRN Hydrogel Mask the best affordable K-Beauty mask for Tretinoin users? Yes—hands down! This is my go-to hydrogel mask, and it's packed with an entire bottle's worth of serum in every single sheet. The collagen + PDRN combo deeply hydrates, plumps,","2026-03-23T16:23","United States","blog","provider_hcp","provider","unknown","blog_post","provider_conversation","professional","noise_or_low_trust","none","no","no","theme_supported","collagen_biostimulation|regenerative_biology","0.43","0.36","79","high","high","medical_aesthetics_silver_v1","No meaningful commercial-intent signals detected | Publication type supports social or community conversation | Contains first-person language | Contains treatment or outcome discussion | Author metadata exists, but it does not establish a reliable voice category | No validated research indicators","","","","","","","","","","unreviewed_machine_prelabel",""
"""""""yt-m3ONtBggOv8""""""","https://www.youtube.com/watch?v=m3ONtBggOv8","Youtube","Daniellefalola","","","Anua wasn’t lying","'s what actually happened 👇 the glow — real ✅ the texture improvement — real ✅ the dark spot fading — real but slow ✅ the PDRN marketing — mostly hype ❌ the niacinamide and hyaluronic acid are doing the actual work here. and for dark skin specifically that combination matters.","2026-06-05T00:16","","social network","provider_hcp","provider","unknown","educational_video","provider_conversation","professional","noise_or_low_trust","none","no","no","theme_supported","skin_quality_over_volume|regenerative_biology","0.47","0.30","99","very_high","high","medical_aesthetics_silver_v1","Domain rule: youtube.com | No meaningful commercial-intent signals detected | Publication type supports social or community conversation | Contains first-person language | Contains treatment or outcome discussion | Author metadata exists, but it does not establish a reliable voice category","","","","","","","","","","unreviewed_machine_prelabel",""
"""""""rd8VWyTKSrICDYzSBfMrG7TBJNA""""""","https://www.tiogapublishing.com/online_features/press_releases/cgbio-showcases-comprehensive-medical-device-portfolio-at-kimes-2026-achieves-krw-5-3-billion-in/article_587e84d1-270a-5857-a536-9925777b8340.html","Tioga Publishing","","","","CGBIO Showcases Comprehensive Medical Device Portfolio at KIMES 2026 Achieves KRW 5.3 Billion in Contract Results","FACETEM (aesthetic), Curasys ME (wound care), NOVOSIS (bone substitute), and CG GEL (endoscopic hemostatic agent). FACETEM is a collagen ...","2026-04-07T06:42","United States","online news","company","brand","brand_announcement","press_release","corporate_pr","commercial","commercial_signal","none","yes","no","theme_supported","collagen_biostimulation","0.79","0.84","19","very_low","low","medical_aesthetics_silver_v1","Domain rule: URL press-release path | No meaningful commercial-intent signals detected | Contains first-person language | Contains treatment or outcome discussion | Publication is classified as a press release | No validated research indicators","","","","","","","","","","unreviewed_machine_prelabel",""
"""""""MJdq1qmR71TVRdG07YP4iu6ZJPk""""""","https://thenextdaily.com/news/faisal-darwiche-np-profiled-by-americas-in-medicine-for-redefining-aesthetic-and-regenerative-care-in-newport-beach/541435","The Next Daily","","","","Faisal Darwiche, NP: Profiled By America's In Medicine For Redefining Aesthetic And Regenerative Care In Newport Beach","... dedicated to advancing the field of aesthetics through education and leadership. As a faculty member and speaker at The Aesthetic Show, he ...","2026-03-19T00:59","United States","online news","media","journalist","news_reporting","news_article","consumer_news","editorial","market_context","none","no","no","profile_supported_needs_review","","0.67","0.76","44","low","medium","medical_aesthetics_silver_v1","No meaningful commercial-intent signals detected | News or reporting publication structure | No validated research indicators | Publication classified as news article | Intent selected by precedence | Mapped from publication type: news_article","","","","","","","","","","unreviewed_machine_prelabel",""
"""""""eSbXazHxRnAj9ifGfO5Fj2tCGQI""""""","https://graziamagazine.com/us/articles/carolyn-murphy-on-mindfulness-longevity-skincare-secrets/","Grazia [US]","Gwen Flamberg","","","GRAZIA Exclusive: Carolyn Murphy Shares How to Live With Intention & Skincare Secrets — ‘Every Moment Counts’","... food.” Adding a touch of mindfulness to your daily skincare routine can do wonders, too. The Skin Longevity Institute has ...","2026-02-15T17:58","United States","online news","media","journalist","news_reporting","news_article","consumer_news","editorial","market_context","none","no","no","profile_supported_needs_review","","0.66","0.75","44","low","medium","medical_aesthetics_silver_v1","No meaningful commercial-intent signals detected | News or reporting publication structure | No validated research indicators | Publication classified as news article | Intent selected by precedence | Mapped from publication type: news_article","","","","","","","","","","unreviewed_machine_prelabel",""
"""""""1781153120000_nKWdau4ExUDXmbtOvnpOFBOyrGUA""""""","https://x.com/MAYPHARM_ST2/status/2064931967372812550","Twitter","신호현","@maypharm_st2","","","Absorption, Total Regeneration: RECELL’ Why RECELL? ✅ RECELL uses only the highest quality PDRN, meeting international standards. ✅ PDRN promotes continuous growth factor 🎯Target Indications: Loss of Elasticity Wounds Acne Scars Wrinkles Hyperpigmentation https://t.co/qGwj8s2x6S","2026-06-11T00:45","South Korea","social network","provider_hcp","provider","thought_leadership","provider_social_post","provider_conversation","professional","professional_interpretation","none","no","no","theme_supported","skin_quality_over_volume|regenerative_biology","0.66","0.67","96","very_high","medium","medical_aesthetics_silver_v1","Domain rule: x.com | No meaningful commercial-intent signals detected | Publication type supports social or community conversation | Author metadata exists, but it does not establish a reliable voice category | No validated research indicators | Provider identity signal: rn","","","","","","","","","","unreviewed_machine_prelabel",""
"""""""qCzINDEzPARUjvMSEh1XDTkJTWU""""""","https://pr.myparishnews.com/article/CGBIO-Showcases-Comprehensive-Medical-Device-Portfolio-at-KIMES-2026-Achieves-KRW-53-Billion-in-Contract-Results?storyId=69d449d90f25261839c23876","Parish News | Louisiana News and Information | Press Releases","","","","CGBIO Showcases Comprehensive Medical Device Portfolio at KIMES 2026 Achieves KRW 5.3 Billion in Contract Results","FACETEM (aesthetic), Curasys ME (wound care), NOVOSIS (bone substitute), and CG GEL (endoscopic hemostatic agent). FACETEM is a collagen ...","2026-04-06T20:13","United States","online news","media","journalist","news_reporting","news_article","consumer_news","editorial","market_context","none","no","no","theme_supported","collagen_biostimulation","0.69","0.78","44","low","medium","medical_aesthetics_silver_v1","No meaningful commercial-intent signals detected | Contains first-person language | Contains community-question or discussion language | Contains treatment or outcome discussion | News or reporting publication structure | No validated research indicators","","","","","","","","","","unreviewed_machine_prelabel",""
"""""""yt-xXZKOsv5DYI""""""","https://www.youtube.com/watch?v=xXZKOsv5DYI","Youtube","Rod J. Rohrich, M.D. Plastic Surgeon","","","Do Fillers/Biostimulators Ruin Facelifts Results!?","Proper plane, product, and injector experience and expertise matter more than the product itself • When biostimulators and fillers are placed anatomically correctly, facelift surgery is not automatically compromised as long as it deep layers of the face are preserved or","2026-01-15T10:02","","social network","provider_hcp","provider","unknown","provider_social_post","provider_conversation","professional","noise_or_low_trust","none","no","no","theme_supported","collagen_biostimulation|provider_led_trust","0.66","0.56","100","very_high","high","medical_aesthetics_silver_v1","Domain rule: youtube.com | No meaningful commercial-intent signals detected | Publication type supports social or community conversation | Contains treatment or outcome discussion | Author metadata contains a professional healthcare credential or role | Publication format supports provider-authored commentary","","","","","","","","","","unreviewed_machine_prelabel",""
"""""""uzWXGmtyEZldoMWGzTyPwx8kyTQ""""""","https://smb.theinteriorjournal.com/article/SKINformed-Leads-the-Rise-of-Clean-Clinical-Skincare-Where-Medical-Grade-Science-Meets-Clean-Safe-Ingredients?storyId=6a0b1081d6b3ec3c381afac2","The Interior Journal","","","","""SKINformed Leads the Rise of """"Clean Clinical"""" Skincare -- Where Medical-Grade Science Meets Clean, Safe Ingredients""","""... as a trendsetting force in the rapidly growing """"clean clinical"""" beauty movement. Founded by aesthetic physician Dr. Adrienne O'Connell, ...""","2026-05-18T09:34","United States","online news","media","journalist","news_reporting","news_article","consumer_news","editorial","market_context","none","no","no","theme_supported","provider_led_trust","0.66","0.75","44","low","medium","medical_aesthetics_silver_v1","No meaningful commercial-intent signals detected | Contains treatment or outcome discussion | News or reporting publication structure | No validated research indicators | Publication classified as news article | Intent selected by precedence","","","","","","","","","","unreviewed_machine_prelabel",""
"""""""JrOtDqCamU-vUnet0QNWUa_tCg4""""""","https://pr.franklintownnews.com/article/CGBIO-Showcases-Comprehensive-Medical-Device-Portfolio-at-KIMES-2026-Achieves-KRW-53-Billion-in-Contract-Results?storyId=69d449d90f25261839c23876","Franklin Town News","","","","CGBIO Showcases Comprehensive Medical Device Portfolio at KIMES 2026 Achieves KRW 5.3 Billion in Contract Results","FACETEM (aesthetic), Curasys ME (wound care), NOVOSIS (bone substitute), and CG GEL (endoscopic hemostatic agent). FACETEM is a collagen ...","2026-04-06T20:03","United States","online news","media","journalist","news_reporting","news_article","consumer_news","editorial","market_context","none","no","no","theme_supported","collagen_biostimulation","0.69","0.78","44","low","medium","medical_aesthetics_silver_v1","No meaningful commercial-intent signals detected | Contains first-person language | Contains community-question or discussion language | Contains treatment or outcome discussion | News or reporting publication structure | No validated research indicators","","","","","","","","","","unreviewed_machine_prelabel",""
